AccountID,TransactionType,Location,DeviceID,IP Address,MerchantID,Channel,CustomerOccupation,CustomerAge,TransactionDuration,LoginAttempts,AccountBalance,TransactionAmount,TransactionAmount_log,Hour_sin,Hour_cos,DayOfWeek_sin,DayOfWeek_cos
253,1,26,182,275,63,0,1,0.6366998593883324,-1.3101291680739329,-0.2067936485059295,0.8481426350054854,18.23,2.9564715596006885,-0.9659258262890683,-0.25881904510252063,0.9749279121818236,-0.22252093395631434
185,1,14,295,590,10,1,0,0.41183745781601633,-1.0670978399123172,-0.2067936485059295,0.03155174305379073,333.97,5.814040975576219,-0.8660254037844385,-0.5000000000000004,0.9749279121818236,-0.22252093395631434
164,1,15,100,158,18,0,2,1.0302090621398854,-0.6096271045492758,-0.2067936485059295,0.7049179605338582,446.39,6.103430697442801,-0.9659258262890683,-0.25881904510252063,0.7818314824680298,0.6234898018587336
21,1,37,632,128,8,2,2,1.9858742688222286,-0.8526584327108915,-0.2067936485059295,0.1171968164761997,1.82,1.0367368849500223,-0.9659258262890683,-0.25881904510252063,0.43388373911755823,-0.900968867902419
299,1,30,31,281,70,2,3,-1.443277355155591,-0.995618037511842,-0.2067936485059295,1.243302742504459,1512.99,7.322503828955766,-0.9659258262890683,-0.25881904510252063,0.7818314824680298,0.6234898018587336
280,1,29,127,579,66,2,3,-1.105983752797117,0.0908749589753813,-0.2067936485059295,-1.1889245261288313,1036.21,6.944289694960107,-1.0,-1.8369701987210297e-16,-0.433883739117558,-0.9009688679024191
149,1,6,679,574,64,2,2,0.7491310601744904,1.3775114021839352,-0.2067936485059295,-0.16412198156090105,305.18,5.724173164303935,-0.9659258262890683,-0.25881904510252063,0.0,1.0
418,1,26,294,417,8,0,2,0.5242686586021743,-1.2100574447132675,-0.2067936485059295,0.46046169641867996,256.05,5.549270618501514,-0.8660254037844385,-0.5000000000000004,0.9749279121818236,-0.22252093395631434
64,1,32,36,375,5,2,1,-0.20653414650785276,-0.8383624722307964,-0.2067936485059295,-0.24145971618474077,331.65,5.807090886187896,-0.9659258262890683,-0.25881904510252063,-0.433883739117558,-0.9009688679024191
217,1,11,117,243,96,1,2,1.8172274676429916,0.019395156574906088,-0.2067936485059295,0.45243126891339636,291.27,5.677678032570093,-0.9659258262890683,-0.25881904510252063,0.0,1.0
323,1,31,286,585,71,0,3,-1.330846154369433,0.1623547613758565,-0.2067936485059295,-1.2291920433607844,11.81,2.550226115908643,-0.8660254037844385,-0.5000000000000004,0.0,1.0
396,1,7,453,71,77,0,1,0.35562185742293734,0.37679416857728215,-0.2067936485059295,0.7705895249313122,364.42,5.901047376983519,-0.9659258262890683,-0.25881904510252063,0.7818314824680298,0.6234898018587336
27,1,20,604,71,57,1,3,-1.387061754762512,-0.23793213206680466,-0.2067936485059295,-0.9576292404250898,107.48,4.686565824192085,-0.9659258262890683,-0.25881904510252063,0.7818314824680298,0.6234898018587336
25,1,0,434,285,70,1,3,-1.49949295554867,0.8056729829801335,-0.2067936485059295,-0.3091747833669045,90.88,4.520483377820898,-0.8660254037844385,-0.5000000000000004,0.0,1.0
437,1,19,530,123,10,0,3,-0.9935525520109589,0.37679416857728215,-0.2067936485059295,-0.9927303108425009,210.45,5.353988563918498,-0.8660254037844385,-0.5000000000000004,0.0,1.0
322,0,30,267,96,32,1,2,1.7610118672499127,0.6913052991393731,-0.2067936485059295,-0.6955378293171466,322.96,5.780620051380789,-0.8660254037844385,-0.5000000000000004,0.0,1.0
276,0,20,633,13,18,2,2,1.5923650660706756,-1.1385776423127922,-0.2067936485059295,-0.5364343433703535,388.1,5.963836379990508,-1.0,-1.8369701987210297e-16,0.0,1.0
487,1,20,579,442,22,1,1,-0.9935525520109589,-1.0813938003924122,-0.2067936485059295,-0.5938601048121906,17.07,2.8942531046041373,-0.9659258262890683,-0.25881904510252063,0.0,1.0
225,1,24,197,269,43,2,2,1.1988558633191224,-0.33800385542746997,-0.2067936485059295,-0.22769363531760556,289.01,5.669915405144624,-0.8660254037844385,-0.5000000000000004,0.0,1.0
33,1,42,413,498,58,0,2,1.5923650660706756,-0.42377961830804023,-0.2067936485059295,-0.26797140852338414,211.18,5.357434971031125,-0.8660254037844385,-0.5000000000000004,0.0,1.0
199,1,39,455,498,39,2,3,-1.330846154369433,0.40538608953747224,-0.2067936485059295,-1.1056485826600886,91.85,4.530985287798715,-0.8660254037844385,-0.5000000000000004,0.0,1.0
408,1,15,50,543,44,1,3,-1.330846154369433,-0.06638060630566417,1.4528410002061958,-1.2167489831171252,365.7,5.90454407507728,-0.8660254037844385,-0.5000000000000004,-0.433883739117558,-0.9009688679024191
77,1,22,232,103,35,2,1,-0.9935525520109589,1.020112390181559,-0.2067936485059295,0.5505911943962422,58.77,4.0905038628361625,-0.8660254037844385,-0.5000000000000004,0.43388373911755823,-0.900968867902419
238,1,6,74,283,28,1,1,-0.7124745500455638,0.14805880089576146,-0.2067936485059295,0.857624282807062,35.16,3.5879535355239756,-0.9659258262890683,-0.25881904510252063,0.9749279121818236,-0.22252093395631434
399,1,3,148,236,25,2,0,0.5242686586021743,1.9779417423479269,-0.2067936485059295,0.7281272293007247,63.98,4.174079530240954,-0.8660254037844385,-0.5000000000000004,0.0,1.0
386,1,5,198,377,13,1,0,-0.03788734532861574,-1.1099857213526023,-0.2067936485059295,0.1946678787597694,131.56,4.887035373118308,-0.8660254037844385,-0.5000000000000004,0.43388373911755823,-0.900968867902419
192,0,25,429,488,94,2,2,1.5361494656775965,-0.695402867429846,3.1124756489183207,-0.0362504999058888,361.38,5.892693385007961,-0.9659258262890683,-0.25881904510252063,0.43388373911755823,-0.900968867902419
54,1,31,618,542,67,0,2,1.0864246625329645,1.7206144537062162,-0.2067936485059295,0.6073349335786908,168.34,5.131908528214131,-1.0,-1.8369701987210297e-16,0.7818314824680298,0.6234898018587336
67,0,34,432,332,96,1,3,-1.218414953583275,0.5197537733782326,-0.2067936485059295,-1.2375993779041512,82.01,4.418961082466944,-0.9659258262890683,-0.25881904510252063,0.0,1.0
138,1,36,477,200,29,2,0,-0.6000433492594058,0.5340497338583277,-0.2067936485059295,-0.920623122869612,154.71,5.047995302853334,-0.8660254037844385,-0.5000000000000004,0.0,1.0
38,1,29,304,143,59,0,0,1.2550714637122016,-0.052084645825569126,-0.2067936485059295,1.1497272373215643,228.4,5.435467204695271,-0.8660254037844385,-0.5000000000000004,0.43388373911755823,-0.900968867902419
176,0,5,215,106,20,2,2,1.9296586684291497,0.13376284041566644,4.772110297630446,0.031897882170397865,66.9,4.21803603456465,-0.8660254037844385,-0.5000000000000004,0.0,1.0
318,1,29,611,280,10,0,0,-0.6000433492594058,0.3624982080971871,-0.2067936485059295,1.2345954207266996,43.73,3.8006444174447567,-0.8660254037844385,-0.5000000000000004,0.0,1.0
422,1,4,256,326,19,0,3,-1.105983752797117,-0.5667392231089906,-0.2067936485059295,-1.163089728062664,43.46,3.7945899085360506,-0.9659258262890683,-0.25881904510252063,-0.433883739117558,-0.9009688679024191
31,1,37,279,92,81,0,1,-0.15031854611477377,-1.2243534051933627,-0.2067936485059295,-0.1656808895823609,46.53,3.861361090625918,-0.9659258262890683,-0.25881904510252063,0.43388373911755823,-0.900968867902419
466,1,38,34,228,63,1,3,-1.387061754762512,-0.7525867093502262,-0.2067936485059295,-1.2164720718238398,421.52,6.046236782954962,-0.9659258262890683,-0.25881904510252063,0.7818314824680298,0.6234898018587336
429,1,18,135,428,34,1,1,-0.8811213512248008,-0.8383624722307964,-0.2067936485059295,0.9774140570876635,617.36,6.427070812128133,-0.9659258262890683,-0.25881904510252063,0.7818314824680298,0.6234898018587336
211,1,8,111,497,54,0,1,0.8615622609606484,-1.038505918952127,-0.2067936485059295,-1.205467411909192,423.11,6.049992855547051,-1.0,-1.8369701987210297e-16,0.7818314824680298,0.6234898018587336
302,1,14,195,312,94,2,2,1.3675026644983594,0.4625699314578524,-0.2067936485059295,-0.10365275988637808,468.32,6.151284838555423,-0.8660254037844385,-0.5000000000000004,0.43388373911755823,-0.900968867902419
177,1,2,333,133,29,2,0,0.9177778613537274,0.5483456943384226,-0.2067936485059295,2.1598663033126373,994.63,6.903375702622826,-0.8660254037844385,-0.5000000000000004,0.9749279121818236,-0.22252093395631434
241,0,28,429,13,34,1,0,0.9177778613537274,0.5912335757787078,-0.2067936485059295,1.9227251125284215,331.22,5.805797400062931,-0.8660254037844385,-0.5000000000000004,0.43388373911755823,-0.900968867902419
357,1,1,362,473,17,2,3,-1.162199353190196,-0.9241382351113667,-0.2067936485059295,-0.8034742618490492,644.08,6.469374340112315,-0.9659258262890683,-0.25881904510252063,0.0,1.0
79,0,27,65,488,7,1,3,-1.218414953583275,-0.38089173686775507,-0.2067936485059295,-1.0729551020981887,315.39,5.756975629831453,-0.8660254037844385,-0.5000000000000004,-0.433883739117558,-0.9009688679024191
422,1,40,218,132,64,0,1,-0.7686901504386429,-1.1099857213526023,-0.2067936485059295,0.07709083083199651,270.25,5.603040904854669,-0.8660254037844385,-0.5000000000000004,0.0,1.0
265,1,32,9,5,80,0,0,0.35562185742293734,0.7484891410597533,-0.2067936485059295,2.121514089192577,114.03,4.745192963907919,-0.8660254037844385,-0.5000000000000004,-0.433883739117558,-0.9009688679024191
8,1,33,509,268,90,0,2,1.5361494656775965,-0.03778868534547408,-0.2067936485059295,-0.6934507386436789,74.85,4.328757705794541,-0.9659258262890683,-0.25881904510252063,0.0,1.0
492,1,37,193,568,75,0,1,-0.8811213512248008,-0.9670261165516518,-0.2067936485059295,0.9174396861502158,1095.09,6.999504580924883,-0.9659258262890683,-0.25881904510252063,0.0,1.0
298,1,30,531,353,64,0,1,0.5804842589952534,0.005099196094811046,-0.2067936485059295,1.2081427002375522,736.53,6.603306765352751,-0.9659258262890683,-0.25881904510252063,0.9749279121818236,-0.22252093395631434
229,0,36,25,69,77,2,0,0.018328255064463266,2.249564991469733,-0.2067936485059295,1.7013294055596417,25.77,3.2872818575322613,-0.9659258262890683,-0.25881904510252063,0.0,1.0
238,0,0,513,579,53,1,2,0.8053466605675694,-0.19504425062651956,-0.2067936485059295,0.7266529330633243,18.68,2.9796028916241073,-0.8660254037844385,-0.5000000000000004,0.7818314824680298,0.6234898018587336
98,1,14,406,140,85,1,0,0.4680530582090954,-1.1814655237530776,-0.2067936485059295,0.842673636963094,224.22,5.417077702268879,-1.0,-1.8369701987210297e-16,0.0,1.0
123,1,29,40,404,34,0,3,-1.49949295554867,-1.4387928123947882,-0.2067936485059295,0.9631864573983857,178.91,5.192456725848528,-0.8660254037844385,-0.5000000000000004,0.9749279121818236,-0.22252093395631434
47,1,32,127,524,67,2,1,0.8615622609606484,0.6913052991393731,-0.2067936485059295,-0.33540700041880595,504.63,6.225805176515408,-0.9659258262890683,-0.25881904510252063,0.0,1.0
334,0,33,362,12,44,2,2,0.5242686586021743,0.24813052425642676,-0.2067936485059295,-0.8511953080586074,256.66,5.551640886363379,-0.9659258262890683,-0.25881904510252063,0.0,1.0
334,1,16,52,568,54,1,3,-1.162199353190196,-0.7096988279099411,-0.2067936485059295,-1.06491441861908,52.87,3.9865737366924425,-0.9659258262890683,-0.25881904510252063,-0.433883739117558,-0.9009688679024191
455,1,16,171,566,62,2,1,0.1869750562437003,0.8485608644204186,-0.2067936485059295,-0.06652869863190822,26.5,3.3141860046725258,-0.8660254037844385,-0.5000000000000004,0.9749279121818236,-0.22252093395631434
319,0,39,337,109,37,2,3,-1.0497681524040379,1.8778700189872617,-0.2067936485059295,-0.8897603336355452,43.88,3.803992261214441,-0.9659258262890683,-0.25881904510252063,0.0,1.0
82,1,13,374,439,3,0,2,1.8734430680360705,-0.16645232966632947,-0.2067936485059295,0.6274161303288122,3.44,1.4906543764441333,-0.9659258262890683,-0.25881904510252063,0.43388373911755823,-0.900968867902419
412,1,29,656,527,87,0,0,1.0302090621398854,0.8628568249005136,-0.2067936485059295,0.7259350148955468,361.27,5.8923897901667415,-0.9659258262890683,-0.25881904510252063,-0.433883739117558,-0.9009688679024191
129,1,11,139,517,37,1,3,-0.9373369516178799,-0.7096988279099411,-0.2067936485059295,-1.1014769653066097,235.4,5.465525285531943,-0.9659258262890683,-0.25881904510252063,0.7818314824680298,0.6234898018587336
257,1,6,305,218,70,1,2,0.8053466605675694,-0.43807557878813524,-0.2067936485059295,0.6477332144769177,508.73,6.233881173765777,-0.8660254037844385,-0.5000000000000004,-0.433883739117558,-0.9009688679024191
483,1,23,467,198,86,1,0,-0.4313965480801688,-0.5381473021488006,-0.2067936485059295,1.9005363131571815,167.44,5.126579603293727,-0.8660254037844385,-0.5000000000000004,0.0,1.0
459,1,35,345,21,62,0,1,0.2431906566367793,0.7627851015398482,-0.2067936485059295,0.7335269995197948,14.0,2.70805020110221,-0.8660254037844385,-0.5000000000000004,0.9749279121818236,-0.22252093395631434
137,1,36,100,591,16,0,0,-0.6562589496524849,-0.9527301560715568,-0.2067936485059295,1.227034204023928,119.61,4.792562199595151,-0.8660254037844385,-0.5000000000000004,0.7818314824680298,0.6234898018587336
179,1,26,82,437,91,0,1,0.018328255064463266,-1.5388645357554536,-0.2067936485059295,-0.1850108362497723,321.93,5.7774355814696055,-1.0,-1.8369701987210297e-16,0.0,1.0
262,0,21,511,5,43,2,2,0.5804842589952534,-1.1242816818326973,-0.2067936485059295,-0.8141481666078281,11.3,2.509599262378372,-0.8660254037844385,-0.5000000000000004,-0.433883739117558,-0.9009688679024191
216,0,19,205,451,77,1,0,0.35562185742293734,0.5626416548185177,-0.2067936485059295,1.3139228142726656,463.11,6.140121593095365,-0.8660254037844385,-0.5000000000000004,0.7818314824680298,0.6234898018587336
206,1,24,103,163,88,1,3,-1.49949295554867,0.13376284041566644,-0.2067936485059295,-1.117276292984629,1241.05,7.12451851933206,-0.8660254037844385,-0.5000000000000004,0.7818314824680298,0.6234898018587336
268,1,35,464,353,64,2,2,1.8734430680360705,-0.18074829014642452,4.772110297630446,0.4837991648583639,337.73,5.825203329860541,-0.9659258262890683,-0.25881904510252063,0.7818314824680298,0.6234898018587336
475,1,22,441,361,54,1,1,-0.4313965480801688,-0.9098422746312717,-0.2067936485059295,-0.9992890061038403,292.95,5.683409684848264,-0.8660254037844385,-0.5000000000000004,0.43388373911755823,-0.900968867902419
108,1,7,285,306,61,0,0,-0.09410294572169475,-1.0670978399123172,-0.2067936485059295,1.2136142622733999,19.39,3.015044584586364,-0.8660254037844385,-0.5000000000000004,-0.433883739117558,-0.9009688679024191
20,1,20,191,531,52,0,0,1.0864246625329645,1.7777982956265963,-0.2067936485059295,-1.2582036293193677,762.74,6.638227417110398,-0.9659258262890683,-0.25881904510252063,0.7818314824680298,0.6234898018587336
169,1,9,619,59,60,1,3,-0.9373369516178799,-0.06638060630566417,-0.2067936485059295,-1.1159840402826293,165.55,5.1152955646396885,-1.0,-1.8369701987210297e-16,0.0,1.0
283,0,25,650,237,27,2,3,-1.105983752797117,-0.8240665117507014,-0.2067936485059295,-0.7991898287834909,73.01,4.304200219209375,-1.0,-1.8369701987210297e-16,0.9749279121818236,-0.22252093395631434
168,1,37,168,467,83,0,2,0.6929154597814113,0.7341931805796582,-0.2067936485059295,0.3101886039355509,171.11,5.14813380728189,-0.8660254037844385,-0.5000000000000004,0.0,1.0
150,1,36,323,371,82,0,1,0.41183745781601633,0.10517091945547634,-0.2067936485059295,-0.3374761431380791,99.52,4.610356712675391,-0.9659258262890683,-0.25881904510252063,0.0,1.0
261,0,19,169,430,59,1,0,-0.09410294572169475,-0.2665240530269948,-0.2067936485059295,1.3368474797658774,444.89,6.100072284828913,-0.8660254037844385,-0.5000000000000004,0.0,1.0
104,1,6,60,70,45,2,3,-1.162199353190196,-1.4387928123947882,-0.2067936485059295,-0.8482056916885051,169.47,5.138559328162834,-0.8660254037844385,-0.5000000000000004,0.9749279121818236,-0.22252093395631434
4,1,29,215,434,79,1,3,-1.274630553976354,0.13376284041566644,-0.2067936485059295,-1.159712948680653,107.48,4.686565824192085,-1.0,-1.8369701987210297e-16,0.0,1.0
134,1,14,261,468,33,1,0,0.2994062570298583,-0.36659577638766006,-0.2067936485059295,0.8582088733151092,642.68,6.467201708201478,-0.8660254037844385,-0.5000000000000004,-0.433883739117558,-0.9009688679024191
296,1,36,638,181,9,1,0,0.35562185742293734,0.8485608644204186,-0.2067936485059295,1.6086102741911672,103.15,4.645832167706981,-0.9659258262890683,-0.25881904510252063,0.9749279121818236,-0.22252093395631434
324,1,5,286,103,99,0,2,1.0864246625329645,-0.15215636918623443,-0.2067936485059295,-0.7204162578240961,193.16,5.268682561418346,-0.8660254037844385,-0.5000000000000004,0.43388373911755823,-0.900968867902419
392,1,18,514,170,41,1,1,-0.4313965480801688,0.8056729829801335,-0.2067936485059295,-0.3147386491671807,193.82,5.27207605534281,-0.9659258262890683,-0.25881904510252063,0.43388373911755823,-0.900968867902419
51,1,23,667,524,4,2,3,-1.0497681524040379,-0.16645232966632947,-0.2067936485059295,-1.2334405805179538,38.15,3.667400422436812,-0.8660254037844385,-0.5000000000000004,0.43388373911755823,-0.900968867902419
105,1,35,421,492,81,2,1,0.5804842589952534,1.692022532746026,-0.2067936485059295,-0.7380719167645119,1830.0,7.5126175446745105,-0.8660254037844385,-0.5000000000000004,0.9749279121818236,-0.22252093395631434
415,1,0,98,225,45,0,3,-1.387061754762512,-0.22363617158670962,-0.2067936485059295,1.10578808146012,1021.16,6.929673314283067,-0.9659258262890683,-0.25881904510252063,0.0,1.0
397,1,11,254,127,66,1,1,0.7491310601744904,-1.0813938003924122,-0.2067936485059295,-0.6365967477426074,137.81,4.9331060915870175,-0.8660254037844385,-0.5000000000000004,0.43388373911755823,-0.900968867902419
389,1,7,239,305,93,0,1,0.07454385545754227,0.7913770225000384,-0.2067936485059295,-0.9635059134270405,451.15,6.1140139831864895,-0.8660254037844385,-0.5000000000000004,0.0,1.0
384,0,13,239,346,48,1,1,-0.7686901504386429,-1.5245685752753584,-0.2067936485059295,-0.14544072523794577,131.93,4.889822673879508,-0.9659258262890683,-0.25881904510252063,0.0,1.0
337,1,27,372,508,19,1,2,0.7491310601744904,-0.35229981590756504,-0.2067936485059295,0.5302125744051844,96.54,4.5802625502819065,-0.9659258262890683,-0.25881904510252063,0.0,1.0
116,1,10,614,326,40,2,3,-1.218414953583275,-1.4387928123947882,-0.2067936485059295,-0.8557053725483245,185.97,5.230948176177183,-0.8660254037844385,-0.5000000000000004,-0.433883739117558,-0.9009688679024191
2,1,35,279,363,87,0,2,1.8172274676429916,-0.4809634602284204,-0.2067936485059295,-0.3191999977812271,20.17,3.0525850851467737,-0.8660254037844385,-0.5000000000000004,0.0,1.0
247,1,30,283,88,8,1,2,0.4680530582090954,0.648417417699088,-0.2067936485059295,-0.5076278768882782,1026.46,6.93484501617223,-0.8660254037844385,-0.5000000000000004,0.9749279121818236,-0.22252093395631434
269,1,3,409,32,58,0,3,-1.443277355155591,0.6341214572189929,-0.2067936485059295,-1.113781569903626,792.57,6.676541752836779,-0.8660254037844385,-0.5000000000000004,0.0,1.0
226,1,33,371,315,32,0,2,0.4680530582090954,-0.8955463141511766,-0.2067936485059295,-0.31207209597257823,115.92,4.761489940243045,-1.0,-1.8369701987210297e-16,0.7818314824680298,0.6234898018587336
287,1,27,101,519,49,0,1,0.2994062570298583,0.7770810620199433,-0.2067936485059295,-0.2571487921441371,743.03,6.612081356600804,-0.8660254037844385,-0.5000000000000004,0.43388373911755823,-0.900968867902419
179,1,5,519,454,23,0,0,0.5804842589952534,-1.1814655237530776,-0.2067936485059295,-0.9230281487316668,40.9,3.735285826928092,-1.0,-1.8369701987210297e-16,0.43388373911755823,-0.900968867902419
298,1,15,366,524,8,1,3,-1.162199353190196,0.5912335757787078,-0.2067936485059295,1.0725689822396691,865.17,6.764081194147044,-0.9659258262890683,-0.25881904510252063,0.43388373911755823,-0.900968867902419
260,1,24,449,117,66,2,1,-0.4313965480801688,-0.2808200135070898,-0.2067936485059295,-0.31476941708865686,653.97,6.484589433059613,-0.9659258262890683,-0.25881904510252063,0.9749279121818236,-0.22252093395631434
435,1,19,606,272,18,0,0,0.8053466605675694,2.564076122031824,-0.2067936485059295,0.567723798671563,201.69,5.311677718249873,-0.8660254037844385,-0.5000000000000004,0.7818314824680298,0.6234898018587336
437,1,24,289,123,44,2,2,1.9296586684291497,-0.9813220770317469,-0.2067936485059295,-0.20624839404870687,100.27,4.617790217344194,-0.9659258262890683,-0.25881904510252063,0.0,1.0
282,1,32,611,172,69,2,1,0.6366998593883324,2.120901347148877,-0.2067936485059295,1.151086153853429,199.54,5.301013728095779,-0.9659258262890683,-0.25881904510252063,0.7818314824680298,0.6234898018587336
285,1,5,445,318,10,2,3,-1.105983752797117,0.34820224761709206,-0.2067936485059295,-0.8190248821618028,293.85,5.686466752446513,-0.8660254037844385,-0.5000000000000004,0.43388373911755823,-0.900968867902419
225,1,26,326,20,62,2,1,0.5804842589952534,-1.1814655237530776,-0.2067936485059295,1.1438274883785065,21.21,3.100542637906336,-0.8660254037844385,-0.5000000000000004,0.0,1.0
9,1,25,346,316,69,0,0,-0.2627497469009318,0.3624982080971871,-0.2067936485059295,0.8754542933025092,7.56,2.1471001901536506,-0.8660254037844385,-0.5000000000000004,0.0,1.0
26,1,28,393,434,28,1,0,1.0302090621398854,-0.02349272486537904,-0.2067936485059295,2.1725273030000865,262.06,5.572382143040633,-0.8660254037844385,-0.5000000000000004,0.0,1.0
483,1,41,57,510,90,0,0,0.1869750562437003,1.1916639159426996,-0.2067936485059295,1.0221377949467503,209.09,5.347536010335536,-1.0,-1.8369701987210297e-16,0.7818314824680298,0.6234898018587336
252,1,23,128,250,7,0,2,0.6929154597814113,0.2767224452166169,-0.2067936485059295,0.006893817984087222,166.68,5.122057401132677,-1.0,-1.8369701987210297e-16,0.0,1.0
423,1,24,68,151,50,1,3,-1.218414953583275,-1.009913997991937,-0.2067936485059295,-1.1082433440379131,141.91,4.962215061493703,-0.9659258262890683,-0.25881904510252063,0.43388373911755823,-0.900968867902419
266,1,30,127,529,9,1,3,-1.387061754762512,0.4911618524180425,-0.2067936485059295,-1.1947294073140045,206.84,5.3367685529222895,-1.0,-1.8369701987210297e-16,0.9749279121818236,-0.22252093395631434
33,1,27,444,133,57,2,2,0.35562185742293734,-1.1099857213526023,-0.2067936485059295,0.259526657231561,171.16,5.14842427697342,-0.8660254037844385,-0.5000000000000004,0.43388373911755823,-0.900968867902419
188,1,10,63,102,50,1,3,-0.9935525520109589,-1.1671695632729824,-0.2067936485059295,-1.1343473614169972,15.74,2.8178010650613294,-0.8660254037844385,-0.5000000000000004,0.0,1.0
453,1,14,510,151,87,1,0,0.8053466605675694,-1.2815372471137427,-0.2067936485059295,0.9639864233567667,46.12,3.8526975393433314,-0.9659258262890683,-0.25881904510252063,0.0,1.0
245,0,17,248,589,33,0,2,1.8734430680360705,-0.1092684877459493,-0.2067936485059295,0.06793224620591962,160.52,5.084628974004582,-0.8660254037844385,-0.5000000000000004,0.0,1.0
335,1,2,261,433,46,1,2,1.5361494656775965,-0.20934021110661458,-0.2067936485059295,0.5411967223721814,212.14,5.36194922679281,-0.9659258262890683,-0.25881904510252063,0.0,1.0
83,1,4,527,589,40,2,1,-1.0497681524040379,-0.8240665117507014,-0.2067936485059295,0.8287691004493158,407.65,6.0128590439621385,-0.8660254037844385,-0.5000000000000004,-0.433883739117558,-0.9009688679024191
57,1,26,199,365,25,0,1,-0.6000433492594058,0.4339780104976623,-0.2067936485059295,0.8642804098197424,65.11,4.191320021345486,-0.8660254037844385,-0.5000000000000004,0.43388373911755823,-0.900968867902419
357,1,30,468,554,65,2,3,-1.105983752797117,-0.15215636918623443,-0.2067936485059295,0.22148212232626197,45.77,3.845241971737795,-0.9659258262890683,-0.25881904510252063,0.43388373911755823,-0.900968867902419
490,1,24,666,468,45,2,1,-0.8249057508317219,-1.338721089034123,-0.2067936485059295,-0.13802565616218612,58.94,4.0933440618885175,-0.8660254037844385,-0.5000000000000004,0.0,1.0
233,0,33,398,422,24,0,1,0.1307594558506213,-0.8669543931909865,-0.2067936485059295,0.6794216096039287,885.33,6.787089341755503,-1.0,-1.8369701987210297e-16,0.7818314824680298,0.6234898018587336
129,0,15,99,279,38,2,1,0.2994062570298583,2.392524596270683,-0.2067936485059295,0.033749085445881545,88.29,4.491889499529125,-0.8660254037844385,-0.5000000000000004,-0.433883739117558,-0.9009688679024191
158,1,1,647,111,70,1,0,1.1426402629260435,1.1916639159426996,-0.2067936485059295,1.3945373325337187,757.1,6.630815303062258,-0.9659258262890683,-0.25881904510252063,0.0,1.0
23,1,20,364,241,69,2,3,-1.105983752797117,0.13376284041566644,-0.2067936485059295,-1.1295834615751017,69.28,4.252487263318897,-0.8660254037844385,-0.5000000000000004,0.0,1.0
141,1,30,453,9,28,0,1,-0.6000433492594058,0.319610326656902,-0.2067936485059295,-0.1735369655326128,281.47,5.643572350257175,-0.9659258262890683,-0.25881904510252063,-0.433883739117558,-0.9009688679024191
328,1,28,81,449,14,0,2,1.5361494656775965,-0.42377961830804023,-0.2067936485059295,-0.4601196421355967,124.35,4.831109824604303,-0.8660254037844385,-0.5000000000000004,-0.433883739117558,-0.9009688679024191
442,1,1,654,300,65,1,0,-0.8249057508317219,-0.12356444822604433,-0.2067936485059295,0.33294660985410024,211.69,5.359835706526454,-0.8660254037844385,-0.5000000000000004,-0.433883739117558,-0.9009688679024191
428,1,2,373,491,69,1,3,-1.443277355155591,-0.7382907488701311,-0.2067936485059295,-0.8418418599298482,1282.86,7.157626444037326,-0.8660254037844385,-0.5000000000000004,0.0,1.0
275,1,14,134,114,92,1,1,-0.15031854611477377,-0.6525149859895609,-0.2067936485059295,0.4546516872465943,144.93,4.983127054679654,-0.8660254037844385,-0.5000000000000004,0.7818314824680298,0.6234898018587336
33,0,28,233,53,22,2,2,0.8053466605675694,0.11946687993557138,-0.2067936485059295,0.6441333676642044,206.63,5.335757649521882,-0.8660254037844385,-0.5000000000000004,0.43388373911755823,-0.900968867902419
81,1,42,652,77,75,0,2,1.8734430680360705,0.7056012596194681,-0.2067936485059295,-0.4177445222825251,609.52,6.414311053046921,-0.8660254037844385,-0.5000000000000004,-0.433883739117558,-0.9009688679024191
375,1,39,194,275,62,1,2,1.0864246625329645,-0.18074829014642452,-0.2067936485059295,-0.043880944431981976,51.0,3.9512437185814275,-0.8660254037844385,-0.5000000000000004,0.0,1.0
385,0,26,318,416,93,2,1,0.8053466605675694,0.319610326656902,-0.2067936485059295,0.20042917205618455,583.3,6.370414549560391,-0.8660254037844385,-0.5000000000000004,-0.433883739117558,-0.9009688679024191
291,1,15,472,439,24,0,2,1.3675026644983594,0.019395156574906088,-0.2067936485059295,-0.8879040023731489,53.57,3.9994842811981406,-0.8660254037844385,-0.5000000000000004,0.9749279121818236,-0.22252093395631434
382,0,30,143,459,58,1,0,0.7491310601744904,1.1201841135422244,1.4528410002061958,0.8480605872148819,362.04,5.894513021031532,-0.8660254037844385,-0.5000000000000004,0.0,1.0
12,1,39,597,259,2,0,2,1.5361494656775965,-0.12356444822604433,-0.2067936485059295,-0.3777359683896632,33.46,3.5397992310997837,-0.8660254037844385,-0.5000000000000004,0.0,1.0
138,1,32,420,91,25,2,3,-1.0497681524040379,0.5483456943384226,-0.2067936485059295,-0.9025931208845694,241.45,5.490795503551361,-0.8660254037844385,-0.5000000000000004,0.0,1.0
161,0,17,209,449,64,2,3,-1.0497681524040379,-1.2815372471137427,-0.2067936485059295,-0.8860681830584034,388.77,5.965556821566797,-0.8660254037844385,-0.5000000000000004,0.0,1.0
53,1,27,438,321,18,1,0,0.07454385545754227,0.11946687993557138,-0.2067936485059295,0.4483801592523659,386.68,5.960180257068216,-0.8660254037844385,-0.5000000000000004,0.7818314824680298,0.6234898018587336
329,1,6,288,188,29,1,0,0.1307594558506213,0.7913770225000384,6.431744946342571,0.1460930227292472,1.93,1.0750024230289759,-1.0,-1.8369701987210297e-16,0.43388373911755823,-0.900968867902419
438,1,13,74,265,34,1,0,-0.8811213512248008,-0.6239230650293708,-0.2067936485059295,0.2934047027702937,684.5,6.530148499002369,-1.0,-1.8369701987210297e-16,0.0,1.0
392,1,2,15,98,6,1,2,0.6366998593883324,0.648417417699088,-0.2067936485059295,0.07902920988499584,466.85,6.148147731721922,-0.8660254037844385,-0.5000000000000004,0.0,1.0
8,0,17,209,477,40,2,3,-1.162199353190196,-0.38089173686775507,-0.2067936485059295,-1.277651519685771,243.08,5.497496040408414,-0.8660254037844385,-0.5000000000000004,0.7818314824680298,0.6234898018587336
320,1,12,581,588,7,0,3,-1.330846154369433,-0.6525149859895609,-0.2067936485059295,-1.2631264967555569,209.02,5.3472027642778475,-0.9659258262890683,-0.25881904510252063,-0.433883739117558,-0.9009688679024191
15,0,32,320,492,26,2,1,0.018328255064463266,0.8199689434602284,-0.2067936485059295,0.9588379244964189,26.27,3.305787196857497,-0.8660254037844385,-0.5000000000000004,-0.433883739117558,-0.9009688679024191
292,0,23,55,398,78,2,2,1.7047962668568335,-1.1814655237530776,-0.2067936485059295,-0.9549831991781382,374.61,5.928551371047852,-1.0,-1.8369701987210297e-16,0.7818314824680298,0.6234898018587336
461,1,9,565,108,86,2,0,-0.6562589496524849,0.6913052991393731,-0.2067936485059295,1.5467129081614581,896.79,6.79993618794764,-0.8660254037844385,-0.5000000000000004,0.0,1.0
223,0,20,206,350,45,2,1,-0.20653414650785276,0.24813052425642676,-0.2067936485059295,-0.2565718936164587,97.74,4.592490132830717,-0.8660254037844385,-0.5000000000000004,0.0,1.0
85,1,24,262,187,22,1,2,1.0302090621398854,0.13376284041566644,-0.2067936485059295,-0.1601247157624537,35.99,3.610647605844363,-0.8660254037844385,-0.5000000000000004,0.43388373911755823,-0.900968867902419
58,1,7,56,55,98,0,3,-1.218414953583275,-1.353017049514218,-0.2067936485059295,-0.9005188501783834,641.06,6.464681757266964,-0.8660254037844385,-0.5000000000000004,0.0,1.0
6,1,9,544,242,27,1,2,1.9296586684291497,0.4625699314578524,-0.2067936485059295,-0.23367799604472297,637.75,6.459513141517914,-0.8660254037844385,-0.5000000000000004,0.0,1.0
188,1,20,457,552,62,1,2,0.6929154597814113,-0.46666749974832533,-0.2067936485059295,-0.9753233592673508,106.41,4.676653287609955,-0.8660254037844385,-0.5000000000000004,0.0,1.0
258,1,7,228,201,4,2,3,-1.162199353190196,0.39109012905737717,-0.2067936485059295,-1.0308312536038393,1096.7,7.000972360693271,-0.8660254037844385,-0.5000000000000004,0.0,1.0
344,1,16,156,579,70,1,0,-0.09410294572169475,0.24813052425642676,-0.2067936485059295,2.2562160494153014,1.14,0.76080582903376,-0.8660254037844385,-0.5000000000000004,0.0,1.0
368,1,31,620,485,97,1,0,-0.09410294572169475,-0.6382190255094659,-0.2067936485059295,2.2230072061686754,146.15,4.991452474679482,-0.9659258262890683,-0.25881904510252063,-0.433883739117558,-0.9009688679024191
54,1,18,89,40,70,2,0,1.2550714637122016,-0.32370789494737495,-0.2067936485059295,-0.9875536080541331,142.55,4.966683406567073,-0.8660254037844385,-0.5000000000000004,0.7818314824680298,0.6234898018587336
371,1,18,647,530,84,2,1,-0.9373369516178799,0.977224508741274,-0.2067936485059295,1.1568320631891058,103.76,4.651672019639511,-0.8660254037844385,-0.5000000000000004,0.9749279121818236,-0.22252093395631434
238,0,26,96,126,2,1,1,-0.15031854611477377,0.9486325877810838,-0.2067936485059295,-0.6484936773800644,201.33,5.3099000277911035,-0.9659258262890683,-0.25881904510252063,0.9749279121818236,-0.22252093395631434
16,1,6,602,525,17,1,3,-1.387061754762512,0.4339780104976623,-0.2067936485059295,-1.188993753952153,261.63,5.570746197537003,-1.0,-1.8369701987210297e-16,0.0,1.0
25,0,0,365,528,70,2,0,1.1426402629260435,1.2202558369028897,-0.2067936485059295,0.6009300779247322,147.46,5.000315561689401,-0.8660254037844385,-0.5000000000000004,0.43388373911755823,-0.900968867902419
140,0,3,242,17,7,1,3,-1.105983752797117,-0.2665240530269948,-0.2067936485059295,-1.027398066365789,504.12,6.224796024809682,-0.9659258262890683,-0.25881904510252063,-0.433883739117558,-0.9009688679024191
112,1,1,426,98,90,2,0,0.2431906566367793,1.5061750465047905,-0.2067936485059295,1.9711025410628051,77.57,4.36398994718773,-0.9659258262890683,-0.25881904510252063,0.9749279121818236,-0.22252093395631434
396,1,28,534,344,98,0,0,-0.09410294572169475,0.5626416548185177,-0.2067936485059295,2.1497154532189535,523.74,6.262902901825497,-0.8660254037844385,-0.5000000000000004,0.43388373911755823,-0.900968867902419
1,1,25,261,196,58,2,2,0.6366998593883324,-1.4673847333549783,-0.2067936485059295,0.0580557434120651,395.16,5.981818170056177,-0.8660254037844385,-0.5000000000000004,0.0,1.0
100,1,7,581,352,87,0,1,0.4680530582090954,-0.4809634602284204,-0.2067936485059295,-0.11348567479147466,316.37,5.760068285666793,-0.9659258262890683,-0.25881904510252063,0.0,1.0
263,1,13,621,132,32,2,2,0.35562185742293734,0.41968205001756725,-0.2067936485059295,-0.9506526142303656,31.81,3.4907333469730104,-0.9659258262890683,-0.25881904510252063,0.43388373911755823,-0.900968867902419
349,1,40,513,411,64,1,3,-1.387061754762512,-1.2100574447132675,-0.2067936485059295,-0.9296150479210262,148.0,5.003946305945459,-0.8660254037844385,-0.5000000000000004,0.0,1.0
276,1,23,12,136,61,0,0,0.6929154597814113,-0.18074829014642452,-0.2067936485059295,2.02078504226647,406.65,6.01040896310892,-1.0,-1.8369701987210297e-16,0.9749279121818236,-0.22252093395631434
4,0,30,610,451,65,1,3,-0.9935525520109589,0.14805880089576146,-0.2067936485059295,-0.9218794796632228,417.8,6.037393478996382,-0.8660254037844385,-0.5000000000000004,0.0,1.0
449,0,0,562,15,26,1,3,-1.0497681524040379,-0.15215636918623443,-0.2067936485059295,-0.943032425678098,422.14,6.047703093555171,-0.9659258262890683,-0.25881904510252063,-0.433883739117558,-0.9009688679024191
436,1,14,60,206,98,0,2,1.7047962668568335,0.07657899849528625,-0.2067936485059295,-0.5091047371191347,86.41,4.470609692592396,-0.9659258262890683,-0.25881904510252063,0.0,1.0
13,1,1,242,223,72,0,0,1.0864246625329645,-0.38089173686775507,-0.2067936485059295,-1.0457101076310298,643.22,6.4680402826740995,-0.9659258262890683,-0.25881904510252063,0.9749279121818236,-0.22252093395631434
338,1,9,580,385,91,0,1,-0.8811213512248008,0.34820224761709206,-0.2067936485059295,0.31763700492624336,92.36,4.5364629879783,-0.8660254037844385,-0.5000000000000004,0.0,1.0
91,0,22,514,260,58,1,3,-1.387061754762512,0.7913770225000384,-0.2067936485059295,-1.2235948456455756,327.35,5.794080112636982,-1.0,-1.8369701987210297e-16,0.0,1.0
134,1,7,595,55,80,1,2,0.9177778613537274,-0.7239947883900362,-0.2067936485059295,0.7153380299404585,886.19,6.788059164556945,-0.9659258262890683,-0.25881904510252063,0.0,1.0
108,1,37,309,548,71,0,2,0.6366998593883324,-1.367313009994313,-0.2067936485059295,0.4392805464757849,34.74,3.576270509731282,-0.8660254037844385,-0.5000000000000004,0.0,1.0
93,0,6,542,452,70,2,2,1.1988558633191224,-0.33800385542746997,-0.2067936485059295,-0.22079136493311538,830.01,6.722641828477388,-0.8660254037844385,-0.5000000000000004,-0.433883739117558,-0.9009688679024191
373,1,41,478,332,57,0,1,0.1307594558506213,-1.2243534051933627,-0.2067936485059295,-0.09316089866300002,521.81,6.259218109340661,-0.9659258262890683,-0.25881904510252063,0.43388373911755823,-0.900968867902419
176,1,35,511,94,3,1,0,-0.4313965480801688,0.7913770225000384,-0.2067936485059295,0.6485254884549293,115.02,4.753762590037918,-0.8660254037844385,-0.5000000000000004,0.0,1.0
446,1,14,662,569,0,2,3,-1.49949295554867,0.37679416857728215,-0.2067936485059295,-0.19303357177468675,42.56,3.77413929806476,-0.8660254037844385,-0.5000000000000004,0.0,1.0
372,1,26,473,171,10,1,1,0.7491310601744904,-0.18074829014642452,-0.2067936485059295,-0.9463963850928272,277.7,5.630135934487902,-0.8660254037844385,-0.5000000000000004,0.43388373911755823,-0.900968867902419
229,0,30,49,489,81,1,2,0.6929154597814113,0.39109012905737717,-0.2067936485059295,-0.8715226481805383,54.5,4.0163830207523885,-0.8660254037844385,-0.5000000000000004,0.9749279121818236,-0.22252093395631434
261,0,29,28,560,69,2,3,-1.330846154369433,0.11946687993557138,-0.2067936485059295,-0.9931867016777308,1063.25,6.970025604708262,-0.8660254037844385,-0.5000000000000004,0.7818314824680298,0.6234898018587336
19,1,11,232,413,16,1,3,-0.9373369516178799,-1.0242099584720321,-0.2067936485059295,-1.2810539390023457,603.23,6.403954920152899,-0.9659258262890683,-0.25881904510252063,0.43388373911755823,-0.900968867902419
460,1,24,40,574,5,2,0,-0.8249057508317219,-1.2243534051933627,-0.2067936485059295,0.5697852494104672,737.34,6.604404423115734,-0.9659258262890683,-0.25881904510252063,0.0,1.0
342,1,13,108,397,79,0,3,-1.0497681524040379,0.005099196094811046,-0.2067936485059295,-1.1070485230872549,411.47,6.022163475857252,-0.8660254037844385,-0.5000000000000004,0.0,1.0
352,1,27,451,25,77,0,0,1.3112870641052805,-0.08067656678575921,-0.2067936485059295,0.9617454930759181,100.99,4.624874769262426,-0.8660254037844385,-0.5000000000000004,0.0,1.0
425,1,15,269,126,69,1,1,-0.3751809476870898,0.6341214572189929,-0.2067936485059295,0.19114238775729023,5.76,1.9110228900548727,-0.9659258262890683,-0.25881904510252063,0.0,1.0
317,1,32,292,388,61,0,1,0.8053466605675694,-0.15215636918623443,-0.2067936485059295,-0.4881620385676803,399.21,5.991989409343697,-0.8660254037844385,-0.5000000000000004,0.0,1.0
369,1,4,629,138,99,2,1,0.6366998593883324,2.4783003591512536,-0.2067936485059295,-0.48745181238027174,68.28,4.2381562642541795,-1.0,-1.8369701987210297e-16,0.43388373911755823,-0.900968867902419
174,1,23,33,159,87,1,2,0.35562185742293734,-0.36659577638766006,-0.2067936485059295,-0.0713797742513196,213.28,5.367283571012759,-1.0,-1.8369701987210297e-16,0.0,1.0
433,1,40,68,448,43,2,1,-0.3751809476870898,-1.367313009994313,-0.2067936485059295,0.03337987038816723,145.4,4.986342601527212,-0.9659258262890683,-0.25881904510252063,0.43388373911755823,-0.900968867902419
395,0,6,544,199,24,2,3,-1.105983752797117,2.1780851890692574,-0.2067936485059295,-0.9523345939377302,347.63,5.854011187902892,-0.8660254037844385,-0.5000000000000004,0.9749279121818236,-0.22252093395631434
177,1,4,157,567,41,0,0,-0.15031854611477377,2.5783720825119185,-0.2067936485059295,1.3713434477275903,216.03,5.380035592832894,-1.0,-1.8369701987210297e-16,-0.433883739117558,-0.9009688679024191
151,1,36,613,192,56,0,1,0.35562185742293734,-0.9241382351113667,-0.2067936485059295,-1.1965575346483808,1116.48,7.0188314292358465,-0.9659258262890683,-0.25881904510252063,0.0,1.0
248,1,10,293,484,46,0,2,1.6485806664637546,-1.5388645357554536,-0.2067936485059295,0.6375849283766903,331.98,5.808082428116706,-0.8660254037844385,-0.5000000000000004,0.0,1.0
256,1,7,13,194,54,1,2,0.6366998593883324,0.2910184056967119,-0.2067936485059295,-0.8972087346262375,79.21,4.384648195378833,-0.9659258262890683,-0.25881904510252063,-0.433883739117558,-0.9009688679024191
426,1,17,435,48,39,2,3,-1.443277355155591,2.5354842010716334,-0.2067936485059295,-0.9954250679651231,233.71,5.458350709533451,-0.9659258262890683,-0.25881904510252063,0.0,1.0
70,0,35,413,287,19,2,1,-1.0497681524040379,0.37679416857728215,-0.2067936485059295,0.8732390029562243,501.3,6.219197550755999,-1.0,-1.8369701987210297e-16,0.0,1.0
148,1,28,7,416,21,2,3,-1.105983752797117,0.9057447063407987,4.772110297630446,-0.9151977127159786,32.54,3.5127387563950627,-0.8660254037844385,-0.5000000000000004,0.7818314824680298,0.6234898018587336
451,0,38,557,197,6,1,0,-0.7686901504386429,-1.1242816818326973,-0.2067936485059295,2.276107510649653,78.5,4.375757021660286,-0.8660254037844385,-0.5000000000000004,0.7818314824680298,0.6234898018587336
202,1,41,460,445,25,1,3,-1.49949295554867,0.7056012596194681,-0.2067936485059295,-1.019549682395906,338.69,5.828033436994058,-1.0,-1.8369701987210297e-16,0.0,1.0
238,0,0,531,43,38,1,1,-0.5438277488663268,2.4783003591512536,-0.2067936485059295,-0.5964112783012575,332.93,5.810931390173244,-0.8660254037844385,-0.5000000000000004,0.0,1.0
423,1,27,450,104,67,0,3,-1.387061754762512,0.41968205001756725,-0.2067936485059295,0.9041299961183108,469.46,6.153710939470885,-1.0,-1.8369701987210297e-16,0.9749279121818236,-0.22252093395631434
426,1,29,510,94,27,0,0,0.35562185742293734,-1.1814655237530776,-0.2067936485059295,1.9039900123428832,64.21,4.177612831405111,-0.8660254037844385,-0.5000000000000004,0.0,1.0
93,1,36,93,474,86,1,2,0.6366998593883324,0.37679416857728215,-0.2067936485059295,-0.44392802345875604,28.63,3.388787361585474,-0.9659258262890683,-0.25881904510252063,0.0,1.0
220,1,33,159,104,79,0,3,-1.49949295554867,0.2624264847365218,-0.2067936485059295,-1.0435384051735026,471.84,6.158757064882177,-0.9659258262890683,-0.25881904510252063,-0.433883739117558,-0.9009688679024191
448,0,36,151,487,32,0,0,0.6366998593883324,-0.8240665117507014,-0.2067936485059295,0.9038223169035493,110.4,4.713127327493184,-0.8660254037844385,-0.5000000000000004,0.43388373911755823,-0.900968867902419
448,1,13,158,268,82,2,3,-1.274630553976354,0.319610326656902,3.1124756489183207,-0.9517038515474685,345.84,5.8488635785089595,-1.0,-1.8369701987210297e-16,0.7818314824680298,0.6234898018587336
271,1,5,658,37,56,1,3,-1.218414953583275,0.03369111705500113,-0.2067936485059295,-1.154423430180206,35.76,3.6044102974874863,-0.9659258262890683,-0.25881904510252063,0.7818314824680298,0.6234898018587336
138,1,30,673,473,35,1,1,-1.0497681524040379,2.435412477710968,-0.2067936485059295,0.08042658631870572,126.81,4.850544786143623,-0.8660254037844385,-0.5000000000000004,0.0,1.0
212,1,4,484,135,67,0,3,-1.162199353190196,-1.052801879432222,-0.2067936485059295,-1.1309885299891806,101.34,4.628300603376946,-0.9659258262890683,-0.25881904510252063,-0.433883739117558,-0.9009688679024191
304,1,10,423,207,98,2,0,-0.4313965480801688,-1.4816806938350733,-0.2067936485059295,0.12963731272640247,153.55,5.040517668578126,-0.9659258262890683,-0.25881904510252063,0.9749279121818236,-0.22252093395631434
51,0,22,46,398,13,1,0,-0.31896534729401077,0.0908749589753813,-0.2067936485059295,0.43071680833158105,117.66,4.776262260830497,-1.0,-1.8369701987210297e-16,0.43388373911755823,-0.900968867902419
347,1,42,226,117,85,0,3,-1.443277355155591,2.249564991469733,-0.2067936485059295,-1.1107099057429204,325.98,5.789899006947267,-0.8660254037844385,-0.5000000000000004,0.43388373911755823,-0.900968867902419
316,1,7,405,43,68,0,0,1.4237182648914386,-0.06638060630566417,-0.2067936485059295,1.0061948836351753,337.99,5.8259706084202865,-0.8660254037844385,-0.5000000000000004,0.43388373911755823,-0.900968867902419
160,1,12,508,343,36,0,0,-0.5438277488663268,-0.35229981590756504,-0.2067936485059295,-1.072183340067828,55.99,4.0428758138469085,-0.8660254037844385,-0.5000000000000004,0.0,1.0
30,0,18,24,185,95,1,2,0.5242686586021743,-1.0670978399123172,-0.2067936485059295,-0.3075415195352104,467.13,6.14874603512232,-0.9659258262890683,-0.25881904510252063,0.43388373911755823,-0.900968867902419
272,1,42,542,182,72,0,3,-1.274630553976354,-0.2808200135070898,-0.2067936485059295,-0.15744021461365676,336.84,5.822572410625688,-0.9659258262890683,-0.25881904510252063,0.7818314824680298,0.6234898018587336
281,1,10,96,550,90,2,3,-0.9935525520109589,0.47686589193794743,-0.2067936485059295,-1.2487630054130925,1221.65,7.108775913208576,-0.8660254037844385,-0.5000000000000004,0.9749279121818236,-0.22252093395631434
477,1,7,224,221,65,1,1,0.5242686586021743,0.019395156574906088,-0.2067936485059295,0.8284152693523399,29.58,3.420346200500916,-0.9659258262890683,-0.25881904510252063,0.0,1.0
39,1,5,36,554,24,1,3,-0.9935525520109589,0.7341931805796582,-0.2067936485059295,-1.2781540624032153,124.59,4.833022633030035,-0.9659258262890683,-0.25881904510252063,-0.433883739117558,-0.9009688679024191
72,1,14,513,55,18,2,1,0.1869750562437003,-0.5238513416687055,-0.2067936485059295,0.8169490906155497,278.23,5.632035814972629,-0.9659258262890683,-0.25881904510252063,0.43388373911755823,-0.900968867902419
22,1,40,231,234,26,0,1,-0.2627497469009318,-0.12356444822604433,-0.2067936485059295,0.6415437342732925,422.9,6.049497578358592,-0.8660254037844385,-0.5000000000000004,0.0,1.0
455,0,42,528,326,20,1,0,-0.15031854611477377,0.8342649039403235,-0.2067936485059295,0.30608108641848053,47.1,3.8732821771117156,-0.9659258262890683,-0.25881904510252063,0.0,1.0
230,1,8,428,281,62,1,0,-0.8249057508317219,-0.9241382351113667,-0.2067936485059295,1.8642147818545487,241.11,5.489392168336741,-0.8660254037844385,-0.5000000000000004,-0.433883739117558,-0.9009688679024191
157,0,27,638,348,60,1,0,-0.4313965480801688,-0.33800385542746997,-0.2067936485059295,1.7408277247546902,151.19,5.025129740246708,-0.8660254037844385,-0.5000000000000004,-0.433883739117558,-0.9009688679024191
427,0,14,228,28,51,0,3,-1.330846154369433,1.0772962321019393,-0.2067936485059295,-1.2352892197999812,350.15,5.861213482605029,-0.8660254037844385,-0.5000000000000004,0.0,1.0
398,1,23,127,357,48,0,2,0.9177778613537274,-0.5381473021488006,-0.2067936485059295,0.2551806883230503,154.24,5.044972306500705,-0.8660254037844385,-0.5000000000000004,0.0,1.0
388,0,4,97,288,83,0,2,1.8734430680360705,-0.7096988279099411,-0.2067936485059295,-0.02861492739288304,339.35,5.829974499893961,-0.8660254037844385,-0.5000000000000004,-0.433883739117558,-0.9009688679024191
470,1,12,136,85,15,2,3,-1.105983752797117,-0.20934021110661458,-0.2067936485059295,-0.932240577220327,70.68,4.272211768666675,-0.9659258262890683,-0.25881904510252063,0.9749279121818236,-0.22252093395631434
446,0,24,277,148,65,1,1,0.8053466605675694,-0.23793213206680466,-0.2067936485059295,-0.20921237048424562,406.33,6.009623667723892,-0.8660254037844385,-0.5000000000000004,0.0,1.0
293,1,23,678,167,59,1,0,-0.7124745500455638,-0.6525149859895609,-0.2067936485059295,0.5484169279452588,414.64,6.029819500984446,-0.8660254037844385,-0.5000000000000004,0.0,1.0
217,0,27,454,451,66,2,0,1.0302090621398854,0.37679416857728215,-0.2067936485059295,1.9500777947207475,33.65,3.5452977256359124,-0.9659258262890683,-0.25881904510252063,0.0,1.0
123,1,9,654,170,1,0,1,-0.9935525520109589,-0.08067656678575921,-0.2067936485059295,-0.09607615922286823,19.48,3.019448800171307,-0.8660254037844385,-0.5000000000000004,0.0,1.0
312,1,11,662,243,18,2,0,-0.03788734532861574,0.333906287136997,4.772110297630446,2.1364493510758065,668.67,6.506785053735233,-0.9659258262890683,-0.25881904510252063,0.7818314824680298,0.6234898018587336
163,1,37,667,132,8,2,0,0.8615622609606484,-0.15215636918623443,-0.2067936485059295,1.7660420364044214,103.08,4.64515983420425,-0.8660254037844385,-0.5000000000000004,0.7818314824680298,0.6234898018587336
59,1,27,434,250,92,1,1,-0.7124745500455638,-1.2672412866336478,-0.2067936485059295,0.3784395457500915,362.09,5.894650737418622,-0.8660254037844385,-0.5000000000000004,0.0,1.0
357,1,19,637,472,58,2,0,1.3112870641052805,0.39109012905737717,-0.2067936485059295,2.0112854465106986,305.27,5.7244670658490335,-0.8660254037844385,-0.5000000000000004,0.9749279121818236,-0.22252093395631434
365,0,10,43,388,66,1,1,0.4680530582090954,-0.8669543931909865,-0.2067936485059295,-0.552764417693837,131.69,4.888015580548345,-0.8660254037844385,-0.5000000000000004,0.0,1.0
404,1,0,115,201,57,2,1,0.5242686586021743,-1.1528736027928874,3.1124756489183207,-0.6419298541318122,192.23,5.263881189226909,-0.8660254037844385,-0.5000000000000004,0.43388373911755823,-0.900968867902419
457,1,21,344,475,29,1,3,-1.105983752797117,0.17665072185595154,-0.2067936485059295,-1.074926813066121,39.41,3.6990772790903823,-0.8660254037844385,-0.5000000000000004,0.0,1.0
260,1,22,53,277,24,0,3,-1.0497681524040379,0.04798707753509617,-0.2067936485059295,-1.2626675419268705,781.76,6.662826135596005,-0.8660254037844385,-0.5000000000000004,0.0,1.0
314,1,13,5,574,19,1,0,0.6366998593883324,-1.3244251285540278,-0.2067936485059295,2.152679429654493,109.3,4.703203926259457,-0.8660254037844385,-0.5000000000000004,0.9749279121818236,-0.22252093395631434
57,1,2,257,342,49,2,0,-0.6000433492594058,-0.19504425062651956,-0.2067936485059295,0.11887623219010778,344.97,5.846352066096299,-0.9659258262890683,-0.25881904510252063,0.0,1.0
125,1,37,612,456,63,2,1,0.07454385545754227,0.8199689434602284,-0.2067936485059295,-0.7853647760668598,539.81,6.2930680156820555,-0.8660254037844385,-0.5000000000000004,0.7818314824680298,0.6234898018587336
134,0,40,559,299,25,1,0,0.7491310601744904,-1.038505918952127,-0.2067936485059295,1.7412943715637454,739.28,6.6070284930095475,-0.8660254037844385,-0.5000000000000004,0.0,1.0
75,1,21,523,342,25,2,1,-0.9935525520109589,-1.4673847333549783,-0.2067936485059295,0.07955995653046014,444.52,6.099242139281413,-0.8660254037844385,-0.5000000000000004,0.7818314824680298,0.6234898018587336
440,1,21,331,72,79,2,3,-1.443277355155591,0.40538608953747224,-0.2067936485059295,-0.9181616891515175,485.54,6.187319118184521,-0.8660254037844385,-0.5000000000000004,-0.433883739117558,-0.9009688679024191
166,0,18,308,400,66,1,1,0.2431906566367793,0.37679416857728215,-0.2067936485059295,-0.6776052590834452,77.83,4.367293635071817,-0.8660254037844385,-0.5000000000000004,0.9749279121818236,-0.22252093395631434
259,1,13,268,529,69,0,0,-0.7124745500455638,-0.03778868534547408,-0.2067936485059295,1.2771064322329575,98.71,4.602265972840701,-0.9659258262890683,-0.25881904510252063,0.0,1.0
181,0,15,213,150,20,2,1,-0.6000433492594058,2.020829623788212,-0.2067936485059295,-0.3390401791464518,55.12,4.02749225523426,-0.8660254037844385,-0.5000000000000004,0.0,1.0
422,1,25,285,134,63,0,1,0.6929154597814113,-0.18074829014642452,-0.2067936485059295,-0.5113123354850508,926.53,6.832525138971978,-0.9659258262890683,-0.25881904510252063,-0.433883739117558,-0.9009688679024191
187,0,14,659,440,34,0,3,-0.9373369516178799,-1.0242099584720321,-0.2067936485059295,-0.8028896713410018,350.72,5.862835404510801,-0.8660254037844385,-0.5000000000000004,0.9749279121818236,-0.22252093395631434
186,0,10,467,258,83,2,1,-0.3751809476870898,0.40538608953747224,-0.2067936485059295,0.8277819629686219,13.71,2.688527534613346,-0.9659258262890683,-0.25881904510252063,0.7818314824680298,0.6234898018587336
120,1,6,127,223,57,2,1,-0.9373369516178799,-0.09497252726585426,-0.2067936485059295,-0.6520012204283492,248.66,5.520099992222905,-0.9659258262890683,-0.25881904510252063,-0.433883739117558,-0.9009688679024191
3,0,31,507,210,47,2,2,1.0302090621398854,-0.38089173686775507,-0.2067936485059295,-0.6522704397412658,99.25,4.6076670661866785,-0.8660254037844385,-0.5000000000000004,0.0,1.0
199,1,11,480,294,3,1,1,-0.15031854611477377,0.7484891410597533,-0.2067936485059295,-1.1388010180506747,384.1,5.953503040820864,-1.0,-1.8369701987210297e-16,0.9749279121818236,-0.22252093395631434
205,1,0,555,44,25,2,3,-1.443277355155591,0.7770810620199433,-0.2067936485059295,-1.024339222172365,38.14,3.66714496196793,-0.8660254037844385,-0.5000000000000004,0.43388373911755823,-0.900968867902419
30,1,0,498,144,72,2,3,-0.9935525520109589,-0.4809634602284204,-0.2067936485059295,-0.848072364028775,43.91,3.8046604870996465,-1.0,-1.8369701987210297e-16,0.43388373911755823,-0.900968867902419
156,1,17,643,193,15,1,0,1.0302090621398854,-0.9813220770317469,-0.2067936485059295,-0.8032050425361327,191.62,5.260719336132718,-0.9659258262890683,-0.25881904510252063,-0.433883739117558,-0.9009688679024191
315,1,34,593,547,3,1,2,1.9296586684291497,-1.2815372471137427,-0.2067936485059295,0.48204026534730887,512.81,6.241853547312387,-0.8660254037844385,-0.5000000000000004,0.9749279121818236,-0.22252093395631434
48,0,41,277,71,0,2,3,-1.105983752797117,0.3624982080971871,-0.2067936485059295,-0.8960395536101426,38.81,3.684118137012226,-1.0,-1.8369701987210297e-16,-0.433883739117558,-0.9009688679024191
200,0,35,383,228,29,1,2,0.41183745781601633,-0.16645232966632947,-0.2067936485059295,-0.18572106243718073,200.19,5.304249735201145,-1.0,-1.8369701987210297e-16,0.7818314824680298,0.6234898018587336
46,1,7,328,418,29,0,0,-0.15031854611477377,0.019395156574906088,-0.2067936485059295,1.5198320007651005,1283.97,7.158490650753289,-0.9659258262890683,-0.25881904510252063,0.9749279121818236,-0.22252093395631434
297,1,28,148,285,87,1,2,1.9858742688222286,2.1066053866687824,-0.2067936485059295,-0.5601794867695967,193.54,5.270637797441294,-0.8660254037844385,-0.5000000000000004,0.7818314824680298,0.6234898018587336
6,1,19,315,88,81,0,0,0.7491310601744904,-1.5531604962355485,-0.2067936485059295,1.4873231277320582,466.64,6.147698769138618,-0.8660254037844385,-0.5000000000000004,0.0,1.0
327,1,29,457,381,12,0,0,1.3112870641052805,1.5347669674649806,-0.2067936485059295,1.7199850219480335,166.13,5.1187719527008335,-0.9659258262890683,-0.25881904510252063,0.9749279121818236,-0.22252093395631434
122,1,8,611,351,66,0,2,1.5361494656775965,-1.2529453261535526,-0.2067936485059295,0.7271939356826138,292.08,5.6804456092917635,-1.0,-1.8369701987210297e-16,-0.433883739117558,-0.9009688679024191
133,0,11,670,370,34,1,1,0.35562185742293734,-0.4809634602284204,-0.2067936485059295,1.0206840106570008,106.23,4.674976060232054,-0.8660254037844385,-0.5000000000000004,0.7818314824680298,0.6234898018587336
50,1,6,226,349,55,2,2,1.2550714637122016,-0.666810946469656,-0.2067936485059295,0.38830322857666416,11.46,2.522523513359307,-0.8660254037844385,-0.5000000000000004,0.0,1.0
198,1,15,173,368,64,0,1,-0.15031854611477377,0.2767224452166169,-0.2067936485059295,0.7001181647835738,12.23,2.5824869781268642,-0.8660254037844385,-0.5000000000000004,0.43388373911755823,-0.900968867902419
302,1,26,165,216,92,2,3,-1.330846154369433,-0.5238513416687055,-0.2067936485059295,-0.09652485807772922,361.46,5.892914123378705,-0.9659258262890683,-0.25881904510252063,-0.433883739117558,-0.9009688679024191
194,1,30,674,539,24,0,2,1.2550714637122016,1.8206861770668814,-0.2067936485059295,0.06272733948953213,438.04,6.0845905250974655,-1.0,-1.8369701987210297e-16,0.43388373911755823,-0.900968867902419
231,1,7,77,584,46,2,1,0.07454385545754227,-0.9813220770317469,-0.2067936485059295,1.1034856153363193,306.9,5.729775054930455,-0.8660254037844385,-0.5000000000000004,0.43388373911755823,-0.900968867902419
427,0,11,436,454,67,2,2,1.7047962668568335,0.6055295362588028,-0.2067936485059295,-0.7849571011073003,307.68,5.732305141589403,-0.9659258262890683,-0.25881904510252063,0.9749279121818236,-0.22252093395631434
353,0,11,419,509,27,2,0,0.07454385545754227,0.648417417699088,-0.2067936485059295,1.553943369708361,63.34,4.16418152181088,-0.8660254037844385,-0.5000000000000004,-0.433883739117558,-0.9009688679024191
65,1,35,353,275,91,2,2,0.9739934617468065,-0.2522280925468997,-0.2067936485059295,0.7132611952408163,888.57,6.790738199906102,-0.8660254037844385,-0.5000000000000004,0.7818314824680298,0.6234898018587336
374,0,38,657,359,65,0,3,-1.0497681524040379,-0.052084645825569126,-0.2067936485059295,-1.1980933667287335,732.53,6.597868496542164,-0.8660254037844385,-0.5000000000000004,0.0,1.0
45,1,6,534,99,99,1,2,1.8734430680360705,-1.3244251285540278,-0.2067936485059295,0.005145174446857623,750.95,6.622669832377622,-1.0,-1.8369701987210297e-16,-0.433883739117558,-0.9009688679024191
10,1,18,316,408,94,2,3,-1.105983752797117,2.335340754350303,-0.2067936485059295,-1.086972454324046,31.53,3.48216274048526,-0.9659258262890683,-0.25881904510252063,0.9749279121818236,-0.22252093395631434
207,1,29,97,564,91,0,2,1.8734430680360705,-0.38089173686775507,-0.2067936485059295,-0.2154556945504543,315.94,5.758712481514662,-1.0,-1.8369701987210297e-16,-0.433883739117558,-0.9009688679024191
362,1,18,556,209,28,0,1,-1.0497681524040379,-0.08067656678575921,-0.2067936485059295,0.9204651984287073,490.82,6.198112795892994,-1.0,-1.8369701987210297e-16,0.43388373911755823,-0.900968867902419
463,1,36,653,434,41,2,0,0.1307594558506213,-0.18074829014642452,-0.2067936485059295,1.8027353467582248,2.5,1.252762968495368,-0.8660254037844385,-0.5000000000000004,-0.433883739117558,-0.9009688679024191
66,1,22,179,176,96,1,1,-0.7686901504386429,0.21953860329623667,-0.2067936485059295,1.2469179732779103,958.9,6.866829112369492,-0.8660254037844385,-0.5000000000000004,0.7818314824680298,0.6234898018587336
322,1,38,215,94,97,2,2,0.6929154597814113,0.11946687993557138,-0.2067936485059295,-0.471606332820038,348.64,5.856904053712287,-0.9659258262890683,-0.25881904510252063,-0.433883739117558,-0.9009688679024191
271,0,28,4,518,70,2,1,0.2994062570298583,-0.33800385542746997,-0.2067936485059295,0.4157353945661367,261.45,5.5700605876983085,-0.9659258262890683,-0.25881904510252063,-0.433883739117558,-0.9009688679024191
358,1,22,241,420,73,0,2,0.35562185742293734,0.9915204692213689,-0.2067936485059295,-0.4191470267031478,284.17,5.6530854936665405,-0.8660254037844385,-0.5000000000000004,0.9749279121818236,-0.22252093395631434
149,0,29,307,328,90,1,0,0.9739934617468065,0.39109012905737717,-0.2067936485059295,1.2927108964082945,382.07,5.9482177401047,-0.9659258262890683,-0.25881904510252063,0.0,1.0
182,1,1,66,150,24,1,2,1.7610118672499127,1.33462352074365,-0.2067936485059295,-0.7305645439243235,73.19,4.306629370201435,-0.8660254037844385,-0.5000000000000004,0.9749279121818236,-0.22252093395631434
491,1,7,410,121,10,0,2,1.0302090621398854,0.21953860329623667,-0.2067936485059295,-1.0276390817506855,8.37,2.2375130962503307,-0.8660254037844385,-0.5000000000000004,0.43388373911755823,-0.900968867902419
138,1,24,188,246,28,2,3,-1.0497681524040379,1.3918073626640302,-0.2067936485059295,-0.8527926759819126,163.22,5.101206992280643,-1.0,-1.8369701987210297e-16,0.43388373911755823,-0.900968867902419
204,1,39,599,262,81,2,3,-0.9935525520109589,-0.39518769734785014,-0.2067936485059295,-0.9891817438989144,436.8,6.081762185088762,-0.8660254037844385,-0.5000000000000004,0.0,1.0
63,0,41,167,580,49,0,1,0.1869750562437003,-0.7239947883900362,-0.2067936485059295,0.5981276330769434,202.49,5.315616863626098,-0.8660254037844385,-0.5000000000000004,0.43388373911755823,-0.900968867902419
296,1,36,144,150,4,1,0,1.4237182648914386,0.7198972200995631,-0.2067936485059295,1.254825329097289,415.88,6.032798410600959,-0.9659258262890683,-0.25881904510252063,0.43388373911755823,-0.900968867902419
55,0,40,363,588,78,1,3,-0.9935525520109589,-0.5095553811886104,-0.2067936485059295,-1.0046323684668705,198.62,5.29641555925844,-0.8660254037844385,-0.5000000000000004,0.0,1.0
72,1,29,610,380,58,0,3,-1.49949295554867,-0.4523715392682303,-0.2067936485059295,-0.8088842880419446,17.45,2.915064370486536,-0.8660254037844385,-0.5000000000000004,0.9749279121818236,-0.22252093395631434
293,0,41,361,399,25,1,1,-0.7686901504386429,-1.038505918952127,-0.2067936485059295,0.9016762543805854,127.8,4.858260813670253,-0.8660254037844385,-0.5000000000000004,0.43388373911755823,-0.900968867902419
162,1,13,407,159,6,2,3,-1.105983752797117,-0.7668826698303213,-0.2067936485059295,0.5282818873325539,421.25,6.04559755568791,-0.8660254037844385,-0.5000000000000004,0.43388373911755823,-0.900968867902419
351,1,18,135,448,69,1,0,0.6929154597814113,-0.681106906949751,-0.2067936485059295,1.227941857707475,862.34,6.760808588003381,-0.8660254037844385,-0.5000000000000004,0.43388373911755823,-0.900968867902419
454,1,31,618,205,35,2,1,-0.8249057508317219,-1.0956897608725071,-0.2067936485059295,0.47914295274163504,11.04,2.488234439880675,-1.0,-1.8369701987210297e-16,0.0,1.0
156,1,14,94,357,53,1,1,0.5242686586021743,0.7484891410597533,-0.2067936485059295,0.7364627720273138,245.93,5.509104895652662,-1.0,-1.8369701987210297e-16,0.7818314824680298,0.6234898018587336
368,1,42,17,532,53,0,0,0.1869750562437003,-0.06638060630566417,-0.2067936485059295,1.3954552421910913,568.07,6.344003449406741,-0.9659258262890683,-0.25881904510252063,0.0,1.0
283,1,3,215,493,96,0,2,0.35562185742293734,0.5054578128981375,-0.2067936485059295,0.6076708167214724,568.76,6.345215219529468,-0.8660254037844385,-0.5000000000000004,0.0,1.0
285,1,31,332,35,42,2,2,1.5361494656775965,-0.5381473021488006,-0.2067936485059295,-0.7149754637097245,651.55,6.480887764613537,-0.9659258262890683,-0.25881904510252063,-0.433883739117558,-0.9009688679024191
293,1,39,492,456,46,0,0,-0.31896534729401077,-0.4952594207085154,-0.2067936485059295,-1.0879544638178276,66.91,4.2181832991257,-1.0,-1.8369701987210297e-16,0.0,1.0
336,1,39,353,582,85,0,0,-0.8811213512248008,1.4489912045844102,4.772110297630446,1.7210080553371165,332.06,5.808322653930125,-0.8660254037844385,-0.5000000000000004,0.9749279121818236,-0.22252093395631434
153,1,1,260,52,25,2,1,0.5804842589952534,0.8342649039403235,-0.2067936485059295,1.1120955053627375,320.93,5.774334130607146,-0.8660254037844385,-0.5000000000000004,0.43388373911755823,-0.900968867902419
52,1,33,412,12,45,2,3,-0.9935525520109589,-0.46666749974832533,-0.2067936485059295,-0.5016589001218987,52.44,3.97855952922839,-1.0,-1.8369701987210297e-16,0.9749279121818236,-0.22252093395631434
275,1,2,400,284,4,2,0,-0.03788734532861574,-0.16645232966632947,-0.2067936485059295,1.7320819430750853,628.36,6.444703430020987,-0.8660254037844385,-0.5000000000000004,-0.433883739117558,-0.9009688679024191
225,0,40,473,570,73,1,0,0.7491310601744904,-0.46666749974832533,6.431744946342571,2.202628586177618,441.26,6.0918979444292525,-0.8660254037844385,-0.5000000000000004,0.0,1.0
117,0,13,680,494,40,1,1,0.35562185742293734,2.378228635790588,-0.2067936485059295,0.7253965762697137,211.36,5.3582829477154705,-0.8660254037844385,-0.5000000000000004,0.7818314824680298,0.6234898018587336
325,1,2,418,185,44,2,2,1.5361494656775965,2.4640043986711584,-0.2067936485059295,0.5656956798475912,259.49,5.562564472740664,-0.8660254037844385,-0.5000000000000004,-0.433883739117558,-0.9009688679024191
312,0,6,60,160,47,0,1,-0.03788734532861574,-0.2808200135070898,-0.2067936485059295,-1.1774429634313028,552.02,6.315394167233628,-0.8660254037844385,-0.5000000000000004,0.43388373911755823,-0.900968867902419
13,1,14,477,146,21,0,1,0.1307594558506213,1.1058881530621294,-0.2067936485059295,0.6889494092877196,10.3,2.424802725718295,-0.8660254037844385,-0.5000000000000004,0.43388373911755823,-0.900968867902419
287,1,2,156,286,19,1,2,1.1426402629260435,0.8628568249005136,-0.2067936485059295,0.6289135025073197,1152.58,7.0506254293484965,-0.9659258262890683,-0.25881904510252063,0.9749279121818236,-0.22252093395631434
492,1,11,645,581,43,2,1,0.8615622609606484,-0.08067656678575921,-0.2067936485059295,-0.30424678794380267,659.95,6.493678194025409,-0.8660254037844385,-0.5000000000000004,0.9749279121818236,-0.22252093395631434
90,1,10,440,335,46,0,2,1.9858742688222286,-0.6239230650293708,-0.2067936485059295,-0.19244385327972655,632.69,6.451559875867261,-0.8660254037844385,-0.5000000000000004,0.7818314824680298,0.6234898018587336
195,1,22,413,578,53,2,2,1.3112870641052805,-1.4530887728748834,-0.2067936485059295,-0.20069991220916866,25.77,3.2872818575322613,-0.8660254037844385,-0.5000000000000004,0.0,1.0
121,1,31,340,530,94,2,2,1.2550714637122016,-0.666810946469656,-0.2067936485059295,-0.14817907024932603,77.54,4.363608049149864,-0.9659258262890683,-0.25881904510252063,0.9749279121818236,-0.22252093395631434
450,1,3,643,95,0,2,0,-0.5438277488663268,0.8628568249005136,-0.2067936485059295,0.03254400852139756,178.87,5.1922343677398795,-0.8660254037844385,-0.5000000000000004,0.7818314824680298,0.6234898018587336
194,1,13,547,406,4,1,1,-0.4313965480801688,0.319610326656902,-0.2067936485059295,0.6205959077349251,260.63,5.566931291907004,-1.0,-1.8369701987210297e-16,0.9749279121818236,-0.22252093395631434
51,1,9,395,501,65,2,1,-0.5438277488663268,0.21953860329623667,-0.2067936485059295,0.3231957427396068,143.21,4.971270570573979,-0.9659258262890683,-0.25881904510252063,-0.433883739117558,-0.9009688679024191
77,1,10,490,102,18,1,3,-1.49949295554867,1.4203992836242203,-0.2067936485059295,0.22093855571351612,76.39,4.348857573282368,-0.9659258262890683,-0.25881904510252063,-0.433883739117558,-0.9009688679024191
217,1,13,266,492,57,0,1,0.2994062570298583,-0.995618037511842,-0.2067936485059295,0.7338910865905963,118.1,4.779963476361254,-0.8660254037844385,-0.5000000000000004,0.0,1.0
321,0,30,531,77,0,1,1,0.6366998593883324,-0.22363617158670962,-0.2067936485059295,0.8573960873894472,601.4,6.400921676485684,-0.9659258262890683,-0.25881904510252063,0.7818314824680298,0.6234898018587336
322,1,8,522,330,16,1,2,1.9858742688222286,2.335340754350303,6.431744946342571,0.6623761811061241,6.3,1.9878743481543455,-1.0,-1.8369701987210297e-16,0.43388373911755823,-0.900968867902419
109,1,15,677,436,77,2,2,1.1988558633191224,-1.2386493656734576,-0.2067936485059295,0.40600503939929417,366.93,5.907892702684004,-1.0,-1.8369701987210297e-16,0.0,1.0
229,1,35,457,443,73,2,1,0.07454385545754227,-0.8240665117507014,-0.2067936485059295,-0.3924532908291036,703.89,6.558041762269782,-0.8660254037844385,-0.5000000000000004,-0.433883739117558,-0.9009688679024191
120,1,41,162,301,28,1,3,-1.274630553976354,-1.2815372471137427,-0.2067936485059295,-0.8412623974087134,303.43,5.718441175664861,-0.9659258262890683,-0.25881904510252063,0.7818314824680298,0.6234898018587336
67,1,28,654,524,78,0,3,-1.443277355155591,-1.0242099584720321,-0.2067936485059295,-1.0052631108571324,279.3,5.635860458170742,-0.9659258262890683,-0.25881904510252063,0.43388373911755823,-0.900968867902419
428,1,40,190,301,73,1,0,-0.2627497469009318,-0.9670261165516518,-0.2067936485059295,0.9987054587491816,120.9,4.803201036487226,-0.8660254037844385,-0.5000000000000004,0.9749279121818236,-0.22252093395631434
65,1,8,615,313,64,2,0,1.3112870641052805,-1.2672412866336478,-0.2067936485059295,0.44532900703931105,172.5,5.156177599386914,-0.8660254037844385,-0.5000000000000004,0.7818314824680298,0.6234898018587336
122,1,39,206,301,6,2,1,-0.31896534729401077,-0.7382907488701311,-0.2067936485059295,0.05952491166255291,55.86,4.040592106222854,-0.9659258262890683,-0.25881904510252063,0.0,1.0
180,1,13,220,38,52,0,1,0.35562185742293734,-0.7668826698303213,1.4528410002061958,0.09768739026684396,375.17,5.930041168870556,-0.9659258262890683,-0.25881904510252063,0.43388373911755823,-0.900968867902419
402,1,27,488,65,64,1,0,0.07454385545754227,-0.3094119344672799,-0.2067936485059295,0.5489989544598498,122.45,4.8158362157911885,-0.8660254037844385,-0.5000000000000004,0.0,1.0
74,1,37,588,377,48,0,1,-0.8811213512248008,-1.1814655237530776,-0.2067936485059295,-0.9549370472959239,515.94,6.247926813615017,-0.8660254037844385,-0.5000000000000004,-0.433883739117558,-0.9009688679024191
306,1,33,448,300,84,2,1,0.4680530582090954,-1.1671695632729824,-0.2067936485059295,-0.10549370718803638,757.15,6.6308812552469485,-0.8660254037844385,-0.5000000000000004,0.7818314824680298,0.6234898018587336
418,1,12,598,563,80,2,3,-0.9373369516178799,1.2202558369028897,-0.2067936485059295,-1.2307227474542246,44.52,3.8181517898180757,-1.0,-1.8369701987210297e-16,0.7818314824680298,0.6234898018587336
39,1,3,648,223,33,2,3,-1.162199353190196,0.39109012905737717,-0.2067936485059295,-1.049022787176632,348.44,5.856331873116486,-0.9659258262890683,-0.25881904510252063,0.0,1.0
19,1,10,565,317,91,0,2,1.3112870641052805,-0.8097705512706064,-0.2067936485059295,-0.8631127496437153,288.04,5.666565086839385,-0.8660254037844385,-0.5000000000000004,0.43388373911755823,-0.900968867902419
44,1,11,57,355,59,2,3,-1.387061754762512,0.8485608644204186,-0.2067936485059295,-1.1745918027078432,98.87,4.603869340255043,-0.9659258262890683,-0.25881904510252063,0.7818314824680298,0.6234898018587336
299,1,35,587,346,77,2,3,-1.387061754762512,0.5769376152986128,-0.2067936485059295,-1.158448899906673,267.9,5.5943395632748185,-0.8660254037844385,-0.5000000000000004,0.0,1.0
88,1,12,595,555,24,1,3,-1.218414953583275,0.14805880089576146,-0.2067936485059295,-0.26609712930679336,320.11,5.77178374355666,-0.8660254037844385,-0.5000000000000004,0.43388373911755823,-0.900968867902419
397,1,17,117,179,15,2,0,-0.7686901504386429,0.24813052425642676,-0.2067936485059295,0.5344636755558102,770.65,6.64853107934684,-0.9659258262890683,-0.25881904510252063,0.9749279121818236,-0.22252093395631434
229,1,31,431,292,41,1,0,0.6929154597814113,-0.8955463141511766,-0.2067936485059295,1.5318955899772204,94.3,4.557029810660157,-0.9659258262890683,-0.25881904510252063,0.0,1.0
163,1,1,509,199,49,0,0,0.1869750562437003,0.1623547613758565,-0.2067936485059295,1.1015446722898634,135.27,4.914638211761729,-0.8660254037844385,-0.5000000000000004,0.43388373911755823,-0.900968867902419
159,1,40,653,586,49,2,1,-0.8249057508317219,-1.2243534051933627,-0.2067936485059295,0.661986454100759,1182.86,7.076535565209424,-0.8660254037844385,-0.5000000000000004,0.0,1.0
403,1,19,7,293,57,0,2,0.8615622609606484,-1.3816089704744081,-0.2067936485059295,-0.24708511782796927,308.23,5.734085336586247,-0.8660254037844385,-0.5000000000000004,0.0,1.0
11,0,8,121,225,10,1,2,1.2550714637122016,-0.9098422746312717,-0.2067936485059295,-0.9862613553521334,94.82,4.562471431454976,-0.8660254037844385,-0.5000000000000004,0.7818314824680298,0.6234898018587336
405,1,19,436,455,88,2,2,0.35562185742293734,0.4339780104976623,-0.2067936485059295,-0.4734318961609581,704.69,6.55917604757905,-0.9659258262890683,-0.25881904510252063,0.7818314824680298,0.6234898018587336
233,1,11,21,390,37,2,2,0.9739934617468065,-1.2529453261535526,-0.2067936485059295,0.400169390292645,113.64,4.741796783519916,-0.9659258262890683,-0.25881904510252063,0.7818314824680298,0.6234898018587336
297,1,40,12,199,3,0,0,1.2550714637122016,-0.8526584327108915,-0.2067936485059295,0.4059999114123816,119.89,4.794881041213901,-0.9659258262890683,-0.25881904510252063,0.7818314824680298,0.6234898018587336
69,1,23,579,567,57,1,1,-0.6000433492594058,-1.395904930954503,6.431744946342571,-1.2295022865690026,119.3,4.789988622980633,-0.8660254037844385,-0.5000000000000004,0.0,1.0
492,1,7,518,562,23,0,1,-0.6000433492594058,0.6055295362588028,-0.2067936485059295,-0.5498722330750758,139.88,4.94790846418795,-0.8660254037844385,-0.5000000000000004,0.0,1.0
444,1,21,468,412,80,2,0,0.5242686586021743,0.5912335757787078,-0.2067936485059295,2.0836080099339203,10.65,2.4553061800117097,-0.8660254037844385,-0.5000000000000004,0.0,1.0
13,1,6,257,96,14,1,0,0.8615622609606484,0.19094668233604659,-0.2067936485059295,2.4092556908378304,121.91,4.811452380226889,-1.0,-1.8369701987210297e-16,0.0,1.0
65,1,28,568,148,46,2,1,-0.4876121484732478,1.33462352074365,-0.2067936485059295,-0.7862416618289311,20.28,3.0577676644734435,-0.9659258262890683,-0.25881904510252063,0.9749279121818236,-0.22252093395631434
393,1,7,364,134,90,1,3,-1.0497681524040379,0.7056012596194681,-0.2067936485059295,-1.0445845145036927,175.07,5.170881643238353,-0.9659258262890683,-0.25881904510252063,0.0,1.0
339,1,1,300,471,83,0,0,-0.03788734532861574,1.7349104141863112,-0.2067936485059295,0.4802608538886029,716.62,6.575940181036251,-0.8660254037844385,-0.5000000000000004,0.0,1.0
188,1,11,28,135,59,2,0,0.5804842589952534,-0.7382907488701311,-0.2067936485059295,-0.9105773965076386,46.6,3.8628327612373745,-0.9659258262890683,-0.25881904510252063,0.9749279121818236,-0.22252093395631434
422,1,18,87,290,63,1,3,-1.218414953583275,-0.9813220770317469,-0.2067936485059295,-1.0727756225562444,112.07,4.728007095947154,-0.8660254037844385,-0.5000000000000004,0.0,1.0
21,1,30,462,351,16,1,3,-1.105983752797117,0.5769376152986128,-0.2067936485059295,-0.9028751601647678,514.33,6.244807472153034,-0.8660254037844385,-0.5000000000000004,-0.433883739117558,-0.9009688679024191
4,1,16,386,306,97,1,2,1.0864246625329645,-1.4387928123947882,-0.2067936485059295,0.5103698290465034,162.59,5.09736329760608,-0.8660254037844385,-0.5000000000000004,0.9749279121818236,-0.22252093395631434
365,1,15,572,112,60,0,1,0.07454385545754227,0.333906287136997,-0.2067936485059295,0.32234706090555554,485.54,6.187319118184521,-0.9659258262890683,-0.25881904510252063,0.0,1.0
30,1,32,375,143,69,1,3,-1.330846154369433,-0.03778868534547408,-0.2067936485059295,0.27292865102789465,248.76,5.520500456767122,-1.0,-1.8369701987210297e-16,0.0,1.0
127,1,15,631,133,74,0,0,0.9739934617468065,-0.20934021110661458,-0.2067936485059295,1.2378798963442819,218.37,5.390759801937596,-0.8660254037844385,-0.5000000000000004,0.0,1.0
209,1,20,477,459,22,0,0,-0.20653414650785276,-0.4523715392682303,-0.2067936485059295,1.5368799932563617,411.52,6.0222846894478685,-0.9659258262890683,-0.25881904510252063,0.7818314824680298,0.6234898018587336
16,0,0,616,532,66,1,2,0.9177778613537274,0.03369111705500113,-0.2067936485059295,0.543968399298494,60.11,4.1126755189068245,-0.9659258262890683,-0.25881904510252063,0.0,1.0
427,0,23,72,131,77,2,3,-1.443277355155591,0.7913770225000384,-0.2067936485059295,-0.8482262036361559,537.71,6.289177392721916,-0.8660254037844385,-0.5000000000000004,0.7818314824680298,0.6234898018587336
463,1,17,110,427,6,0,1,-0.9373369516178799,-0.4952594207085154,6.431744946342571,-0.5940883002298056,253.55,5.539497280348345,-0.8660254037844385,-0.5000000000000004,0.9749279121818236,-0.22252093395631434
381,1,2,522,357,88,2,2,1.4237182648914386,0.6198254967388979,-0.2067936485059295,-0.40757828822810344,39.69,3.7059823620135983,-0.9659258262890683,-0.25881904510252063,0.0,1.0
253,0,40,441,4,84,1,2,0.6366998593883324,-0.9527301560715568,-0.2067936485059295,-1.04278202710388,60.65,4.121473229610353,-1.0,-1.8369701987210297e-16,-0.433883739117558,-0.9009688679024191
223,1,33,634,155,87,0,1,0.018328255064463266,0.9343366273009888,-0.2067936485059295,0.7341936378184453,56.84,4.057680577850509,-0.9659258262890683,-0.25881904510252063,0.0,1.0
171,1,33,402,268,98,1,1,-0.2627497469009318,0.21953860329623667,-0.2067936485059295,0.257039583578903,345.81,5.848777079554101,-0.8660254037844385,-0.5000000000000004,0.0,1.0
430,1,24,322,386,81,0,2,0.4680530582090954,-1.353017049514218,-0.2067936485059295,0.6525868540897855,357.72,5.882542139883795,-0.9659258262890683,-0.25881904510252063,0.0,1.0
71,1,42,147,459,36,2,0,0.7491310601744904,-1.5245685752753584,-0.2067936485059295,-0.9244691130541347,186.6,5.234312036572124,-0.8660254037844385,-0.5000000000000004,0.7818314824680298,0.6234898018587336
323,1,3,458,380,38,1,1,-0.31896534729401077,-0.12356444822604433,-0.2067936485059295,-0.7388052188930274,493.42,6.203385358399711,-0.9659258262890683,-0.25881904510252063,0.9749279121818236,-0.22252093395631434
113,0,32,181,351,13,0,3,-1.105983752797117,0.5340497338583277,-0.2067936485059295,-0.9781386240824215,85.01,4.454463568563388,-1.0,-1.8369701987210297e-16,0.0,1.0
367,0,22,93,35,3,1,0,0.9739934617468065,-0.2522280925468997,-0.2067936485059295,2.24491909424663,218.57,5.391671088281245,-0.8660254037844385,-0.5000000000000004,0.0,1.0
294,1,28,293,572,2,0,2,0.8053466605675694,-0.8669543931909865,-0.2067936485059295,-1.0197445458985885,178.26,5.188837265929216,-0.8660254037844385,-0.5000000000000004,0.0,1.0
263,1,25,403,551,77,1,1,-0.20653414650785276,0.44827397097775734,-0.2067936485059295,0.8877435139387876,162.1,5.094363509626968,-0.9659258262890683,-0.25881904510252063,0.9749279121818236,-0.22252093395631434
55,0,5,305,462,31,1,1,-0.7124745500455638,1.4632871650645054,-0.2067936485059295,-0.6479706227149693,598.66,6.396362827933244,-0.8660254037844385,-0.5000000000000004,0.7818314824680298,0.6234898018587336
342,1,29,536,282,68,0,3,-0.9935525520109589,-0.5238513416687055,-0.2067936485059295,-1.0548148483945232,137.84,4.933322190993586,-0.8660254037844385,-0.5000000000000004,0.0,1.0
240,1,9,532,506,89,1,3,-0.9373369516178799,0.47686589193794743,-0.2067936485059295,-1.0680578745965632,21.13,3.0969341540629585,-0.8660254037844385,-0.5000000000000004,0.7818314824680298,0.6234898018587336
1,1,20,150,59,39,1,2,1.4799338652845175,-1.1671695632729824,-0.2067936485059295,0.1632204990176552,59.32,4.099663723699701,-0.8660254037844385,-0.5000000000000004,0.7818314824680298,0.6234898018587336
65,1,10,366,78,13,0,3,-1.443277355155591,-1.1385776423127922,-0.2067936485059295,-0.8143994379665501,209.99,5.3518107389880365,-0.9659258262890683,-0.25881904510252063,0.43388373911755823,-0.900968867902419
415,0,16,157,482,18,1,2,0.5804842589952534,0.3624982080971871,-0.2067936485059295,-0.6289483552623197,232.79,5.454423276523579,-0.9659258262890683,-0.25881904510252063,0.9749279121818236,-0.22252093395631434
198,1,3,452,139,42,0,0,0.2431906566367793,2.078013465708592,-0.2067936485059295,1.9946707689135605,190.17,5.253163084540927,-0.9659258262890683,-0.25881904510252063,-0.433883739117558,-0.9009688679024191
20,1,31,104,208,97,1,1,0.7491310601744904,0.34820224761709206,-0.2067936485059295,0.8504579210965678,180.24,5.199822119798937,-0.9659258262890683,-0.25881904510252063,0.0,1.0
19,1,29,487,576,41,1,0,0.35562185742293734,0.7770810620199433,-0.2067936485059295,1.0580131913879784,91.77,4.5301233116651805,-0.9659258262890683,-0.25881904510252063,0.9749279121818236,-0.22252093395631434
405,0,20,249,31,76,1,3,-0.9935525520109589,0.5197537733782326,6.431744946342571,-1.1200633538716798,170.19,5.142774050786687,-0.9659258262890683,-0.25881904510252063,-0.433883739117558,-0.9009688679024191
181,1,6,463,496,1,2,1,-0.5438277488663268,0.8056729829801335,-0.2067936485059295,0.0917209774939209,59.44,4.101651137404539,-0.9659258262890683,-0.25881904510252063,0.7818314824680298,0.6234898018587336
227,1,38,530,310,10,1,3,-1.274630553976354,-1.009913997991937,-0.2067936485059295,-0.9887791969262677,74.11,4.31895370569792,-0.8660254037844385,-0.5000000000000004,0.7818314824680298,0.6234898018587336
424,1,21,216,305,23,1,1,0.6929154597814113,-0.7668826698303213,-0.2067936485059295,0.8978456481568006,25.38,3.2726061472891685,-0.8660254037844385,-0.5000000000000004,0.0,1.0
218,1,10,596,406,27,2,0,0.2431906566367793,0.7198972200995631,-0.2067936485059295,0.5288382739125815,259.91,5.564175520269783,-0.8660254037844385,-0.5000000000000004,0.0,1.0
488,1,3,172,206,57,1,3,-1.162199353190196,-0.38089173686775507,-0.2067936485059295,-1.165348606297707,430.98,6.068379290876107,-1.0,-1.8369701987210297e-16,0.7818314824680298,0.6234898018587336
271,1,16,272,442,48,0,0,1.1988558633191224,-1.5388645357554536,-0.2067936485059295,0.15403883845047114,231.92,5.450695046968919,-1.0,-1.8369701987210297e-16,0.0,1.0
441,1,35,130,313,83,0,3,-1.0497681524040379,-1.1671695632729824,-0.2067936485059295,-1.0396180591787458,29.72,3.4249139082794713,-0.9659258262890683,-0.25881904510252063,0.9749279121818236,-0.22252093395631434
443,1,33,435,187,40,0,3,-1.330846154369433,-0.6525149859895609,-0.2067936485059295,-1.276069535723204,183.32,5.216673377507527,-0.8660254037844385,-0.5000000000000004,0.9749279121818236,-0.22252093395631434
340,1,31,134,510,74,1,2,1.1988558633191224,-0.681106906949751,-0.2067936485059295,-0.13774105288853128,288.43,5.66791347157529,-0.8660254037844385,-0.5000000000000004,0.0,1.0
271,1,4,436,228,56,0,2,0.9739934617468065,0.6341214572189929,-0.2067936485059295,0.21439524441291463,27.44,3.34779660493504,-0.9659258262890683,-0.25881904510252063,0.0,1.0
353,1,17,394,312,90,1,2,0.9177778613537274,0.6055295362588028,6.431744946342571,-0.7262262669961818,17.79,2.933324813425374,-0.9659258262890683,-0.25881904510252063,0.9749279121818236,-0.22252093395631434
475,1,8,73,471,0,1,2,1.7047962668568335,0.6341214572189929,-0.2067936485059295,-0.21021232793222167,61.37,4.1330843905380314,-0.8660254037844385,-0.5000000000000004,0.0,1.0
22,1,37,603,293,87,2,2,0.9177778613537274,-0.3094119344672799,-0.2067936485059295,-0.2257552562646062,196.08,5.2836097376757625,-0.8660254037844385,-0.5000000000000004,-0.433883739117558,-0.9009688679024191
253,1,27,607,367,11,2,2,0.6366998593883324,-0.15215636918623443,-0.2067936485059295,-0.8317961335678747,83.43,4.435922788681409,-0.8660254037844385,-0.5000000000000004,0.7818314824680298,0.6234898018587336
202,0,37,279,342,70,1,2,0.7491310601744904,-1.1385776423127922,-0.2067936485059295,-0.6119875385485746,54.85,4.02266952551521,-0.8660254037844385,-0.5000000000000004,0.7818314824680298,0.6234898018587336
31,1,9,190,457,44,0,1,-1.0497681524040379,0.23383456377633172,-0.2067936485059295,-0.1826904221717769,63.54,4.167285186623816,-1.0,-1.8369701987210297e-16,0.0,1.0
484,1,5,78,118,26,2,3,-1.105983752797117,-0.9527301560715568,-0.2067936485059295,-1.0176677111989463,364.81,5.902114072925917,-0.9659258262890683,-0.25881904510252063,0.0,1.0
85,1,24,532,265,82,2,1,0.07454385545754227,-0.6382190255094659,-0.2067936485059295,0.7516262293281588,154.21,5.044779038663093,-0.8660254037844385,-0.5000000000000004,0.0,1.0
198,0,23,236,303,15,2,1,0.2431906566367793,0.005099196094811046,4.772110297630446,1.1181824258281088,76.51,4.35040696029342,-0.8660254037844385,-0.5000000000000004,0.0,1.0
415,1,15,263,301,89,1,3,-1.105983752797117,-1.2672412866336478,-0.2067936485059295,-1.0445383626214784,62.86,4.156693187286636,-0.8660254037844385,-0.5000000000000004,0.0,1.0
352,1,19,603,395,84,1,0,-0.5438277488663268,1.8349821375469764,-0.2067936485059295,0.5908766595823898,296.0,5.6937321388027,-0.8660254037844385,-0.5000000000000004,0.0,1.0
461,1,34,314,23,2,0,2,1.0302090621398854,-1.038505918952127,-0.2067936485059295,0.3412924085545144,335.5,5.8185981490847825,-0.8660254037844385,-0.5000000000000004,0.0,1.0
353,1,4,160,499,37,2,1,0.07454385545754227,2.349636714830398,-0.2067936485059295,0.866687999675254,474.77,6.164934544178619,-1.0,-1.8369701987210297e-16,-0.433883739117558,-0.9009688679024191
286,1,27,344,197,15,0,1,0.7491310601744904,1.1344800740223193,-0.2067936485059295,0.5532346716497376,1413.24,7.2543475633126375,-1.0,-1.8369701987210297e-16,0.0,1.0
20,0,26,304,38,41,1,2,0.9739934617468065,-0.18074829014642452,-0.2067936485059295,-0.855584864855876,275.92,5.623728655809825,-1.0,-1.8369701987210297e-16,0.0,1.0
459,1,24,544,186,44,1,3,-1.443277355155591,-0.6096271045492758,-0.2067936485059295,-0.9619880293008822,120.29,4.798184372320789,-1.0,-1.8369701987210297e-16,0.0,1.0
402,1,42,665,488,2,2,1,-0.15031854611477377,-1.3816089704744081,-0.2067936485059295,-0.2325626588912113,219.44,5.395625549015034,-1.0,-1.8369701987210297e-16,0.43388373911755823,-0.900968867902419
88,1,2,369,283,89,0,1,0.8615622609606484,-1.1385776423127922,-0.2067936485059295,1.2211959909238224,11.19,2.5006159434931803,-0.9659258262890683,-0.25881904510252063,0.0,1.0
58,1,27,601,92,6,0,1,0.2431906566367793,0.6913052991393731,3.1124756489183207,1.1732441853031925,396.45,5.985069140019122,-0.8660254037844385,-0.5000000000000004,0.0,1.0
107,1,11,640,352,55,0,1,-0.9935525520109589,-0.7239947883900362,-0.2067936485059295,0.687531520906359,29.22,3.4085039568445934,-1.0,-1.8369701987210297e-16,0.0,1.0
446,1,18,126,459,38,0,3,-0.9935525520109589,-0.2665240530269948,-0.2067936485059295,-1.261913727850704,332.33,5.809132990264027,-0.9659258262890683,-0.25881904510252063,0.7818314824680298,0.6234898018587336
127,1,3,44,166,73,0,2,1.6485806664637546,-0.9098422746312717,-0.2067936485059295,-0.3751719749333147,206.25,5.333925794015404,-0.8660254037844385,-0.5000000000000004,0.7818314824680298,0.6234898018587336
83,1,31,414,301,58,0,3,-1.218414953583275,-0.5524432626288956,-0.2067936485059295,-0.9017034151552165,14.28,2.7265447837383743,-0.9659258262890683,-0.25881904510252063,-0.433883739117558,-0.9009688679024191
325,0,31,153,59,77,0,3,-1.0497681524040379,0.5626416548185177,-0.2067936485059295,-1.0233982365738852,112.05,4.727830198723979,-0.8660254037844385,-0.5000000000000004,0.43388373911755823,-0.900968867902419
210,1,36,425,404,86,1,0,-0.20653414650785276,2.4640043986711584,-0.2067936485059295,1.2757782836225688,163.68,5.104004196901704,-0.8660254037844385,-0.5000000000000004,0.43388373911755823,-0.900968867902419
10,1,18,156,122,0,2,3,-0.9935525520109589,0.20524264281614163,-0.2067936485059295,-1.2361635415685959,537.86,6.2894557969109135,-0.8660254037844385,-0.5000000000000004,0.7818314824680298,0.6234898018587336
323,0,19,490,161,65,2,0,0.2994062570298583,-0.15215636918623443,-0.2067936485059295,0.8965944193501028,1225.5,7.111919863698544,-0.8660254037844385,-0.5000000000000004,0.0,1.0
33,0,17,116,144,74,2,1,0.8053466605675694,-0.35229981590756504,-0.2067936485059295,0.13090648948729494,78.92,4.381026134340298,-1.0,-1.8369701987210297e-16,0.43388373911755823,-0.900968867902419
74,1,3,215,178,77,0,3,-1.49949295554867,1.1916639159426996,-0.2067936485059295,-0.9206615827714574,168.99,5.135739611790679,-1.0,-1.8369701987210297e-16,0.0,1.0
365,1,31,309,70,47,2,0,-0.20653414650785276,0.6913052991393731,-0.2067936485059295,0.047317738816877807,280.92,5.641623342747815,-1.0,-1.8369701987210297e-16,0.0,1.0
94,1,22,140,121,3,2,2,1.0864246625329645,-1.1671695632729824,-0.2067936485059295,-0.7583684889649666,151.14,5.024801149569155,-0.8660254037844385,-0.5000000000000004,0.43388373911755823,-0.900968867902419
249,1,6,284,192,17,0,2,1.5361494656775965,0.7341931805796582,-0.2067936485059295,0.5208411783222306,20.05,3.0469005601283903,-0.9659258262890683,-0.25881904510252063,0.9749279121818236,-0.22252093395631434
426,1,41,42,271,88,1,2,1.8734430680360705,0.0908749589753813,-0.2067936485059295,-0.7214495471870045,378.85,5.939776437949231,-0.9659258262890683,-0.25881904510252063,-0.433883739117558,-0.9009688679024191
335,0,33,520,556,55,0,2,1.0302090621398854,-0.8383624722307964,-0.2067936485059295,0.2166310467068506,321.79,5.7770019569816125,-0.9659258262890683,-0.25881904510252063,0.0,1.0
62,1,18,498,387,79,1,2,0.35562185742293734,0.24813052425642676,-0.2067936485059295,-0.5289551744581849,182.42,5.211778605130798,-0.8660254037844385,-0.5000000000000004,0.9749279121818236,-0.22252093395631434
15,1,29,156,427,46,0,1,-0.6000433492594058,-1.1957614842331725,-0.2067936485059295,-0.6353532109162783,1105.88,7.009300525748804,-0.9659258262890683,-0.25881904510252063,0.0,1.0
114,0,13,664,474,20,2,1,0.1869750562437003,0.5626416548185177,-0.2067936485059295,-0.6706952967185861,408.62,6.015229900658244,-0.9659258262890683,-0.25881904510252063,0.0,1.0
214,0,22,290,166,11,2,1,0.4680530582090954,0.7056012596194681,-0.2067936485059295,-0.2547463302755386,235.83,5.467342584174642,-0.8660254037844385,-0.5000000000000004,-0.433883739117558,-0.9009688679024191
372,1,5,492,273,88,0,3,-1.274630553976354,2.349636714830398,-0.2067936485059295,-1.0414923383953365,301.51,5.7121143347757375,-0.8660254037844385,-0.5000000000000004,-0.433883739117558,-0.9009688679024191
96,1,5,588,180,15,2,1,0.07454385545754227,-0.08067656678575921,-0.2067936485059295,-0.296811206920392,215.13,5.375880078495827,-0.8660254037844385,-0.5000000000000004,0.43388373911755823,-0.900968867902419
239,1,6,76,153,38,0,2,0.4680530582090954,0.04798707753509617,-0.2067936485059295,-1.045874203212236,149.4,5.0132984115157395,-0.8660254037844385,-0.5000000000000004,0.7818314824680298,0.6234898018587336
101,0,37,371,381,62,0,3,-1.218414953583275,-0.9670261165516518,-0.2067936485059295,-0.9014162478881054,477.54,6.1707398019655315,-0.9659258262890683,-0.25881904510252063,0.0,1.0
438,1,11,458,451,89,1,0,0.8615622609606484,0.7627851015398482,-0.2067936485059295,1.7228566946191435,1076.98,6.98284419842114,-1.0,-1.8369701987210297e-16,0.9749279121818236,-0.22252093395631434
448,1,27,147,30,98,1,1,0.5804842589952534,-0.46666749974832533,-0.2067936485059295,0.5165208493482834,472.48,6.160109673085693,-0.9659258262890683,-0.25881904510252063,0.0,1.0
97,0,21,611,319,40,1,0,0.2431906566367793,0.30531436617680696,-0.2067936485059295,1.2116758832204007,226.37,5.426578646492048,-0.9659258262890683,-0.25881904510252063,0.0,1.0
493,1,31,184,348,1,1,3,-1.105983752797117,1.3775114021839352,-0.2067936485059295,0.23034071971794606,837.29,6.731364102668928,-0.8660254037844385,-0.5000000000000004,0.0,1.0
488,1,30,189,150,21,0,3,-1.274630553976354,0.30531436617680696,-0.2067936485059295,-1.0253417436137973,8.45,2.2460147415056513,-0.9659258262890683,-0.25881904510252063,-0.433883739117558,-0.9009688679024191
280,1,16,273,442,50,1,2,1.0864246625329645,-0.9527301560715568,-0.2067936485059295,0.4476417291369375,768.94,6.646312589733725,-0.9659258262890683,-0.25881904510252063,0.9749279121818236,-0.22252093395631434
301,1,30,190,428,14,2,2,0.5804842589952534,-1.5388645357554536,-0.2067936485059295,0.07706519089743294,99.11,4.606269581431392,-0.8660254037844385,-0.5000000000000004,0.0,1.0
163,1,42,361,27,18,1,3,-1.330846154369433,-1.3101291680739329,-0.2067936485059295,-1.071344914207602,33.03,3.5272424885128144,-0.8660254037844385,-0.5000000000000004,0.43388373911755823,-0.900968867902419
332,1,6,430,483,52,0,3,-0.9935525520109589,2.078013465708592,-0.2067936485059295,-0.8063305505594215,170.26,5.1431828695980455,-0.8660254037844385,-0.5000000000000004,0.0,1.0
196,1,34,223,211,21,2,0,1.1426402629260435,-1.3816089704744081,-0.2067936485059295,1.701096082155114,561.58,6.332533346188176,-0.9659258262890683,-0.25881904510252063,-0.433883739117558,-0.9009688679024191
218,1,14,211,192,24,1,2,1.3675026644983594,1.9064619399474516,-0.2067936485059295,-0.2737634697412754,345.22,5.847074411148584,-0.8660254037844385,-0.5000000000000004,0.7818314824680298,0.6234898018587336
455,0,4,392,576,25,2,2,0.9177778613537274,1.5776548489052657,3.1124756489183207,0.7168918099750057,484.3,6.18476725641117,-0.9659258262890683,-0.25881904510252063,0.7818314824680298,0.6234898018587336
409,0,25,445,569,96,2,2,1.7610118672499127,-1.1814655237530776,-0.2067936485059295,-0.5230169656132818,485.51,6.187257456399393,-0.8660254037844385,-0.5000000000000004,0.7818314824680298,0.6234898018587336
249,0,1,235,483,12,1,1,-0.9373369516178799,-1.5102726147952634,-0.2067936485059295,-0.04018622986138383,275.65,5.622753169344119,-0.8660254037844385,-0.5000000000000004,0.0,1.0
429,1,0,407,395,26,2,3,-1.162199353190196,-1.5245685752753584,-0.2067936485059295,-1.0732807292671451,41.49,3.7492687541267204,-0.8660254037844385,-0.5000000000000004,0.0,1.0
208,1,9,587,357,13,2,1,0.7491310601744904,0.062283038015191215,-0.2067936485059295,-0.1875748297061208,242.03,5.493184892510509,-0.8660254037844385,-0.5000000000000004,0.0,1.0
126,1,6,310,527,76,2,3,-1.443277355155591,-0.695402867429846,-0.2067936485059295,-1.0834674752692175,34.67,3.5743099993708003,-0.8660254037844385,-0.5000000000000004,0.7818314824680298,0.6234898018587336
64,1,2,575,324,6,1,2,0.6929154597814113,-1.1528736027928874,-0.2067936485059295,0.2529833459309595,126.83,4.8507012561799305,-0.8660254037844385,-0.5000000000000004,0.0,1.0
145,1,16,641,269,0,2,0,0.8053466605675694,-1.5102726147952634,-0.2067936485059295,1.003594994270438,67.15,4.221711158142542,-0.9659258262890683,-0.25881904510252063,0.0,1.0
357,1,42,262,442,84,2,0,-0.31896534729401077,-1.2243534051933627,-0.2067936485059295,0.2711646235299269,94.59,4.560068212075671,-0.9659258262890683,-0.25881904510252063,-0.433883739117558,-0.9009688679024191
91,1,16,470,199,74,2,3,-1.387061754762512,0.8771527853806086,-0.2067936485059295,-1.0735012327043911,211.91,5.360869541205001,-0.8660254037844385,-0.5000000000000004,0.0,1.0
282,0,22,30,253,33,2,2,1.5923650660706756,0.5769376152986128,-0.2067936485059295,0.39626699225208273,47.23,3.8759812340808804,-1.0,-1.8369701987210297e-16,0.43388373911755823,-0.900968867902419
372,1,41,108,69,74,0,1,-0.31896534729401077,-0.7239947883900362,-0.2067936485059295,0.03886425239129675,577.12,6.359781459580641,-0.9659258262890683,-0.25881904510252063,-0.433883739117558,-0.9009688679024191
210,1,9,657,287,98,0,0,0.9177778613537274,0.6055295362588028,-0.2067936485059295,1.5185089801416247,164.52,5.109092033437288,-0.8660254037844385,-0.5000000000000004,0.0,1.0
32,1,27,626,16,65,1,2,0.7491310601744904,-0.42377961830804023,-0.2067936485059295,0.7268221566314433,637.97,6.459857504918618,-0.9659258262890683,-0.25881904510252063,0.0,1.0
299,1,26,560,400,50,0,3,-0.9373369516178799,-1.5245685752753584,-0.2067936485059295,-0.9860177759737804,161.31,5.089508086916979,-0.8660254037844385,-0.5000000000000004,0.0,1.0
215,1,17,654,203,88,1,3,-1.387061754762512,-0.40948365782794516,-0.2067936485059295,-1.175191777176629,1074.95,6.980959271240553,-0.8660254037844385,-0.5000000000000004,-0.433883739117558,-0.9009688679024191
70,1,4,135,320,95,1,3,-1.330846154369433,-1.4102008914345983,-0.2067936485059295,-0.9704440797199196,73.28,4.307841736484505,-0.9659258262890683,-0.25881904510252063,-0.433883739117558,-0.9009688679024191
243,1,41,584,13,85,2,3,-0.9373369516178799,-1.2100574447132675,-0.2067936485059295,-1.0474305472402397,273.92,5.616480146253404,-0.9659258262890683,-0.25881904510252063,0.0,1.0
224,1,13,609,395,52,0,3,-1.218414953583275,0.3624982080971871,-0.2067936485059295,-1.0174472077617003,997.37,6.906123949086788,-1.0,-1.8369701987210297e-16,-0.433883739117558,-0.9009688679024191
3,1,8,179,252,63,0,2,1.0864246625329645,0.1623547613758565,-0.2067936485059295,0.2670289020848367,547.87,6.307861619298144,-0.9659258262890683,-0.25881904510252063,0.0,1.0
351,1,10,320,426,45,1,1,-0.8811213512248008,-0.02349272486537904,-0.2067936485059295,0.10563064199461149,42.09,3.763290951627747,-1.0,-1.8369701987210297e-16,-0.433883739117558,-0.9009688679024191
34,0,25,500,361,40,2,2,1.4799338652845175,-0.06638060630566417,-0.2067936485059295,-0.8524003849830912,58.85,4.091841432003982,-0.9659258262890683,-0.25881904510252063,0.0,1.0
453,1,18,576,169,66,2,3,-0.9935525520109589,0.7913770225000384,-0.2067936485059295,-1.226651125845543,633.87,6.453420253524341,-0.8660254037844385,-0.5000000000000004,-0.433883739117558,-0.9009688679024191
15,1,42,545,494,25,2,0,0.8053466605675694,0.062283038015191215,-0.2067936485059295,-0.02848159973315281,705.34,6.560096707969994,-1.0,-1.8369701987210297e-16,0.7818314824680298,0.6234898018587336
434,1,23,565,546,24,1,3,-1.105983752797117,-0.9527301560715568,-0.2067936485059295,-0.9473937785473466,154.99,5.049791902630777,-0.9659258262890683,-0.25881904510252063,0.0,1.0
396,1,6,288,286,50,1,2,1.6485806664637546,-0.42377961830804023,-0.2067936485059295,-0.11307799983191522,435.27,6.078261317737981,-0.9659258262890683,-0.25881904510252063,0.9749279121818236,-0.22252093395631434
352,1,39,671,276,27,2,3,-1.105983752797117,-1.5531604962355485,-0.2067936485059295,-1.2850999206764635,806.97,6.694524929118937,-0.9659258262890683,-0.25881904510252063,0.7818314824680298,0.6234898018587336
90,1,12,677,449,94,1,1,0.5242686586021743,0.648417417699088,-0.2067936485059295,0.31002450835434453,98.03,4.5954228345332115,-1.0,-1.8369701987210297e-16,0.0,1.0
172,0,27,301,291,45,1,2,0.41183745781601633,-0.15215636918623443,6.431744946342571,-0.8440571502761332,353.59,5.8709621924528355,-0.9659258262890683,-0.25881904510252063,-0.433883739117558,-0.9009688679024191
146,1,20,368,78,47,0,3,-1.274630553976354,-1.1814655237530776,-0.2067936485059295,1.132802316516208,757.41,6.631224136507891,-0.8660254037844385,-0.5000000000000004,-0.433883739117558,-0.9009688679024191
228,1,33,282,58,10,1,1,0.7491310601744904,-1.367313009994313,-0.2067936485059295,0.3733320707850452,189.77,5.251068513947426,-0.8660254037844385,-0.5000000000000004,0.0,1.0
33,0,38,306,92,53,2,0,-0.6000433492594058,0.30531436617680696,-0.2067936485059295,2.491954735778895,471.88,6.158841656516114,-1.0,-1.8369701987210297e-16,0.0,1.0
413,0,9,99,413,25,1,2,1.7610118672499127,-0.38089173686775507,4.772110297630446,-0.10410145874123908,178.88,5.192289961902507,-0.9659258262890683,-0.25881904510252063,0.0,1.0
422,1,9,343,270,77,1,0,-0.7686901504386429,-1.3816089704744081,-0.2067936485059295,-1.0952721011422464,86.07,4.466712392840524,-1.0,-1.8369701987210297e-16,0.0,1.0
425,1,38,438,483,41,2,3,-1.49949295554867,0.40538608953747224,-0.2067936485059295,-1.180189000423052,341.15,5.835249237398506,-0.9659258262890683,-0.25881904510252063,0.0,1.0
10,0,22,229,301,6,1,3,-1.218414953583275,-1.395904930954503,-0.2067936485059295,0.01969840130509174,688.36,6.535763630931512,-0.8660254037844385,-0.5000000000000004,-0.433883739117558,-0.9009688679024191
136,0,13,51,52,52,2,3,-1.0497681524040379,-1.2386493656734576,-0.2067936485059295,-1.2637495471654494,355.0,5.87493073085203,-0.8660254037844385,-0.5000000000000004,0.7818314824680298,0.6234898018587336
222,1,34,620,363,42,0,1,-0.3751809476870898,-0.4523715392682303,3.1124756489183207,0.8894716455283664,302.76,5.716237915923547,-0.9659258262890683,-0.25881904510252063,0.43388373911755823,-0.900968867902419
300,1,8,568,588,5,0,0,0.35562185742293734,-0.16645232966632947,-0.2067936485059295,0.2733209420267159,1154.79,7.052539371830329,-0.9659258262890683,-0.25881904510252063,0.9749279121818236,-0.22252093395631434
379,1,15,77,459,16,0,3,-1.330846154369433,1.4346952441043153,-0.2067936485059295,-1.1297860170581533,16.53,2.863913698933143,-0.9659258262890683,-0.25881904510252063,0.0,1.0
352,1,31,446,311,57,2,1,-0.15031854611477377,0.21953860329623667,-0.2067936485059295,0.10616395263353195,386.38,5.959406123414093,-0.8660254037844385,-0.5000000000000004,0.7818314824680298,0.6234898018587336
426,0,25,404,316,69,0,3,-0.9373369516178799,-0.33800385542746997,-0.2067936485059295,-0.8805171372254088,297.86,5.699975236313247,-0.9659258262890683,-0.25881904510252063,0.0,1.0
300,1,13,543,415,51,0,0,1.1988558633191224,-0.8240665117507014,-0.2067936485059295,1.7493453110166801,428.61,6.062877820391151,-0.8660254037844385,-0.5000000000000004,0.0,1.0
261,0,41,36,464,20,2,3,-1.274630553976354,0.2910184056967119,-0.2067936485059295,-0.8390958229380989,215.94,5.3796208176120714,-0.8660254037844385,-0.5000000000000004,0.0,1.0
484,1,41,263,131,78,2,0,0.7491310601744904,-1.2529453261535526,-0.2067936485059295,-1.2230846109477624,107.4,4.685828089005546,-0.8660254037844385,-0.5000000000000004,0.43388373911755823,-0.900968867902419
150,1,12,338,287,73,0,0,0.4680530582090954,1.4346952441043153,-0.2067936485059295,-1.0977694307687296,227.22,5.430310076006534,-1.0,-1.8369701987210297e-16,0.0,1.0
362,0,24,570,404,90,2,0,0.8053466605675694,-1.4244968519146932,-0.2067936485059295,0.8256487204129397,28.31,3.377928754722801,-0.9659258262890683,-0.25881904510252063,0.0,1.0
137,0,36,551,394,73,1,2,0.6929154597814113,1.6205427303455509,-0.2067936485059295,-0.24424421307833513,263.92,5.579427893616779,-0.9659258262890683,-0.25881904510252063,0.9749279121818236,-0.22252093395631434
79,1,12,678,258,15,2,3,-1.274630553976354,1.9350538609076418,-0.2067936485059295,-1.2631905965919656,287.51,5.6647297473925,-0.8660254037844385,-0.5000000000000004,0.0,1.0
319,1,8,313,354,58,0,2,1.5923650660706756,0.8056729829801335,-0.2067936485059295,0.6094912520754799,150.03,5.01747849257825,-0.8660254037844385,-0.5000000000000004,0.0,1.0
108,1,18,325,481,11,0,3,-1.0497681524040379,-0.6239230650293708,-0.2067936485059295,-1.2179950839369105,73.95,4.316821224548606,-0.8660254037844385,-0.5000000000000004,-0.433883739117558,-0.9009688679024191
20,0,34,322,150,46,0,1,0.1869750562437003,0.14805880089576146,-0.2067936485059295,-0.7967899309083487,486.61,6.189515906010436,-0.8660254037844385,-0.5000000000000004,0.7818314824680298,0.6234898018587336
131,0,33,498,402,15,2,3,-1.49949295554867,2.406820556750778,-0.2067936485059295,-0.854951558472158,88.06,4.489310299893557,-0.9659258262890683,-0.25881904510252063,-0.433883739117558,-0.9009688679024191
12,1,33,335,370,87,0,1,-0.09410294572169475,1.663430611785836,-0.2067936485059295,-0.6847818767677647,427.69,6.060734046996435,-0.8660254037844385,-0.5000000000000004,0.7818314824680298,0.6234898018587336
267,1,8,519,92,51,0,1,0.018328255064463266,-1.4673847333549783,-0.2067936485059295,-0.3532985467572057,213.42,5.367936708428093,-0.9659258262890683,-0.25881904510252063,0.43388373911755823,-0.900968867902419
427,1,26,394,351,62,2,1,0.8615622609606484,2.392524596270683,-0.2067936485059295,-0.7819008209073329,165.8,5.116795489924646,-0.9659258262890683,-0.25881904510252063,0.43388373911755823,-0.900968867902419
380,1,39,495,442,53,0,2,0.6929154597814113,0.4625699314578524,-0.2067936485059295,-0.8515568311359526,220.52,5.400512878862706,-0.8660254037844385,-0.5000000000000004,0.9749279121818236,-0.22252093395631434
116,1,5,560,234,57,1,2,0.4680530582090954,-0.15215636918623443,-0.2067936485059295,-0.6827255540157732,692.55,6.541823335209299,-0.8660254037844385,-0.5000000000000004,0.7818314824680298,0.6234898018587336
170,1,1,55,241,47,2,2,1.1988558633191224,-0.12356444822604433,-0.2067936485059295,0.6572687061410778,1143.67,7.042871664840983,-0.8660254037844385,-0.5000000000000004,0.0,1.0
409,1,15,610,490,84,2,3,-1.274630553976354,1.6348386908256458,-0.2067936485059295,-0.9028520842236607,36.12,3.6141559079179997,-0.9659258262890683,-0.25881904510252063,0.9749279121818236,-0.22252093395631434
154,1,15,302,329,72,0,1,0.1307594558506213,0.5054578128981375,-0.2067936485059295,-0.767532201577956,1271.9,7.149053040876389,-0.8660254037844385,-0.5000000000000004,0.0,1.0
81,0,11,263,42,11,0,1,-0.6562589496524849,-1.3101291680739329,-0.2067936485059295,-0.5389496209510313,2.03,1.1085626195212777,-0.8660254037844385,-0.5000000000000004,0.0,1.0
59,1,3,490,524,40,0,1,-0.8811213512248008,-0.7668826698303213,-0.2067936485059295,-0.2836425365285861,155.53,5.053247684900132,-0.9659258262890683,-0.25881904510252063,-0.433883739117558,-0.9009688679024191
118,0,6,438,264,52,1,2,1.8172274676429916,-0.38089173686775507,-0.2067936485059295,0.32556230869981656,730.1,6.59455024929927,-1.0,-1.8369701987210297e-16,0.7818314824680298,0.6234898018587336
324,1,22,499,357,32,1,1,0.2431906566367793,1.1630719949825095,-0.2067936485059295,-0.014223232122398906,139.72,4.946772100429302,-0.9659258262890683,-0.25881904510252063,0.0,1.0
311,1,37,494,151,65,2,1,-0.6000433492594058,-0.3094119344672799,-0.2067936485059295,0.007563020276194329,207.65,5.340658207037562,-0.8660254037844385,-0.5000000000000004,0.0,1.0
400,0,24,272,217,13,0,2,1.0302090621398854,0.24813052425642676,-0.2067936485059295,-0.7880518412091131,362.68,5.896274360104233,-1.0,-1.8369701987210297e-16,0.0,1.0
419,0,3,5,227,79,0,1,-0.2627497469009318,0.23383456377633172,-0.2067936485059295,0.15317477265568172,262.22,5.572990184406177,-0.9659258262890683,-0.25881904510252063,0.43388373911755823,-0.900968867902419
360,1,4,137,525,3,2,3,-0.9935525520109589,-1.2672412866336478,-0.2067936485059295,-0.9765079242441838,139.45,4.944851553550253,-0.8660254037844385,-0.5000000000000004,0.0,1.0
306,1,18,465,90,8,0,1,0.4680530582090954,-0.9241382351113667,4.772110297630446,-0.5600769270313429,223.85,5.415433513216716,-0.8660254037844385,-0.5000000000000004,0.0,1.0
184,0,13,559,423,3,2,2,0.8053466605675694,2.4783003591512536,-0.2067936485059295,0.7272605995124789,257.6,5.555282466337757,-0.8660254037844385,-0.5000000000000004,0.0,1.0
87,1,33,358,189,23,1,1,0.018328255064463266,-0.8097705512706064,-0.2067936485059295,-0.18795686473111667,130.4,4.8782461060505105,-0.8660254037844385,-0.5000000000000004,0.0,1.0
98,1,6,333,42,74,0,2,1.3112870641052805,-0.9241382351113667,1.4528410002061958,0.5413428699991932,71.29,4.280685807012206,-0.9659258262890683,-0.25881904510252063,0.43388373911755823,-0.900968867902419
93,1,13,79,82,69,0,0,1.0302090621398854,-0.8383624722307964,-0.2067936485059295,0.790657901714152,364.13,5.9002534545545755,-0.8660254037844385,-0.5000000000000004,-0.433883739117558,-0.9009688679024191
257,1,23,341,526,0,0,3,-0.9935525520109589,-1.2529453261535526,-0.2067936485059295,-0.9431862652854788,26.1,3.299533727885655,-0.8660254037844385,-0.5000000000000004,-0.433883739117558,-0.9009688679024191
371,1,26,268,521,76,1,2,1.7047962668568335,-1.1528736027928874,-0.2067936485059295,0.08038299842994802,308.42,5.734699577290923,-0.8660254037844385,-0.5000000000000004,0.7818314824680298,0.6234898018587336
340,1,32,531,234,44,2,0,-0.03788734532861574,-1.2243534051933627,-0.2067936485059295,0.09903605082488333,390.77,5.970674932900425,-0.8660254037844385,-0.5000000000000004,0.0,1.0
167,1,5,117,8,78,2,1,0.41183745781601633,0.2624264847365218,4.772110297630446,-0.12711586400542324,136.48,4.923478451981633,-0.8660254037844385,-0.5000000000000004,0.0,1.0
470,0,17,154,224,90,2,2,1.7047962668568335,1.1201841135422244,-0.2067936485059295,-0.02164855717198416,188.13,5.242434609300363,-1.0,-1.8369701987210297e-16,-0.433883739117558,-0.9009688679024191
444,1,42,613,221,12,1,1,-0.6562589496524849,-0.6096271045492758,-0.2067936485059295,0.02965182390263653,265.37,5.5848863197123455,-0.9659258262890683,-0.25881904510252063,-0.433883739117558,-0.9009688679024191
96,0,41,619,273,85,2,0,0.9177778613537274,-0.8383624722307964,-0.2067936485059295,1.3696691600005946,1173.74,7.068802125497236,-0.8660254037844385,-0.5000000000000004,0.0,1.0
9,1,10,302,370,68,1,3,-1.105983752797117,2.1351973076289723,-0.2067936485059295,-1.2534781893793174,281.91,5.645128825862358,-0.9659258262890683,-0.25881904510252063,0.43388373911755823,-0.900968867902419
486,0,28,436,240,20,2,1,-0.6562589496524849,-0.9241382351113667,-0.2067936485059295,1.228390556562336,180.36,5.200484006199273,-0.8660254037844385,-0.5000000000000004,0.7818314824680298,0.6234898018587336
231,1,2,588,480,36,2,2,1.2550714637122016,0.34820224761709206,-0.2067936485059295,0.6161781470096368,107.47,4.686473637052126,-0.9659258262890683,-0.25881904510252063,0.9749279121818236,-0.22252093395631434
381,1,31,470,104,29,0,1,0.1869750562437003,-1.052801879432222,-0.2067936485059295,-0.6735874813373471,254.21,5.542086735655903,-0.8660254037844385,-0.5000000000000004,0.0,1.0
142,1,28,206,23,39,1,1,0.018328255064463266,0.5054578128981375,-0.2067936485059295,-0.5361676880508932,335.48,5.81853871195439,-0.8660254037844385,-0.5000000000000004,0.43388373911755823,-0.900968867902419
200,1,38,433,517,73,0,2,1.7047962668568335,0.24813052425642676,-0.2067936485059295,-0.0611366203932074,649.28,6.477403039366023,-0.9659258262890683,-0.25881904510252063,0.43388373911755823,-0.900968867902419
109,1,15,236,317,27,2,1,-0.20653414650785276,-0.23793213206680466,-0.2067936485059295,0.5328355397110288,81.35,4.410978456623649,-0.9659258262890683,-0.25881904510252063,0.0,1.0
343,1,19,278,348,69,2,1,0.07454385545754227,-1.5388645357554536,-0.2067936485059295,-0.791090173454886,46.96,3.8703673301593136,-0.8660254037844385,-0.5000000000000004,-0.433883739117558,-0.9009688679024191
368,0,11,516,485,13,2,3,-1.162199353190196,0.8199689434602284,-0.2067936485059295,-1.11511997448784,57.49,4.068855799454934,-1.0,-1.8369701987210297e-16,0.43388373911755823,-0.900968867902419
400,1,28,37,449,39,2,2,0.5804842589952534,1.3775114021839352,-0.2067936485059295,-1.0499330048536357,335.63,5.818984404344884,-0.9659258262890683,-0.25881904510252063,0.7818314824680298,0.6234898018587336
243,1,37,560,449,13,2,0,-0.8811213512248008,2.2066771100294478,-0.2067936485059295,0.12448368587914214,414.77,6.030132222748821,-0.9659258262890683,-0.25881904510252063,0.0,1.0
441,1,15,438,372,62,2,0,1.3112870641052805,0.10517091945547634,-0.2067936485059295,0.46083091147639405,72.82,4.301629697601852,-0.8660254037844385,-0.5000000000000004,-0.433883739117558,-0.9009688679024191
65,1,11,214,567,72,1,0,1.3112870641052805,-1.4244968519146932,-0.2067936485059295,1.6961347548170795,456.05,6.124792794099828,-0.9659258262890683,-0.25881904510252063,-0.433883739117558,-0.9009688679024191
306,1,1,108,247,81,1,1,0.7491310601744904,1.663430611785836,-0.2067936485059295,0.09421574312694811,64.92,4.188441885601216,-1.0,-1.8369701987210297e-16,-0.433883739117558,-0.9009688679024191
77,0,4,244,56,26,2,0,-0.7686901504386429,-0.29511597398718487,-0.2067936485059295,1.0792892090887583,57.07,4.061649179383958,-0.8660254037844385,-0.5000000000000004,-0.433883739117558,-0.9009688679024191
271,1,11,191,190,37,0,1,-0.09410294572169475,-1.1814655237530776,-0.2067936485059295,0.543527392424002,340.05,5.8320290941007285,-0.9659258262890683,-0.25881904510252063,-0.433883739117558,-0.9009688679024191
41,1,14,380,341,88,1,1,-0.9935525520109589,-1.1099857213526023,-0.2067936485059295,0.8846180059154987,309.42,5.737926219223039,-0.8660254037844385,-0.5000000000000004,0.9749279121818236,-0.22252093395631434
190,1,5,99,288,37,0,2,1.3675026644983594,-1.4673847333549783,-0.2067936485059295,0.21251070922249862,332.0,5.808142489980444,-0.8660254037844385,-0.5000000000000004,0.43388373911755823,-0.900968867902419
475,1,4,197,528,13,0,3,-1.274630553976354,1.2059598764227946,-0.2067936485059295,-0.992961070253572,659.15,6.49246708192521,-0.8660254037844385,-0.5000000000000004,0.7818314824680298,0.6234898018587336
61,1,17,669,75,9,2,2,0.4680530582090954,-0.5238513416687055,-0.2067936485059295,-0.13542833079090508,523.02,6.261529851531596,-1.0,-1.8369701987210297e-16,-0.433883739117558,-0.9009688679024191
29,0,41,570,342,5,1,1,-0.9373369516178799,1.0487043111417491,-0.2067936485059295,0.5565037633065819,456.93,6.126716334005255,-0.8660254037844385,-0.5000000000000004,0.7818314824680298,0.6234898018587336
486,1,42,300,343,34,2,0,0.9739934617468065,-0.29511597398718487,-0.2067936485059295,0.9118142845069875,28.53,3.3854066957558313,-0.8660254037844385,-0.5000000000000004,0.9749279121818236,-0.22252093395631434
155,0,38,499,91,4,1,2,1.0302090621398854,-0.9527301560715568,-0.2067936485059295,-0.09714790848762198,299.42,5.705181495569908,-0.9659258262890683,-0.25881904510252063,0.0,1.0
338,1,15,103,165,79,1,2,0.9739934617468065,0.34820224761709206,-0.2067936485059295,-0.3928404538410123,205.65,5.331026540957741,-0.8660254037844385,-0.5000000000000004,0.43388373911755823,-0.900968867902419
1,1,9,277,511,86,1,2,1.9296586684291497,1.5347669674649806,1.4528410002061958,-0.2408315377879352,263.99,5.5796920894251505,-0.8660254037844385,-0.5000000000000004,0.7818314824680298,0.6234898018587336
365,1,17,427,220,96,1,1,-0.6000433492594058,-0.40948365782794516,-0.2067936485059295,-0.9600291383002322,194.99,5.278063637520769,-0.9659258262890683,-0.25881904510252063,-0.433883739117558,-0.9009688679024191
448,1,19,528,526,58,0,1,0.2431906566367793,-1.1671695632729824,-0.2067936485059295,-1.216490019778034,159.0,5.075173815233827,-1.0,-1.8369701987210297e-16,0.0,1.0
150,0,10,652,203,9,2,0,1.3112870641052805,-0.8097705512706064,-0.2067936485059295,0.7027154901548549,29.92,3.4314032237192214,-0.8660254037844385,-0.5000000000000004,0.0,1.0
458,0,19,361,214,90,2,2,0.41183745781601633,-0.5095553811886104,-0.2067936485059295,0.5842846324061177,7.76,2.1701959049483,-0.9659258262890683,-0.25881904510252063,0.0,1.0
257,1,15,10,163,75,2,2,1.2550714637122016,-0.20934021110661458,-0.2067936485059295,-0.5616358350528028,7.38,2.1258479144939915,-0.8660254037844385,-0.5000000000000004,0.9749279121818236,-0.22252093395631434
157,0,22,581,428,61,1,1,0.35562185742293734,-0.9098422746312717,-0.2067936485059295,1.1302255030925779,230.51,5.444623069137621,-1.0,-1.8369701987210297e-16,-0.433883739117558,-0.9009688679024191
53,1,36,427,428,35,1,3,-0.9373369516178799,0.319610326656902,-0.2067936485059295,-1.0757037030833945,169.5,5.1387352967235715,-0.8660254037844385,-0.5000000000000004,0.43388373911755823,-0.900968867902419
225,1,30,6,337,72,2,2,0.41183745781601633,1.36321544170384,-0.2067936485059295,-0.07025161713052612,203.99,5.322961197460796,-0.8660254037844385,-0.5000000000000004,-0.433883739117558,-0.9009688679024191
93,0,14,572,93,25,2,0,-0.2627497469009318,0.9915204692213689,-0.2067936485059295,1.2257932311910553,68.19,4.23685634351072,-0.8660254037844385,-0.5000000000000004,0.7818314824680298,0.6234898018587336
385,1,35,627,109,47,0,1,-0.6562589496524849,0.3624982080971871,-0.2067936485059295,0.699951505208911,142.58,4.9668923711483375,-0.8660254037844385,-0.5000000000000004,0.0,1.0
296,0,27,526,346,35,0,3,-0.9373369516178799,0.34820224761709206,-0.2067936485059295,-1.1608590537556407,94.64,4.560591142590124,-1.0,-1.8369701987210297e-16,0.0,1.0
241,1,30,221,350,56,1,0,0.018328255064463266,-0.08067656678575921,-0.2067936485059295,0.00362472632724289,169.28,5.137444140959952,-1.0,-1.8369701987210297e-16,0.0,1.0
73,1,37,126,503,89,1,3,-1.387061754762512,0.7484891410597533,-0.2067936485059295,-0.9754592509205373,73.23,4.307168381129456,-0.8660254037844385,-0.5000000000000004,-0.433883739117558,-0.9009688679024191
100,1,25,376,237,26,1,2,1.4799338652845175,0.5340497338583277,-0.2067936485059295,-0.7888261672329303,192.73,5.266465437098854,-0.8660254037844385,-0.5000000000000004,0.0,1.0
32,1,4,65,562,82,2,0,-0.8811213512248008,-0.681106906949751,-0.2067936485059295,-0.9765592041133109,72.47,4.296877159632186,-1.0,-1.8369701987210297e-16,0.7818314824680298,0.6234898018587336
28,0,10,507,534,32,2,0,1.0864246625329645,-0.6382190255094659,-0.2067936485059295,2.3781416302450418,101.19,4.626833825624118,-1.0,-1.8369701987210297e-16,0.9749279121818236,-0.22252093395631434
494,1,38,213,8,25,2,0,0.8053466605675694,0.648417417699088,-0.2067936485059295,2.4968468352936077,134.55,4.909340575944674,-0.8660254037844385,-0.5000000000000004,0.0,1.0
325,1,40,276,252,58,1,0,0.41183745781601633,-0.6239230650293708,-0.2067936485059295,-1.2618034761320809,36.25,3.6176519448255684,-1.0,-1.8369701987210297e-16,0.0,1.0
339,1,12,661,537,72,1,1,-1.0497681524040379,0.7341931805796582,-0.2067936485059295,0.7035872479300133,1353.93,7.211505071462746,-0.9659258262890683,-0.25881904510252063,0.9749279121818236,-0.22252093395631434
472,1,42,87,92,69,2,3,-0.9935525520109589,-0.40948365782794516,-0.2067936485059295,-0.8686561034963407,95.83,4.57295686362344,-0.8660254037844385,-0.5000000000000004,-0.433883739117558,-0.9009688679024191
183,1,30,34,91,29,0,3,-1.330846154369433,-0.42377961830804023,-0.2067936485059295,-1.0035349792675534,22.3,3.1484533605716547,-0.8660254037844385,-0.5000000000000004,0.0,1.0
377,0,21,106,215,65,1,2,1.8172274676429916,0.333906287136997,-0.2067936485059295,-0.13842307514791996,270.92,5.605507905387861,-0.9659258262890683,-0.25881904510252063,-0.433883739117558,-0.9009688679024191
14,1,18,186,166,56,0,2,0.9739934617468065,-0.4523715392682303,-0.2067936485059295,-0.9160694704911371,250.01,5.525492778975617,-0.8660254037844385,-0.5000000000000004,0.0,1.0
397,1,5,168,352,89,1,1,0.35562185742293734,0.40538608953747224,-0.2067936485059295,0.832630474594577,75.77,4.3408139388398075,-0.9659258262890683,-0.25881904510252063,0.0,1.0
243,1,16,247,410,95,0,0,-0.7686901504386429,0.8342649039403235,-0.2067936485059295,1.4334382412534383,10.77,2.4655539212721855,-0.8660254037844385,-0.5000000000000004,0.9749279121818236,-0.22252093395631434
202,0,9,177,3,55,0,0,1.1426402629260435,-0.06638060630566417,-0.2067936485059295,2.403843100651479,752.69,6.624981142882939,-1.0,-1.8369701987210297e-16,0.0,1.0
302,0,22,572,577,87,1,0,0.9177778613537274,0.41968205001756725,-0.2067936485059295,0.6481639653775843,202.86,5.317433483740267,-0.9659258262890683,-0.25881904510252063,0.0,1.0
148,1,35,200,567,6,0,0,-0.09410294572169475,0.7056012596194681,-0.2067936485059295,0.2824641426920546,992.17,6.900901847781122,-1.0,-1.8369701987210297e-16,0.0,1.0
128,1,32,626,58,52,1,2,1.9296586684291497,-0.15215636918623443,-0.2067936485059295,-0.14633812294766774,273.92,5.616480146253404,-0.9659258262890683,-0.25881904510252063,0.7818314824680298,0.6234898018587336
291,1,35,537,117,4,0,0,1.0302090621398854,0.677009338659278,-0.2067936485059295,1.9261198398646269,321.86,5.777218792729383,-0.8660254037844385,-0.5000000000000004,0.0,1.0
493,0,10,650,477,67,1,3,-1.162199353190196,-1.0813938003924122,-0.2067936485059295,-0.7997410873766058,461.52,6.136689799260761,-0.8660254037844385,-0.5000000000000004,0.0,1.0
187,1,19,392,292,98,0,2,0.4680530582090954,-0.46666749974832533,-0.2067936485059295,-0.5077868444825717,443.79,6.09760226066926,-1.0,-1.8369701987210297e-16,0.0,1.0
281,1,7,86,360,11,1,2,0.5804842589952534,-1.1814655237530776,-0.2067936485059295,0.41866347509328666,203.76,5.321838561589383,-0.8660254037844385,-0.5000000000000004,0.0,1.0
347,1,37,259,387,62,0,0,0.7491310601744904,1.7635023351465013,-0.2067936485059295,1.4874333794506813,29.94,3.43204984514492,-0.8660254037844385,-0.5000000000000004,-0.433883739117558,-0.9009688679024191
117,1,8,5,157,35,2,1,-0.3751809476870898,2.1923811495493526,-0.2067936485059295,0.11971465805033385,113.54,4.7409241069657115,-0.8660254037844385,-0.5000000000000004,-0.433883739117558,-0.9009688679024191
18,1,23,229,343,8,2,3,-1.443277355155591,-0.9098422746312717,-0.2067936485059295,-1.0235341282270716,126.29,4.846467947882343,-1.0,-1.8369701987210297e-16,0.0,1.0
340,1,10,514,535,38,0,0,1.4237182648914386,1.4775831255446004,-0.2067936485059295,-0.9646033026263577,104.79,4.661455996998683,-0.8660254037844385,-0.5000000000000004,0.0,1.0
350,1,20,323,213,90,0,1,0.5242686586021743,0.062283038015191215,-0.2067936485059295,-0.5430007306120619,317.94,5.765002997319826,-0.9659258262890683,-0.25881904510252063,0.9749279121818236,-0.22252093395631434
295,1,1,276,298,4,1,0,0.7491310601744904,0.6341214572189929,-0.2067936485059295,1.4549604023260272,23.71,3.2072080200005186,-0.8660254037844385,-0.5000000000000004,0.0,1.0
268,1,4,170,217,85,0,2,1.6485806664637546,1.020112390181559,-0.2067936485059295,-0.31838464786210824,354.91,5.874677889901688,-0.8660254037844385,-0.5000000000000004,0.0,1.0
227,1,27,362,183,91,2,1,-0.03788734532861574,0.47686589193794743,-0.2067936485059295,0.4383652008118686,697.82,6.5493931983426155,-0.8660254037844385,-0.5000000000000004,0.0,1.0
334,1,13,466,151,54,0,1,-0.03788734532861574,0.5197537733782326,-0.2067936485059295,1.0078768633425403,12.82,2.626116818339524,-1.0,-1.8369701987210297e-16,0.9749279121818236,-0.22252093395631434
129,1,28,83,165,99,2,0,-0.7124745500455638,-1.1957614842331725,-0.2067936485059295,0.8626804779029811,208.07,5.342669124118538,-0.8660254037844385,-0.5000000000000004,0.0,1.0
259,1,38,55,94,57,0,1,-0.15031854611477377,1.8063902165867864,-0.2067936485059295,0.8178105924168824,251.18,5.53014311824508,-0.8660254037844385,-0.5000000000000004,0.43388373911755823,-0.900968867902419
491,1,36,182,525,84,2,3,-1.443277355155591,1.692022532746026,-0.2067936485059295,-1.077913865442767,183.67,5.218570448457781,-0.8660254037844385,-0.5000000000000004,0.0,1.0
287,0,36,487,414,67,2,1,-0.7686901504386429,0.333906287136997,-0.2067936485059295,1.2356543500241712,383.95,5.953113455724059,-0.9659258262890683,-0.25881904510252063,0.9749279121818236,-0.22252093395631434
3,1,21,208,141,60,1,2,0.8053466605675694,0.5197537733782326,-0.2067936485059295,-1.01546011283303,40.66,3.729541435832826,-0.8660254037844385,-0.5000000000000004,0.0,1.0
125,1,4,671,523,63,2,0,0.8053466605675694,-1.038505918952127,-0.2067936485059295,1.9457984896421017,5.64,1.8931119634883424,-0.8660254037844385,-0.5000000000000004,0.9749279121818236,-0.22252093395631434
437,0,33,643,400,78,0,1,0.5804842589952534,-1.1814655237530776,1.4528410002061958,-0.6537370439982971,53.81,4.003872659058025,-0.8660254037844385,-0.5000000000000004,0.0,1.0
245,1,1,27,475,71,1,0,0.4680530582090954,0.6913052991393731,-0.2067936485059295,0.8136158991222966,18.41,2.9657883971809187,-0.9659258262890683,-0.25881904510252063,-0.433883739117558,-0.9009688679024191
184,1,40,179,370,51,0,1,-0.8811213512248008,-0.9384341955914618,-0.2067936485059295,1.2101272311727658,199.23,5.299466705804558,-0.8660254037844385,-0.5000000000000004,0.0,1.0
23,0,40,40,245,95,2,0,-0.2627497469009318,-0.9813220770317469,-0.2067936485059295,-1.136811359128548,28.78,3.393837027255863,-0.8660254037844385,-0.5000000000000004,0.0,1.0
478,1,17,629,206,58,0,0,-0.15031854611477377,0.19094668233604659,-0.2067936485059295,2.3662318806403024,615.58,6.424188078986973,-0.8660254037844385,-0.5000000000000004,0.0,1.0
255,1,27,22,128,48,2,3,-1.387061754762512,0.20524264281614163,-0.2067936485059295,-0.9976121543833883,202.34,5.314879454847015,-0.8660254037844385,-0.5000000000000004,0.7818314824680298,0.6234898018587336
300,1,31,631,227,4,2,1,0.6929154597814113,-0.02349272486537904,-0.2067936485059295,0.27322094628191823,760.53,6.635329567488305,-1.0,-1.8369701987210297e-16,0.0,1.0
395,1,37,28,520,96,0,3,-1.218414953583275,0.8628568249005136,-0.2067936485059295,-0.9836255700790073,135.03,4.912875449645338,-0.9659258262890683,-0.25881904510252063,-0.433883739117558,-0.9009688679024191
446,0,16,250,516,83,2,3,-1.443277355155591,-0.15215636918623443,-0.2067936485059295,-1.0487022879945884,743.24,6.6123635634603035,-0.9659258262890683,-0.25881904510252063,-0.433883739117558,-0.9009688679024191
281,0,28,244,363,26,0,0,0.9739934617468065,1.9064619399474516,-0.2067936485059295,2.165101977950501,667.95,6.505709318919628,-0.9659258262890683,-0.25881904510252063,0.43388373911755823,-0.900968867902419
381,1,29,648,155,61,0,2,0.9739934617468065,0.2767224452166169,-0.2067936485059295,-0.7216777426046196,49.99,3.9316295350670645,-0.9659258262890683,-0.25881904510252063,0.43388373911755823,-0.900968867902419
88,1,19,260,459,54,1,2,1.1426402629260435,0.6341214572189929,-0.2067936485059295,-0.9217358960296672,50.26,3.936910720935925,-0.9659258262890683,-0.25881904510252063,0.43388373911755823,-0.900968867902419
180,0,21,51,417,55,0,0,0.018328255064463266,-0.46666749974832533,-0.2067936485059295,0.4483699032785405,271.22,5.606610562903928,-0.8660254037844385,-0.5000000000000004,0.0,1.0
266,1,10,451,361,24,0,1,-0.4876121484732478,0.13376284041566644,-0.2067936485059295,-0.4227417455289484,465.45,6.14515083340697,-0.8660254037844385,-0.5000000000000004,0.7818314824680298,0.6234898018587336
117,1,18,598,288,23,1,0,1.1426402629260435,-0.43807557878813524,-0.2067936485059295,1.6880940713379706,409.61,6.017643858891285,-0.8660254037844385,-0.5000000000000004,0.9749279121818236,-0.22252093395631434
380,1,32,473,506,74,2,3,-1.387061754762512,-0.5095553811886104,-0.2067936485059295,-1.010809028703214,1431.54,7.267204371410219,-0.8660254037844385,-0.5000000000000004,0.0,1.0
332,0,14,32,254,80,2,0,-0.5438277488663268,0.37679416857728215,3.1124756489183207,0.48109158776846,460.09,6.133593251707915,-0.9659258262890683,-0.25881904510252063,0.0,1.0
425,0,40,54,380,41,2,1,0.07454385545754227,1.1344800740223193,-0.2067936485059295,-0.5286526232303358,101.51,4.62996035479531,-0.8660254037844385,-0.5000000000000004,0.43388373911755823,-0.900968867902419
257,1,27,43,322,64,2,1,0.5242686586021743,-1.3816089704744081,-0.2067936485059295,0.611309123436031,27.64,3.3548043420924447,-0.9659258262890683,-0.25881904510252063,-0.433883739117558,-0.9009688679024191
473,1,7,547,513,10,0,2,1.3675026644983594,0.20524264281614163,-0.2067936485059295,-0.1078679651286149,525.28,6.2658333904976375,-0.8660254037844385,-0.5000000000000004,0.0,1.0
15,1,22,349,131,56,0,2,1.9858742688222286,1.5633588884251706,-0.2067936485059295,0.5017778869742795,314.52,5.7542220714142704,-0.9659258262890683,-0.25881904510252063,0.0,1.0
223,1,17,264,160,64,1,2,1.5923650660706756,-0.2808200135070898,-0.2067936485059295,0.7105690021116504,300.47,5.708670508728977,-0.8660254037844385,-0.5000000000000004,0.0,1.0
274,1,31,556,157,52,0,0,1.3112870641052805,0.5483456943384226,-0.2067936485059295,2.01952099349249,121.17,4.8054135174159684,-0.9659258262890683,-0.25881904510252063,0.0,1.0
169,1,39,249,522,98,2,3,-1.443277355155591,0.3624982080971871,-0.2067936485059295,-1.0262724732384518,22.61,3.1616703510974213,-0.9659258262890683,-0.25881904510252063,0.43388373911755823,-0.900968867902419
63,0,2,143,551,4,1,3,-1.0497681524040379,-1.1385776423127922,-0.2067936485059295,-1.246965646000192,198.01,5.293355074718222,-0.9659258262890683,-0.25881904510252063,0.0,1.0
379,0,32,347,281,55,0,2,0.9739934617468065,-0.02349272486537904,-0.2067936485059295,-0.35143965150135303,876.57,6.77715672423817,-0.8660254037844385,-0.5000000000000004,0.0,1.0
421,1,13,209,511,55,2,3,-1.162199353190196,-0.6096271045492758,6.431744946342571,-0.9034033428167755,303.97,5.7202134111139475,-0.8660254037844385,-0.5000000000000004,0.43388373911755823,-0.900968867902419
254,1,23,89,303,83,0,2,0.9739934617468065,-0.9670261165516518,-0.2067936485059295,-0.9616649661253823,630.36,6.4478762228342505,-0.8660254037844385,-0.5000000000000004,0.43388373911755823,-0.900968867902419
128,1,28,452,61,63,0,0,1.4237182648914386,0.319610326656902,1.4528410002061958,2.1259856937804487,168.54,5.13308888718026,-0.8660254037844385,-0.5000000000000004,0.43388373911755823,-0.900968867902419
361,1,6,476,225,63,2,0,1.4237182648914386,-0.5238513416687055,-0.2067936485059295,0.49306543720960744,111.08,4.719212902028752,-0.9659258262890683,-0.25881904510252063,0.0,1.0
461,0,13,623,380,31,1,3,-1.330846154369433,1.649134651305741,-0.2067936485059295,-1.1333550959493905,1342.25,7.202847329608931,-1.0,-1.8369701987210297e-16,-0.433883739117558,-0.9009688679024191
242,1,24,113,327,97,2,0,1.3675026644983594,0.37679416857728215,-0.2067936485059295,1.2570765153519632,3.65,1.536867219599265,-0.9659258262890683,-0.25881904510252063,0.0,1.0
482,1,36,220,523,85,2,1,-0.3751809476870898,-1.1671695632729824,-0.2067936485059295,0.6944389192777618,4.24,1.6563214983329508,-0.8660254037844385,-0.5000000000000004,0.0,1.0
451,0,38,285,264,90,1,0,0.9739934617468065,0.5483456943384226,-0.2067936485059295,-1.2580395337381614,1022.75,6.9312276351672795,-0.8660254037844385,-0.5000000000000004,0.43388373911755823,-0.900968867902419
318,1,28,238,132,59,0,3,-1.330846154369433,0.333906287136997,-0.2067936485059295,-1.1003565001661852,132.84,4.896645056678569,-0.8660254037844385,-0.5000000000000004,0.0,1.0
134,1,10,361,299,37,2,1,0.2431906566367793,-1.0813938003924122,-0.2067936485059295,0.025121247465268715,61.98,4.142817215672879,-1.0,-1.8369701987210297e-16,0.7818314824680298,0.6234898018587336
37,1,13,216,84,29,0,3,-1.443277355155591,2.049421544748402,3.1124756489183207,-1.2416197196437058,139.57,4.945705585343674,-0.9659258262890683,-0.25881904510252063,-0.433883739117558,-0.9009688679024191
41,1,20,428,591,92,0,0,1.3112870641052805,-0.42377961830804023,-0.2067936485059295,1.0290195533835897,729.38,6.59356494664956,-0.9659258262890683,-0.25881904510252063,0.7818314824680298,0.6234898018587336
207,0,32,23,496,18,0,2,0.4680530582090954,-0.695402867429846,-0.2067936485059295,-0.8668766920376348,276.16,5.62459495675918,-0.8660254037844385,-0.5000000000000004,0.0,1.0
326,1,34,67,489,41,2,3,-1.330846154369433,-0.2522280925468997,-0.2067936485059295,-1.185522106812257,42.42,3.7709201644501458,-0.9659258262890683,-0.25881904510252063,0.43388373911755823,-0.900968867902419
87,0,31,197,119,71,1,3,-1.0497681524040379,-0.2522280925468997,-0.2067936485059295,-0.9806821055911192,557.78,6.325755835761622,-0.8660254037844385,-0.5000000000000004,0.7818314824680298,0.6234898018587336
280,1,28,166,108,59,2,3,-1.49949295554867,-0.7382907488701311,-0.2067936485059295,-0.8629409620821399,486.08,6.188428380638807,-0.9659258262890683,-0.25881904510252063,0.7818314824680298,0.6234898018587336
353,0,4,57,113,25,2,1,-0.31896534729401077,-0.33800385542746997,-0.2067936485059295,0.5297664395437797,266.57,5.589381214346226,-0.9659258262890683,-0.25881904510252063,0.0,1.0
75,1,16,272,105,93,0,3,-1.330846154369433,0.662713378179183,-0.2067936485059295,-0.8490748854702073,651.82,6.481301440435488,-0.9659258262890683,-0.25881904510252063,-0.433883739117558,-0.9009688679024191
395,1,12,627,326,55,1,2,0.5804842589952534,0.7627851015398482,-0.2067936485059295,0.3020351047443627,64.58,4.1832707714165025,-1.0,-1.8369701987210297e-16,0.0,1.0
71,1,20,463,544,9,2,0,1.2550714637122016,-1.3101291680739329,-0.2067936485059295,2.1080761994878543,257.18,5.553657016078564,-0.9659258262890683,-0.25881904510252063,0.0,1.0
59,1,14,282,402,28,2,2,0.6366998593883324,-0.20934021110661458,-0.2067936485059295,0.45404658479089594,391.08,5.9714659006012925,-0.9659258262890683,-0.25881904510252063,-0.433883739117558,-0.9009688679024191
460,1,29,191,65,88,0,1,0.7491310601744904,-0.9098422746312717,-0.2067936485059295,0.6857674934083913,81.08,4.407694381422459,-0.8660254037844385,-0.5000000000000004,0.7818314824680298,0.6234898018587336
310,1,19,529,433,96,2,0,1.3675026644983594,-0.7239947883900362,-0.2067936485059295,0.2322944827316836,73.83,4.315218874092267,-1.0,-1.8369701987210297e-16,0.43388373911755823,-0.900968867902419
385,1,10,643,334,74,1,2,0.4680530582090954,-0.09497252726585426,-0.2067936485059295,0.20890829841632896,115.32,4.756345013785209,-0.9659258262890683,-0.25881904510252063,0.7818314824680298,0.6234898018587336
280,1,28,662,56,80,2,0,-0.09410294572169475,0.13376284041566644,-0.2067936485059295,-1.25120136319008,575.62,6.357183470693631,-1.0,-1.8369701987210297e-16,0.0,1.0
76,1,9,673,475,85,0,2,1.3112870641052805,-0.9813220770317469,-0.2067936485059295,-0.5893192724009975,614.03,6.421671047104593,-0.8660254037844385,-0.5000000000000004,0.0,1.0
391,1,38,567,210,95,0,3,-1.443277355155591,0.23383456377633172,1.4528410002061958,-0.882932419061289,307.24,5.730878700317902,-0.8660254037844385,-0.5000000000000004,0.43388373911755823,-0.900968867902419
327,1,0,517,240,24,2,3,-1.387061754762512,2.1923811495493526,-0.2067936485059295,-0.9088210609900399,146.67,4.994980054485683,-0.8660254037844385,-0.5000000000000004,0.7818314824680298,0.6234898018587336
267,0,30,365,474,52,2,2,1.1426402629260435,-0.16645232966632947,-0.2067936485059295,-0.9962070859693093,36.76,3.6312503412773,-0.8660254037844385,-0.5000000000000004,0.0,1.0
175,1,38,158,320,4,0,3,-0.9935525520109589,1.8492780980270715,-0.2067936485059295,-1.1288834913615184,623.9,6.437591636935036,-0.9659258262890683,-0.25881904510252063,0.7818314824680298,0.6234898018587336
238,1,42,102,197,13,1,0,-0.8811213512248008,0.47686589193794743,-0.2067936485059295,0.8783105820128817,411.72,6.022769396936394,-1.0,-1.8369701987210297e-16,0.7818314824680298,0.6234898018587336
177,1,19,679,135,89,2,1,0.41183745781601633,-0.39518769734785014,-0.2067936485059295,1.0474469743543666,204.63,5.326078437333427,-0.9659258262890683,-0.25881904510252063,0.9749279121818236,-0.22252093395631434
455,1,2,510,101,35,0,1,0.41183745781601633,-1.2672412866336478,-0.2067936485059295,-0.7452921223375892,0.84,0.6097655716208943,-0.8660254037844385,-0.5000000000000004,0.0,1.0
324,1,5,278,533,56,2,0,1.1426402629260435,0.7770810620199433,-0.2067936485059295,0.16734083650200715,3.8,1.5686159179138452,-0.8660254037844385,-0.5000000000000004,0.7818314824680298,0.6234898018587336
314,0,18,362,529,65,2,3,-1.105983752797117,-0.8097705512706064,-0.2067936485059295,-1.1651306668539172,207.71,5.34094572860366,-0.9659258262890683,-0.25881904510252063,0.43388373911755823,-0.900968867902419
436,0,36,385,50,32,1,3,-1.387061754762512,-0.5095553811886104,-0.2067936485059295,-1.1335166275371404,800.29,6.686222928985698,-0.8660254037844385,-0.5000000000000004,0.0,1.0
20,0,29,476,357,27,1,2,0.9177778613537274,-1.0242099584720321,-0.2067936485059295,-0.6786667523743736,1142.83,7.04213755949886,-0.9659258262890683,-0.25881904510252063,-0.433883739117558,-0.9009688679024191
52,0,39,377,332,68,2,0,0.1307594558506213,0.10517091945547634,3.1124756489183207,2.069421434139944,122.85,4.819071155935369,-0.9659258262890683,-0.25881904510252063,0.9749279121818236,-0.22252093395631434
292,1,11,649,53,99,1,3,-1.330846154369433,-1.4102008914345983,-0.2067936485059295,-1.023139273234794,506.03,6.228570173438246,-0.8660254037844385,-0.5000000000000004,0.9749279121818236,-0.22252093395631434
492,0,1,639,321,19,1,3,-1.105983752797117,2.392524596270683,-0.2067936485059295,-1.2209718803397311,841.5,6.736373662226517,-0.8660254037844385,-0.5000000000000004,0.0,1.0
97,0,28,365,317,7,1,2,0.8615622609606484,-0.33800385542746997,-0.2067936485059295,0.17342775696737844,231.51,5.448933234855163,-0.9659258262890683,-0.25881904510252063,0.0,1.0
48,1,36,97,245,60,0,1,-0.8811213512248008,-1.3101291680739329,-0.2067936485059295,-0.6046160573615726,24.19,3.226447090364519,-0.9659258262890683,-0.25881904510252063,0.9749279121818236,-0.22252093395631434
244,0,2,265,34,12,2,1,-0.15031854611477377,-0.9813220770317469,-0.2067936485059295,-0.7882082448099503,48.77,3.9074123928704627,-0.9659258262890683,-0.25881904510252063,0.43388373911755823,-0.900968867902419
449,0,18,460,455,73,0,1,0.5242686586021743,0.7770810620199433,6.431744946342571,-1.2283100296118006,1176.28,7.070961971916409,-0.8660254037844385,-0.5000000000000004,0.9749279121818236,-0.22252093395631434
118,1,41,71,94,99,0,0,-0.20653414650785276,2.092309426188687,-0.2067936485059295,2.516315237607662,85.73,4.462799844696365,-0.8660254037844385,-0.5000000000000004,0.9749279121818236,-0.22252093395631434
413,1,13,204,176,86,0,0,0.018328255064463266,-0.20934021110661458,-0.2067936485059295,2.2454754808266575,101.81,4.632882624554627,-0.9659258262890683,-0.25881904510252063,0.43388373911755823,-0.900968867902419
17,0,12,511,398,94,2,3,-1.387061754762512,0.677009338659278,-0.2067936485059295,1.0946013780100716,98.54,4.6005595734304086,-0.8660254037844385,-0.5000000000000004,-0.433883739117558,-0.9009688679024191
388,1,34,680,144,82,1,0,0.5804842589952534,-0.3094119344672799,-0.2067936485059295,-1.2667673674635718,28.38,3.380314170745731,-0.8660254037844385,-0.5000000000000004,0.43388373911755823,-0.900968867902419
392,1,34,27,222,11,1,3,-0.9935525520109589,-1.4673847333549783,-0.2067936485059295,-1.2034495490590456,756.59,6.63014234220714,-0.8660254037844385,-0.5000000000000004,0.0,1.0
370,1,9,374,127,25,0,0,1.3675026644983594,-0.4523715392682303,-0.2067936485059295,2.2211354909455414,325.6,5.788736180536365,-0.8660254037844385,-0.5000000000000004,0.7818314824680298,0.6234898018587336
235,1,18,338,240,0,1,0,1.0864246625329645,0.8485608644204186,1.4528410002061958,-0.9692441307823485,278.88,5.634360939877696,-0.8660254037844385,-0.5000000000000004,-0.433883739117558,-0.9009688679024191
241,1,42,212,281,10,1,2,0.7491310601744904,2.120901347148877,-0.2067936485059295,-0.8111636782246383,77.44,4.362334001328145,-0.8660254037844385,-0.5000000000000004,0.0,1.0
200,1,17,623,117,59,0,2,1.7610118672499127,-0.7668826698303213,-0.2067936485059295,-0.8417854520738085,642.68,6.467201708201478,-0.8660254037844385,-0.5000000000000004,0.43388373911755823,-0.900968867902419
457,1,36,401,328,60,2,0,1.0302090621398854,-0.40948365782794516,-0.2067936485059295,-1.0425512676928084,17.67,2.9269179575536315,-0.9659258262890683,-0.25881904510252063,0.7818314824680298,0.6234898018587336
489,1,33,106,172,50,1,1,0.5242686586021743,-0.1378604087061394,-0.2067936485059295,0.39609007670359453,24.34,3.232384174892993,-0.9659258262890683,-0.25881904510252063,0.9749279121818236,-0.22252093395631434
391,1,22,171,167,39,0,2,1.3112870641052805,1.677726572265931,-0.2067936485059295,0.04632547334927073,145.77,4.988866735623107,-0.8660254037844385,-0.5000000000000004,0.9749279121818236,-0.22252093395631434
114,0,22,600,539,3,2,2,1.2550714637122016,-1.367313009994313,-0.2067936485059295,0.7225864394415558,14.34,2.73046379593911,-0.9659258262890683,-0.25881904510252063,0.7818314824680298,0.6234898018587336
171,0,28,586,577,31,2,0,-0.6562589496524849,-1.2529453261535526,-0.2067936485059295,0.1919628656633217,498.59,6.213787762038289,-0.8660254037844385,-0.5000000000000004,0.0,1.0
278,1,4,176,566,69,0,2,0.9739934617468065,-0.9241382351113667,-0.2067936485059295,0.19273719168713907,24.77,3.2492110246642736,-1.0,-1.8369701987210297e-16,0.7818314824680298,0.6234898018587336
453,1,40,225,27,70,1,3,-1.330846154369433,-0.19504425062651956,-0.2067936485059295,-0.9817230869343967,5.71,1.9035989509835904,-0.9659258262890683,-0.25881904510252063,-0.433883739117558,-0.9009688679024191
27,1,35,71,55,63,1,3,-1.49949295554867,-0.7811786303104162,-0.2067936485059295,-0.9040622891350572,1664.33,7.417778580974074,-0.9659258262890683,-0.25881904510252063,0.0,1.0
226,0,14,171,120,66,1,2,1.3675026644983594,0.41968205001756725,-0.2067936485059295,-0.6842588221026696,348.7,5.85707564406933,-0.9659258262890683,-0.25881904510252063,0.7818314824680298,0.6234898018587336
437,1,27,314,263,87,1,2,1.7610118672499127,-0.6096271045492758,-0.2067936485059295,-0.052578010235916094,12.18,2.578700529074361,-1.0,-1.8369701987210297e-16,0.43388373911755823,-0.900968867902419
451,1,38,57,516,24,0,0,-0.8811213512248008,-1.2529453261535526,-0.2067936485059295,1.382532715171095,3.85,1.5789787049493917,-0.8660254037844385,-0.5000000000000004,0.0,1.0
42,1,18,333,405,4,1,0,0.41183745781601633,0.6341214572189929,-0.2067936485059295,0.6650119663792502,487.32,6.1909709286560375,-1.0,-1.8369701987210297e-16,0.43388373911755823,-0.900968867902419
39,1,28,527,285,56,1,1,0.8615622609606484,-0.7811786303104162,-0.2067936485059295,0.15763355727627185,50.28,3.9373008126124147,-0.8660254037844385,-0.5000000000000004,0.43388373911755823,-0.900968867902419
216,1,41,310,265,38,2,3,-0.9373369516178799,2.5068922801114435,-0.2067936485059295,-0.8968856714507376,118.83,4.786074071694426,-0.8660254037844385,-0.5000000000000004,0.0,1.0
51,1,39,108,359,49,1,1,-0.9935525520109589,0.11946687993557138,-0.2067936485059295,0.6489895712705285,212.74,5.364760323096751,-1.0,-1.8369701987210297e-16,0.43388373911755823,-0.900968867902419
188,1,35,159,197,59,2,2,0.5804842589952534,0.333906287136997,-0.2067936485059295,-0.9377121392561748,332.59,5.809912694016117,-0.9659258262890683,-0.25881904510252063,0.43388373911755823,-0.900968867902419
288,1,19,351,467,89,1,2,1.0302090621398854,0.662713378179183,-0.2067936485059295,0.21651566700131494,23.01,3.178470410233162,-1.0,-1.8369701987210297e-16,-0.433883739117558,-0.9009688679024191
104,1,34,355,175,63,2,2,0.6366998593883324,1.30603159978346,-0.2067936485059295,0.2295099858380892,329.75,5.801362802995065,-0.9659258262890683,-0.25881904510252063,0.0,1.0
318,1,10,117,461,25,2,1,0.07454385545754227,-0.6096271045492758,-0.2067936485059295,-1.0498355731022946,141.37,4.958429302625654,-0.8660254037844385,-0.5000000000000004,-0.433883739117558,-0.9009688679024191
427,1,5,135,426,93,1,1,0.35562185742293734,-0.35229981590756504,-0.2067936485059295,-0.544657070384863,11.09,2.492378664626701,-0.8660254037844385,-0.5000000000000004,0.7818314824680298,0.6234898018587336
355,1,7,453,285,77,1,2,1.2550714637122016,0.4339780104976623,-0.2067936485059295,-0.5830195404787493,46.75,3.865979066926739,-0.9659258262890683,-0.25881904510252063,0.0,1.0
51,0,26,434,365,1,2,1,-0.2627497469009318,-1.4673847333549783,-0.2067936485059295,-1.188686074737391,24.77,3.2492110246642736,-0.8660254037844385,-0.5000000000000004,0.9749279121818236,-0.22252093395631434
40,1,15,472,474,19,1,2,1.4799338652845175,1.9779417423479269,-0.2067936485059295,-0.10360917199762014,135.94,4.919542873692917,-0.8660254037844385,-0.5000000000000004,0.9749279121818236,-0.22252093395631434
458,0,19,152,496,25,2,0,0.35562185742293734,-0.15215636918623443,-0.2067936485059295,2.482919222838723,79.33,4.386143150185721,-0.8660254037844385,-0.5000000000000004,0.9749279121818236,-0.22252093395631434
493,1,17,427,36,31,0,0,0.8615622609606484,0.39109012905737717,-0.2067936485059295,-1.0847187040759156,242.17,5.493760787219967,-0.8660254037844385,-0.5000000000000004,0.43388373911755823,-0.900968867902419
457,1,34,315,192,42,0,3,-1.105983752797117,0.5769376152986128,-0.2067936485059295,-1.0373284130222264,105.37,4.666923582263574,-1.0,-1.8369701987210297e-16,0.43388373911755823,-0.900968867902419
329,1,22,318,112,76,0,0,1.1988558633191224,0.30531436617680696,-0.2067936485059295,1.2818318721730078,415.5,6.031886461606898,-0.8660254037844385,-0.5000000000000004,-0.433883739117558,-0.9009688679024191
123,1,25,643,261,58,0,1,-0.20653414650785276,-1.0242099584720321,-0.2067936485059295,-0.42979785552081945,220.23,5.3992028843218955,-1.0,-1.8369701987210297e-16,0.0,1.0
455,0,38,93,148,51,1,3,-1.330846154369433,0.40538608953747224,-0.2067936485059295,-1.283905099725805,659.71,6.493315014383689,-0.8660254037844385,-0.5000000000000004,-0.433883739117558,-0.9009688679024191
460,1,28,515,176,73,1,1,0.35562185742293734,1.2488477578630797,-0.2067936485059295,0.21763100415482664,105.94,4.672267929520586,-0.8660254037844385,-0.5000000000000004,0.0,1.0
361,1,36,350,339,87,0,2,0.5804842589952534,0.333906287136997,-0.2067936485059295,-0.48214178193217405,372.41,5.922677011680996,-1.0,-1.8369701987210297e-16,0.0,1.0
208,1,30,238,4,14,0,0,1.3112870641052805,-1.2100574447132675,-0.2067936485059295,1.413859587220761,333.39,5.812307976457184,-0.8660254037844385,-0.5000000000000004,0.0,1.0
237,1,4,618,503,32,2,2,1.3112870641052805,0.7770810620199433,-0.2067936485059295,0.691510838750612,272.97,5.6130186113426115,-1.0,-1.8369701987210297e-16,0.0,1.0
403,1,25,42,304,17,0,2,1.7047962668568335,1.1773679554626044,-0.2067936485059295,-0.6320430953641325,248.15,5.518055124727414,-0.8660254037844385,-0.5000000000000004,0.43388373911755823,-0.900968867902419
29,1,24,633,262,69,1,2,0.6929154597814113,0.23383456377633172,-0.2067936485059295,0.4988164745321972,211.1,5.357057861570636,-0.8660254037844385,-0.5000000000000004,0.43388373911755823,-0.900968867902419
440,0,19,177,395,77,2,3,-1.443277355155591,-1.2815372471137427,-0.2067936485059295,-1.2525833556630517,207.82,5.3414726368619645,-0.8660254037844385,-0.5000000000000004,0.7818314824680298,0.6234898018587336
489,1,40,41,258,10,2,1,-0.9373369516178799,0.21953860329623667,-0.2067936485059295,-0.5126404840954394,197.18,5.289175708630753,-0.8660254037844385,-0.5000000000000004,0.7818314824680298,0.6234898018587336
364,0,20,306,564,35,0,3,-1.274630553976354,1.8921659794673567,-0.2067936485059295,-0.9513038685682781,793.88,6.678191159865005,-0.8660254037844385,-0.5000000000000004,0.9749279121818236,-0.22252093395631434
260,1,11,209,116,44,0,3,-1.387061754762512,2.321044793870208,4.772110297630446,-1.075457559711585,611.11,6.416912004923377,-1.0,-1.8369701987210297e-16,0.9749279121818236,-0.22252093395631434
430,1,26,38,34,56,0,3,-1.274630553976354,1.9779417423479269,-0.2067936485059295,-0.8397598972432931,71.87,4.288677031682191,-1.0,-1.8369701987210297e-16,0.0,1.0
92,1,20,536,571,23,0,1,-0.4313965480801688,1.2774396788232698,-0.2067936485059295,-0.6098363480386981,13.92,2.702702594775615,-0.9659258262890683,-0.25881904510252063,0.0,1.0
228,1,11,390,562,67,1,0,-0.4876121484732478,0.662713378179183,-0.2067936485059295,1.243074547086844,310.09,5.740082259381818,-0.8660254037844385,-0.5000000000000004,-0.433883739117558,-0.9009688679024191
328,0,6,588,31,9,2,2,0.4680530582090954,0.6055295362588028,1.4528410002061958,-0.9754336109859739,506.28,6.2290631193917765,-0.9659258262890683,-0.25881904510252063,0.7818314824680298,0.6234898018587336
249,1,5,94,348,6,2,0,-0.4876121484732478,1.2202558369028897,-0.2067936485059295,-1.220307806034537,430.35,6.066919825522588,-0.9659258262890683,-0.25881904510252063,0.0,1.0
93,1,17,368,561,89,0,2,1.2550714637122016,2.120901347148877,-0.2067936485059295,0.6289211944876887,10.92,2.4782176616372036,-0.9659258262890683,-0.25881904510252063,-0.433883739117558,-0.9009688679024191
436,1,24,45,467,28,0,3,-1.218414953583275,0.5483456943384226,6.431744946342571,-1.138657434417119,246.93,5.513146448258161,-0.8660254037844385,-0.5000000000000004,0.0,1.0
459,1,38,230,529,89,0,0,0.1307594558506213,1.0344083506616542,-0.2067936485059295,2.252452107021382,83.6,4.437934266612178,-1.0,-1.8369701987210297e-16,-0.433883739117558,-0.9009688679024191
121,1,39,531,514,59,1,0,1.0302090621398854,-1.009913997991937,-0.2067936485059295,1.296708162206742,100.38,4.6188758330442035,-0.9659258262890683,-0.25881904510252063,0.0,1.0
363,1,33,453,390,98,1,0,1.3112870641052805,-1.2243534051933627,-0.2067936485059295,2.2004209878117016,368.53,5.912231927890838,-0.8660254037844385,-0.5000000000000004,0.0,1.0
358,1,15,32,152,97,1,1,-0.4876121484732478,1.33462352074365,-0.2067936485059295,-0.15355063654037607,436.8,6.081762185088762,-0.8660254037844385,-0.5000000000000004,0.43388373911755823,-0.900968867902419
23,1,38,598,304,17,0,1,-0.4313965480801688,-0.7096988279099411,-0.2067936485059295,-0.09709662861849505,84.89,4.453067407778134,-0.9659258262890683,-0.25881904510252063,0.0,1.0
373,1,25,605,130,39,2,0,0.018328255064463266,1.6348386908256458,-0.2067936485059295,-1.1568592239637372,981.76,6.890364939778055,-0.8660254037844385,-0.5000000000000004,0.0,1.0
14,1,21,227,522,12,1,0,0.9177778613537274,-1.2672412866336478,-0.2067936485059295,1.6664103786776314,774.48,6.653482192471007,-0.8660254037844385,-0.5000000000000004,0.0,1.0
286,1,14,582,334,54,0,1,0.1869750562437003,0.23383456377633172,-0.2067936485059295,-0.008472194799809155,41.93,3.7595708822364693,-0.8660254037844385,-0.5000000000000004,0.0,1.0
475,1,30,607,25,45,2,0,-0.3751809476870898,-1.4387928123947882,-0.2067936485059295,2.3332794367393115,34.02,3.555919326857706,-0.8660254037844385,-0.5000000000000004,0.0,1.0
412,1,6,346,558,34,1,2,1.7610118672499127,-0.7096988279099411,-0.2067936485059295,-0.46756547913283286,6.03,1.9501867058225735,-1.0,-1.8369701987210297e-16,0.9749279121818236,-0.22252093395631434
433,1,0,565,454,34,0,0,1.1426402629260435,-1.052801879432222,-0.2067936485059295,0.744990614263129,54.34,4.01349597435878,-1.0,-1.8369701987210297e-16,0.0,1.0
85,1,37,148,570,66,1,0,-0.03788734532861574,-1.5388645357554536,-0.2067936485059295,2.0434943323093484,346.12,5.849670541490095,-0.9659258262890683,-0.25881904510252063,-0.433883739117558,-0.9009688679024191
405,1,13,606,97,11,0,0,-0.5438277488663268,0.5912335757787078,-0.2067936485059295,2.2273018952080594,282.65,5.647741083772576,-0.9659258262890683,-0.25881904510252063,0.9749279121818236,-0.22252093395631434
293,1,29,9,455,6,2,3,-0.9935525520109589,0.34820224761709206,-0.2067936485059295,-1.182888885532587,587.23,6.377118027879466,-0.9659258262890683,-0.25881904510252063,0.0,1.0
474,1,12,416,28,48,0,0,-0.8249057508317219,-0.2522280925468997,-0.2067936485059295,0.9551816698276658,56.12,4.0451543180313285,-1.0,-1.8369701987210297e-16,0.9749279121818236,-0.22252093395631434
232,1,41,615,395,83,1,1,0.1869750562437003,1.063000271621844,-0.2067936485059295,-0.6241767634400553,185.71,5.2295566109772444,-0.8660254037844385,-0.5000000000000004,0.0,1.0
170,0,1,351,364,20,2,3,-1.218414953583275,-0.29511597398718487,-0.2067936485059295,-1.223428186070913,431.31,6.0691429234902445,-0.8660254037844385,-0.5000000000000004,0.0,1.0
346,1,0,257,329,14,1,1,0.5242686586021743,-0.06638060630566417,-0.2067936485059295,-0.7917568117535367,92.29,4.53571292097287,-0.8660254037844385,-0.5000000000000004,0.9749279121818236,-0.22252093395631434
40,0,28,198,521,51,1,3,-1.218414953583275,1.0915921925820342,-0.2067936485059295,-1.1299654966000976,221.49,5.4048821567760665,-1.0,-1.8369701987210297e-16,0.9749279121818236,-0.22252093395631434
56,1,39,72,248,4,1,1,-0.7686901504386429,-1.1957614842331725,-0.2067936485059295,0.48381198482564564,199.14,5.29901712166231,-0.9659258262890683,-0.25881904510252063,0.9749279121818236,-0.22252093395631434
73,1,9,93,293,90,1,2,1.8172274676429916,0.8342649039403235,-0.2067936485059295,0.7225607995069921,223.43,5.413563854552423,-0.9659258262890683,-0.25881904510252063,0.9749279121818236,-0.22252093395631434
182,1,33,295,517,18,1,0,1.2550714637122016,-0.6096271045492758,-0.2067936485059295,0.7507365235988058,484.24,6.184643613902718,-0.8660254037844385,-0.5000000000000004,0.0,1.0
175,1,22,163,23,36,1,1,0.1869750562437003,-1.5674564567156437,-0.2067936485059295,-0.46183495375789385,736.73,6.603577904001159,-0.8660254037844385,-0.5000000000000004,0.0,1.0
460,1,31,653,445,97,0,0,0.6366998593883324,2.249564991469733,4.772110297630446,0.6085605224508254,106.16,4.674323044676408,-0.9659258262890683,-0.25881904510252063,-0.433883739117558,-0.9009688679024191
96,1,21,212,419,66,2,1,0.5242686586021743,-0.7096988279099411,-0.2067936485059295,-0.0027262854641322133,137.57,4.931375613110624,-0.9659258262890683,-0.25881904510252063,0.0,1.0
349,1,36,46,169,81,2,1,-0.4876121484732478,-0.1092684877459493,4.772110297630446,0.31384485860430394,109.28,4.703022586155596,-0.8660254037844385,-0.5000000000000004,-0.433883739117558,-0.9009688679024191
158,1,38,197,545,12,0,1,0.41183745781601633,-1.4673847333549783,-0.2067936485059295,-0.9800103393055559,269.79,5.601343612734418,-0.8660254037844385,-0.5000000000000004,0.7818314824680298,0.6234898018587336
19,1,31,299,560,92,1,3,-0.9373369516178799,-1.4816806938350733,-0.2067936485059295,1.240300306167075,881.1,6.7823054282647215,-0.8660254037844385,-0.5000000000000004,0.0,1.0
100,1,30,266,97,43,0,3,-1.49949295554867,1.2917356393033648,-0.2067936485059295,-1.1893527130360415,237.86,5.475877606240281,-0.9659258262890683,-0.25881904510252063,0.0,1.0
333,1,36,658,217,55,2,1,-0.9935525520109589,-1.1957614842331725,-0.2067936485059295,0.7060948335303221,742.26,6.611045916210839,-0.9659258262890683,-0.25881904510252063,0.7818314824680298,0.6234898018587336
138,1,38,160,412,56,0,0,-0.15031854611477377,0.8056729829801335,-0.2067936485059295,1.0326450401308669,152.42,5.03317925853115,-0.8660254037844385,-0.5000000000000004,0.0,1.0
141,1,16,143,246,63,1,1,0.1869750562437003,-1.3101291680739329,-0.2067936485059295,0.13238078572469533,386.52,5.959767460364727,-0.8660254037844385,-0.5000000000000004,-0.433883739117558,-0.9009688679024191
221,1,8,378,109,80,0,3,-1.387061754762512,-0.7525867093502262,-0.2067936485059295,1.0576003884415066,810.36,6.698711852046709,-0.8660254037844385,-0.5000000000000004,0.7818314824680298,0.6234898018587336
91,1,10,18,310,68,0,3,-1.49949295554867,0.6341214572189929,-0.2067936485059295,-1.1250580131246466,132.42,4.893502047281369,-0.8660254037844385,-0.5000000000000004,0.0,1.0
478,1,19,350,254,76,2,0,-0.20653414650785276,1.2059598764227946,-0.2067936485059295,2.3734315742657293,150.3,5.01926462079431,-0.9659258262890683,-0.25881904510252063,0.0,1.0
421,1,24,608,363,37,1,3,-0.9935525520109589,-0.666810946469656,-0.2067936485059295,-0.9502757071922825,107.03,4.682408966328894,-1.0,-1.8369701987210297e-16,0.0,1.0
348,1,3,16,15,43,0,1,0.5242686586021743,-0.9527301560715568,-0.2067936485059295,0.8311895102721089,151.37,5.026311773481264,-0.8660254037844385,-0.5000000000000004,0.0,1.0
155,0,20,102,472,60,0,0,0.07454385545754227,-1.338721089034123,-0.2067936485059295,0.06515544129269421,214.73,5.374027625782512,-1.0,-1.8369701987210297e-16,-0.433883739117558,-0.9009688679024191
213,1,18,138,246,1,2,2,0.41183745781601633,0.062283038015191215,-0.2067936485059295,-0.41505745714027187,54.84,4.022490458454117,-0.8660254037844385,-0.5000000000000004,0.0,1.0
378,1,27,97,91,65,2,2,0.4680530582090954,0.7484891410597533,-0.2067936485059295,-0.23364466412979043,256.3,5.550242719287699,-0.8660254037844385,-0.5000000000000004,0.9749279121818236,-0.22252093395631434
475,1,11,133,465,64,1,0,0.35562185742293734,2.278156912429923,-0.2067936485059295,1.2890777176806487,354.76,5.874256346202441,-0.8660254037844385,-0.5000000000000004,0.9749279121818236,-0.22252093395631434
475,1,4,532,42,52,0,2,1.8734430680360705,-0.23793213206680466,-0.2067936485059295,-0.6668416145536942,1087.9,6.992923291352016,-1.0,-1.8369701987210297e-16,0.0,1.0
263,0,7,576,437,83,0,2,1.0302090621398854,-0.9098422746312717,-0.2067936485059295,-0.3123515712593203,90.94,4.521136190378082,-0.9659258262890683,-0.25881904510252063,-0.433883739117558,-0.9009688679024191
230,1,36,411,557,20,0,0,0.2431906566367793,-0.36659577638766006,-0.2067936485059295,1.7262770618899124,16.8,2.8791984572980396,-0.9659258262890683,-0.25881904510252063,0.0,1.0
2,1,24,623,136,44,0,0,0.4680530582090954,-1.5388645357554536,-0.2067936485059295,-0.8782710789576476,207.47,5.339795145994346,-1.0,-1.8369701987210297e-16,0.0,1.0
316,1,36,188,84,31,2,0,0.5242686586021743,0.04798707753509617,-0.2067936485059295,-1.1773634796341559,182.29,5.211069597983756,-0.8660254037844385,-0.5000000000000004,0.9749279121818236,-0.22252093395631434
228,0,2,377,248,27,2,2,1.8172274676429916,0.6198254967388979,-0.2067936485059295,0.5080442869815953,26.31,3.3072529354856135,-0.8660254037844385,-0.5000000000000004,-0.433883739117558,-0.9009688679024191
3,1,25,643,199,24,1,1,-0.03788734532861574,-1.3101291680739329,-0.2067936485059295,-0.5053972025812549,642.54,6.466984185166485,-1.0,-1.8369701987210297e-16,0.9749279121818236,-0.22252093395631434
242,1,41,140,436,58,1,0,1.3112870641052805,0.5340497338583277,-0.2067936485059295,2.298278362066698,77.25,4.359908829420263,-0.9659258262890683,-0.25881904510252063,-0.433883739117558,-0.9009688679024191
108,1,40,429,512,87,2,2,1.5923650660706756,-0.5524432626288956,-0.2067936485059295,0.35569179580536775,319.17,5.768852104730449,-0.8660254037844385,-0.5000000000000004,0.9749279121818236,-0.22252093395631434
284,1,37,140,300,70,0,0,0.07454385545754227,-1.2529453261535526,-0.2067936485059295,0.7264144816718839,23.7,3.2068032436339315,-0.9659258262890683,-0.25881904510252063,0.43388373911755823,-0.900968867902419
216,1,13,392,537,94,0,1,-0.15031854611477377,-0.12356444822604433,3.1124756489183207,-0.12542619231768953,152.01,5.030503278733722,-0.8660254037844385,-0.5000000000000004,0.43388373911755823,-0.900968867902419
464,1,24,629,0,38,2,1,-0.20653414650785276,-0.5381473021488006,-0.2067936485059295,0.6152269054373315,65.57,4.198254025612612,-0.9659258262890683,-0.25881904510252063,0.43388373911755823,-0.900968867902419
440,0,31,95,88,80,2,1,0.7491310601744904,-0.5667392231089906,-0.2067936485059295,0.34297438826187915,345.39,5.847565307911304,-0.9659258262890683,-0.25881904510252063,0.0,1.0
269,0,39,465,449,72,1,0,-0.7124745500455638,-0.5953311440691808,-0.2067936485059295,1.6326348928771528,30.48,3.4493524235492026,-0.8660254037844385,-0.5000000000000004,0.0,1.0
169,1,38,510,574,32,0,0,-0.4313965480801688,-0.8097705512706064,-0.2067936485059295,2.5290429011249755,577.73,6.360836047567908,-0.8660254037844385,-0.5000000000000004,-0.433883739117558,-0.9009688679024191
164,1,30,436,378,86,2,2,1.8172274676429916,-0.2665240530269948,-0.2067936485059295,-0.7287210326292088,294.77,5.689582125255059,-0.9659258262890683,-0.25881904510252063,0.7818314824680298,0.6234898018587336
239,0,36,321,365,21,2,2,1.5923650660706756,-0.36659577638766006,6.431744946342571,0.517356711215053,176.52,5.179083278624338,-0.9659258262890683,-0.25881904510252063,0.7818314824680298,0.6234898018587336
70,1,41,398,344,72,2,2,1.9858742688222286,-0.09497252726585426,-0.2067936485059295,0.34318207173184345,69.4,4.254193263163997,-1.0,-1.8369701987210297e-16,0.0,1.0
59,1,38,680,380,49,0,2,1.9296586684291497,-0.2522280925468997,-0.2067936485059295,-0.40862183356483717,27.21,3.339676525013905,-0.8660254037844385,-0.5000000000000004,0.9749279121818236,-0.22252093395631434
312,1,18,471,193,51,2,1,0.4680530582090954,-0.1092684877459493,-0.2067936485059295,-0.1733959458925136,22.63,3.1625170911988163,-0.9659258262890683,-0.25881904510252063,0.0,1.0
197,0,39,235,112,18,0,0,-0.4313965480801688,0.2767224452166169,-0.2067936485059295,2.103091796208713,7.08,2.089391872533004,-0.8660254037844385,-0.5000000000000004,0.9749279121818236,-0.22252093395631434
4,1,33,348,231,28,1,1,-0.6562589496524849,1.2059598764227946,-0.2067936485059295,-0.7331977652039933,377.92,5.937325101007334,-0.9659258262890683,-0.25881904510252063,0.9749279121818236,-0.22252093395631434
23,0,18,233,395,24,1,0,0.2994062570298583,-0.5524432626288956,-0.2067936485059295,0.08694425768474362,423.53,6.050982674632389,-0.9659258262890683,-0.25881904510252063,0.43388373911755823,-0.900968867902419
10,1,14,86,416,45,0,3,-1.162199353190196,-1.2100574447132675,-0.2067936485059295,-1.081072705380988,117.55,4.775334812511415,-0.8660254037844385,-0.5000000000000004,-0.433883739117558,-0.9009688679024191
433,1,7,34,239,80,2,0,-0.6562589496524849,0.6055295362588028,4.772110297630446,2.167158300702493,120.86,4.802872844820349,-0.9659258262890683,-0.25881904510252063,0.43388373911755823,-0.900968867902419
216,1,18,126,82,24,0,0,-0.03788734532861574,-0.4523715392682303,-0.2067936485059295,0.5368610094374959,346.85,5.85177135236965,-1.0,-1.8369701987210297e-16,-0.433883739117558,-0.9009688679024191
147,1,0,148,365,16,0,0,0.7491310601744904,-0.5381473021488006,-0.2067936485059295,1.7773595035207435,453.54,6.119285918545867,-0.8660254037844385,-0.5000000000000004,0.9749279121818236,-0.22252093395631434
378,1,18,273,292,99,1,2,0.35562185742293734,0.24813052425642676,-0.2067936485059295,-0.9329969552899499,117.97,4.778871360488434,-1.0,-1.8369701987210297e-16,-0.433883739117558,-0.9009688679024191
117,1,25,78,415,42,0,1,0.7491310601744904,0.5769376152986128,-0.2067936485059295,0.5182694928855132,54.61,4.018363041199472,-0.8660254037844385,-0.5000000000000004,0.0,1.0
164,1,20,486,248,28,0,1,0.018328255064463266,0.19094668233604659,-0.2067936485059295,-0.20421001925090965,0.99,0.688134638736401,-0.8660254037844385,-0.5000000000000004,0.9749279121818236,-0.22252093395631434
88,1,3,120,209,7,2,2,0.9177778613537274,-0.38089173686775507,-0.2067936485059295,0.5789925499122146,109.48,4.704834509101037,-0.9659258262890683,-0.25881904510252063,0.0,1.0
254,1,28,73,427,45,0,3,-0.9373369516178799,-0.995618037511842,-0.2067936485059295,-0.8199248438649812,189.03,5.247181954433266,-0.9659258262890683,-0.25881904510252063,0.43388373911755823,-0.900968867902419
338,1,24,601,261,50,0,1,-0.15031854611477377,0.03369111705500113,-0.2067936485059295,-1.0947618664444327,331.38,5.806278892699377,-0.9659258262890683,-0.25881904510252063,0.7818314824680298,0.6234898018587336
250,1,23,9,512,37,0,1,-0.31896534729401077,0.1623547613758565,-0.2067936485059295,0.12695281157760555,508.16,6.232762309002234,-1.0,-1.8369701987210297e-16,0.7818314824680298,0.6234898018587336
29,1,12,261,546,71,0,3,-1.330846154369433,0.8771527853806086,-0.2067936485059295,-0.8272629931370505,348.17,5.855558909621995,-0.9659258262890683,-0.25881904510252063,0.9749279121818236,-0.22252093395631434
300,1,31,56,509,60,0,0,0.8615622609606484,-0.7668826698303213,-0.2067936485059295,2.1723914113469,203.34,5.319785273163277,-0.9659258262890683,-0.25881904510252063,0.9749279121818236,-0.22252093395631434
433,1,15,213,351,97,1,1,-0.6562589496524849,-0.5381473021488006,-0.2067936485059295,1.248423037436787,135.35,4.9152251092915975,-1.0,-1.8369701987210297e-16,-0.433883739117558,-0.9009688679024191
290,1,3,49,283,65,0,0,1.0864246625329645,0.07657899849528625,-0.2067936485059295,0.8576447947547128,264.14,5.580257988370704,-0.9659258262890683,-0.25881904510252063,-0.433883739117558,-0.9009688679024191
29,1,40,485,258,22,0,2,0.6929154597814113,0.8342649039403235,-0.2067936485059295,-0.6544934220679198,251.4,5.5310151306670585,-0.8660254037844385,-0.5000000000000004,0.9749279121818236,-0.22252093395631434
339,1,31,591,19,91,2,3,-0.9373369516178799,-0.695402867429846,-0.2067936485059295,-0.9282740793433559,175.02,5.170597624945666,-0.8660254037844385,-0.5000000000000004,0.0,1.0
142,1,5,95,432,61,1,1,-0.4876121484732478,-0.2665240530269948,-0.2067936485059295,1.0765559920642906,132.48,4.893951653883173,-1.0,-1.8369701987210297e-16,0.9749279121818236,-0.22252093395631434
34,1,16,667,449,52,0,2,0.9739934617468065,-1.0956897608725071,-0.2067936485059295,-0.88185041382271,26.92,3.329343277894172,-1.0,-1.8369701987210297e-16,0.43388373911755823,-0.900968867902419
220,1,39,546,22,25,2,0,1.3112870641052805,0.2767224452166169,-0.2067936485059295,0.4851478254164032,918.95,6.824319320740102,-0.8660254037844385,-0.5000000000000004,0.0,1.0
429,1,20,412,229,36,1,0,-0.8811213512248008,-0.9241382351113667,-0.2067936485059295,1.282221599178373,870.43,6.770135540449008,-0.8660254037844385,-0.5000000000000004,0.9749279121818236,-0.22252093395631434
68,1,31,429,470,46,1,2,1.3112870641052805,0.47686589193794743,-0.2067936485059295,0.578833582317921,293.97,5.686873656253288,-0.9659258262890683,-0.25881904510252063,0.0,1.0
29,1,8,68,375,47,2,2,1.5923650660706756,-0.02349272486537904,3.1124756489183207,0.07726261839357187,363.84,5.899458901311958,-0.9659258262890683,-0.25881904510252063,0.43388373911755823,-0.900968867902419
492,1,16,520,88,95,2,0,-0.6562589496524849,-1.3244251285540278,-0.2067936485059295,1.7818388000889844,26.75,3.3232358401924436,-0.8660254037844385,-0.5000000000000004,0.0,1.0
439,0,29,74,326,18,1,1,0.7491310601744904,-1.052801879432222,-0.2067936485059295,0.82516412564969,157.7,5.0670156275323635,-0.9659258262890683,-0.25881904510252063,-0.433883739117558,-0.9009688679024191
60,1,9,179,390,10,2,3,-1.330846154369433,-0.7239947883900362,-0.2067936485059295,-1.2516757019795044,138.33,4.936845220125501,-0.9659258262890683,-0.25881904510252063,-0.433883739117558,-0.9009688679024191
377,1,27,14,480,85,1,0,1.0864246625329645,0.5626416548185177,-0.2067936485059295,-0.867922801367825,1427.71,7.264527218216673,-0.9659258262890683,-0.25881904510252063,0.7818314824680298,0.6234898018587336
307,1,38,17,313,15,1,3,-1.49949295554867,0.9915204692213689,-0.2067936485059295,-0.9319175140448271,427.79,6.060967288589134,-0.9659258262890683,-0.25881904510252063,0.7818314824680298,0.6234898018587336
299,1,23,413,171,32,1,0,1.0864246625329645,-0.7239947883900362,-0.2067936485059295,1.219339659661426,24.56,3.241028629509334,-0.9659258262890683,-0.25881904510252063,-0.433883739117558,-0.9009688679024191
148,1,33,494,547,51,2,0,-0.31896534729401077,0.9486325877810838,-0.2067936485059295,1.7725853477050229,195.8,5.282187984618153,-0.9659258262890683,-0.25881904510252063,0.7818314824680298,0.6234898018587336
353,1,13,110,38,64,2,1,0.07454385545754227,0.7770810620199433,-0.2067936485059295,-0.6529909219024996,88.4,4.493120682179469,-1.0,-1.8369701987210297e-16,-0.433883739117558,-0.9009688679024191
104,1,23,596,66,24,0,3,-1.105983752797117,0.6055295362588028,-0.2067936485059295,-0.940670987704801,241.18,5.48968125132622,-1.0,-1.8369701987210297e-16,0.7818314824680298,0.6234898018587336
414,1,29,622,245,94,0,2,0.9739934617468065,-0.42377961830804023,-0.2067936485059295,-0.1632040719035283,104.63,4.659942421835071,-0.9659258262890683,-0.25881904510252063,0.9749279121818236,-0.22252093395631434
379,1,15,566,446,52,0,2,1.8734430680360705,0.019395156574906088,-0.2067936485059295,0.5632009142145642,179.0,5.19295685089021,-0.8660254037844385,-0.5000000000000004,0.9749279121818236,-0.22252093395631434
257,1,15,111,330,71,2,1,-0.6562589496524849,-1.4959766543151685,-0.2067936485059295,-0.18787994492742618,451.68,6.115185474097741,-1.0,-1.8369701987210297e-16,0.7818314824680298,0.6234898018587336
195,0,42,257,155,36,1,3,-1.330846154369433,-0.8526584327108915,-0.2067936485059295,-1.0120217976080668,318.92,5.768070964538563,-1.0,-1.8369701987210297e-16,-0.433883739117558,-0.9009688679024191
447,1,26,602,70,86,0,3,-1.0497681524040379,-1.3816089704744081,-0.2067936485059295,-1.1716791061414316,45.92,3.848444023785275,-0.9659258262890683,-0.25881904510252063,0.0,1.0
250,1,19,391,475,99,2,1,-0.9373369516178799,0.7056012596194681,1.4528410002061958,1.0667076931984563,175.07,5.170881643238353,-0.8660254037844385,-0.5000000000000004,0.43388373911755823,-0.900968867902419
119,0,9,557,457,8,0,2,1.8734430680360705,2.321044793870208,-0.2067936485059295,-0.40654243487173863,213.76,5.3695211255543684,-0.9659258262890683,-0.25881904510252063,0.9749279121818236,-0.22252093395631434
371,1,37,426,514,75,1,3,-1.105983752797117,-0.8097705512706064,-0.2067936485059295,-1.1375190213225004,213.25,5.367143557477889,-0.9659258262890683,-0.25881904510252063,0.43388373911755823,-0.900968867902419
157,1,26,33,257,16,0,1,0.8615622609606484,0.8628568249005136,-0.2067936485059295,-0.7588710316824109,187.88,5.2411118927772575,-0.8660254037844385,-0.5000000000000004,0.43388373911755823,-0.900968867902419
361,1,11,643,166,77,2,0,1.4237182648914386,-0.43807557878813524,-0.2067936485059295,-0.8860604910780343,199.09,5.298767265328402,-0.8660254037844385,-0.5000000000000004,-0.433883739117558,-0.9009688679024191
293,1,28,590,561,77,0,2,1.0864246625329645,-0.9670261165516518,-0.2067936485059295,0.6426129195445899,261.19,5.569069431776972,-0.9659258262890683,-0.25881904510252063,0.43388373911755823,-0.900968867902419
12,1,12,36,459,55,0,1,0.2431906566367793,0.8342649039403235,-0.2067936485059295,1.1625907924920649,75.04,4.331259517620229,-0.9659258262890683,-0.25881904510252063,0.43388373911755823,-0.900968867902419
475,1,3,240,342,95,2,1,0.6929154597814113,-0.5953311440691808,-0.2067936485059295,0.3939337582068055,201.73,5.311875044480103,-1.0,-1.8369701987210297e-16,0.7818314824680298,0.6234898018587336
142,1,18,98,519,37,2,3,-1.274630553976354,-0.5381473021488006,-0.2067936485059295,-0.8482467155838067,518.85,6.253540308423979,-1.0,-1.8369701987210297e-16,0.0,1.0
230,1,19,298,321,51,0,0,0.41183745781601633,0.5912335757787078,-0.2067936485059295,-1.1272117676279794,445.79,6.102088685565886,-0.9659258262890683,-0.25881904510252063,-0.433883739117558,-0.9009688679024191
354,1,8,417,49,58,2,1,-0.31896534729401077,1.6348386908256458,-0.2067936485059295,-0.0011109695866326143,492.93,6.202393806742613,-1.0,-1.8369701987210297e-16,0.43388373911755823,-0.900968867902419
242,1,5,535,6,11,1,3,-1.274630553976354,-1.1671695632729824,6.431744946342571,-1.1020795037688513,180.65,5.202081758667211,-0.9659258262890683,-0.25881904510252063,0.0,1.0
471,1,25,630,107,90,0,1,0.8053466605675694,-1.1242816818326973,-0.2067936485059295,-0.6043519660355687,506.81,6.230107361869115,-0.8660254037844385,-0.5000000000000004,0.9749279121818236,-0.22252093395631434
31,1,36,243,425,11,0,0,1.0864246625329645,-1.3101291680739329,-0.2067936485059295,0.8048931933837988,47.42,3.8799129515099127,-0.8660254037844385,-0.5000000000000004,0.7818314824680298,0.6234898018587336
180,1,15,15,447,14,2,1,-0.9935525520109589,2.392524596270683,-0.2067936485059295,-1.1503389886042428,677.29,6.519574925104157,-1.0,-1.8369701987210297e-16,0.0,1.0
404,1,13,274,453,13,2,0,1.3675026644983594,-0.33800385542746997,-0.2067936485059295,0.40988948948566206,354.96,5.874818364988662,-0.8660254037844385,-0.5000000000000004,0.9749279121818236,-0.22252093395631434
124,1,21,505,312,51,1,2,0.5242686586021743,-0.9241382351113667,-0.2067936485059295,0.01135773059159015,77.53,4.363480717386783,-1.0,-1.8369701987210297e-16,0.7818314824680298,0.6234898018587336
22,1,1,92,566,80,0,1,0.07454385545754227,-0.6096271045492758,4.772110297630446,0.26129837670989775,126.22,4.845917871250658,-0.8660254037844385,-0.5000000000000004,0.43388373911755823,-0.900968867902419
287,1,3,274,248,52,0,0,-0.8811213512248008,1.963645781867832,-0.2067936485059295,1.2074709339519887,59.12,4.0963425648847736,-0.8660254037844385,-0.5000000000000004,0.0,1.0
398,0,24,44,148,84,2,3,-1.49949295554867,0.677009338659278,-0.2067936485059295,-0.8589949761528196,395.27,5.982095797103882,-0.8660254037844385,-0.5000000000000004,0.0,1.0
413,0,14,579,465,8,2,3,-1.330846154369433,0.5340497338583277,-0.2067936485059295,-1.0460972706429383,75.53,4.33768282082183,-0.9659258262890683,-0.25881904510252063,0.0,1.0
16,1,16,497,543,80,0,3,-1.105983752797117,-1.1671695632729824,-0.2067936485059295,-1.1631897238074616,492.84,6.202211578085641,-0.9659258262890683,-0.25881904510252063,0.9749279121818236,-0.22252093395631434
369,0,7,255,450,1,1,3,-1.274630553976354,-1.0813938003924122,-0.2067936485059295,-1.258434388730439,138.68,4.939354092091292,-0.8660254037844385,-0.5000000000000004,0.9749279121818236,-0.22252093395631434
128,0,11,242,399,38,2,0,0.6929154597814113,0.41968205001756725,-0.2067936485059295,0.5284357269399349,386.81,5.960515528963966,-1.0,-1.8369701987210297e-16,-0.433883739117558,-0.9009688679024191
392,1,23,304,207,10,2,1,0.1869750562437003,0.5054578128981375,-0.2067936485059295,-0.3540318488857214,18.3,2.9601050959108397,-0.8660254037844385,-0.5000000000000004,0.0,1.0
107,0,2,408,156,29,1,0,0.9739934617468065,1.3775114021839352,-0.2067936485059295,0.5155798637498035,389.7,5.967940002061025,-0.8660254037844385,-0.5000000000000004,-0.433883739117558,-0.9009688679024191
466,1,20,663,413,32,1,0,-0.7686901504386429,-0.12356444822604433,-0.2067936485059295,2.371918818126484,436.64,6.081396654608589,-0.9659258262890683,-0.25881904510252063,0.0,1.0
112,0,41,45,460,3,1,2,1.9858742688222286,-1.1528736027928874,-0.2067936485059295,-0.34383484690982347,27.07,3.334701390373791,-0.9659258262890683,-0.25881904510252063,0.0,1.0
398,1,9,378,121,8,0,2,1.6485806664637546,-0.681106906949751,-0.2067936485059295,0.3756422288892153,79.43,4.387387240915977,-0.9659258262890683,-0.25881904510252063,0.0,1.0
340,1,41,290,290,29,2,1,-0.4876121484732478,0.7056012596194681,-0.2067936485059295,-0.07369506034240222,889.01,6.791232698618119,-0.9659258262890683,-0.25881904510252063,0.7818314824680298,0.6234898018587336
169,1,36,669,112,95,0,0,1.1426402629260435,2.335340754350303,-0.2067936485059295,1.9946143610575204,26.06,3.2980566227426418,-0.9659258262890683,-0.25881904510252063,0.43388373911755823,-0.900968867902419
159,1,27,107,368,55,2,0,-0.20653414650785276,0.319610326656902,6.431744946342571,-1.2031213578966329,514.95,6.246009861561723,-1.0,-1.8369701987210297e-16,0.43388373911755823,-0.900968867902419
71,1,18,298,425,71,0,0,0.07454385545754227,-0.8383624722307964,-0.2067936485059295,1.512742558858297,31.06,3.467609147181407,-0.8660254037844385,-0.5000000000000004,0.0,1.0
207,1,34,1,223,23,0,1,-0.5438277488663268,-0.23793213206680466,-0.2067936485059295,-0.7233469023447023,167.47,5.126757692398113,-0.9659258262890683,-0.25881904510252063,-0.433883739117558,-0.9009688679024191
183,0,3,148,414,36,1,2,1.0302090621398854,-0.12356444822604433,-0.2067936485059295,0.4716458358752721,163.46,5.1026673795427495,-0.9659258262890683,-0.25881904510252063,-0.433883739117558,-0.9009688679024191
168,0,37,155,463,46,2,2,0.41183745781601633,-0.8097705512706064,-0.2067936485059295,-0.5955779804279442,9.1,2.312535423847214,-0.8660254037844385,-0.5000000000000004,0.43388373911755823,-0.900968867902419
43,1,32,145,106,80,1,2,1.2550714637122016,-0.5810351835890857,-0.2067936485059295,-0.7955310101212816,1074.29,6.98034567162293,-0.8660254037844385,-0.5000000000000004,0.43388373911755823,-0.900968867902419
172,0,39,220,401,57,2,1,-0.4876121484732478,0.7341931805796582,-0.2067936485059295,0.9987413546575703,83.02,4.431054865741236,-0.9659258262890683,-0.25881904510252063,0.0,1.0
309,0,8,244,442,56,2,0,-0.2627497469009318,-0.23793213206680466,-0.2067936485059295,2.1874266689749273,27.51,3.3502549029245805,-1.0,-1.8369701987210297e-16,0.9749279121818236,-0.22252093395631434
139,1,0,411,292,5,0,0,0.1307594558506213,2.2352690309896377,-0.2067936485059295,0.7367473753009683,398.7,5.990714265717278,-0.8660254037844385,-0.5000000000000004,0.0,1.0
60,1,5,677,392,36,0,2,1.9296586684291497,-0.06638060630566417,-0.2067936485059295,-0.056421436426982434,476.63,6.168836374176023,-0.9659258262890683,-0.25881904510252063,0.7818314824680298,0.6234898018587336
434,1,11,555,374,93,2,1,-0.6000433492594058,-1.4387928123947882,-0.2067936485059295,-0.02452022984309443,369.44,5.9146914883020685,-0.9659258262890683,-0.25881904510252063,0.0,1.0
277,0,7,670,514,18,2,3,-1.162199353190196,-0.2665240530269948,-0.2067936485059295,-0.31125931004691576,161.38,5.089939267434301,-0.8660254037844385,-0.5000000000000004,0.43388373911755823,-0.900968867902419
254,0,32,230,214,60,2,2,0.6929154597814113,-1.395904930954503,-0.2067936485059295,-0.7396462087467098,79.14,4.383775105207999,-0.9659258262890683,-0.25881904510252063,0.9749279121818236,-0.22252093395631434
93,0,12,273,46,94,1,0,-0.09410294572169475,-0.02349272486537904,-0.2067936485059295,0.336315697255742,395.77,5.983356767713818,-0.8660254037844385,-0.5000000000000004,0.0,1.0
126,1,17,397,227,37,0,3,-1.218414953583275,-1.038505918952127,-0.2067936485059295,-1.2129542728017295,425.91,6.056573218179185,-0.8660254037844385,-0.5000000000000004,-0.433883739117558,-0.9009688679024191
484,1,27,648,77,59,1,1,-0.9935525520109589,-1.1671695632729824,-0.2067936485059295,0.056578883181208545,48.05,3.892840186011372,-0.9659258262890683,-0.25881904510252063,0.43388373911755823,-0.900968867902419
183,1,3,357,544,30,0,0,-0.6562589496524849,-1.4673847333549783,-0.2067936485059295,1.4385662281661353,172.68,5.157214525570036,-0.8660254037844385,-0.5000000000000004,0.0,1.0
128,1,36,41,105,85,0,0,-0.09410294572169475,-0.6382190255094659,-0.2067936485059295,0.8358816182972265,423.96,6.051995046848014,-1.0,-1.8369701987210297e-16,0.0,1.0
467,1,9,466,449,99,2,3,-0.9373369516178799,2.349636714830398,-0.2067936485059295,-0.817458282159974,588.37,6.37905416978864,-0.9659258262890683,-0.25881904510252063,0.43388373911755823,-0.900968867902419
337,1,8,539,117,23,2,2,1.0302090621398854,-0.6239230650293708,-0.2067936485059295,-0.20253060353700156,33.63,3.5447203584143305,-0.8660254037844385,-0.5000000000000004,-0.433883739117558,-0.9009688679024191
52,1,11,521,91,72,2,1,0.8053466605675694,-1.1957614842331725,-0.2067936485059295,0.20811346044486081,67.33,4.224348908792687,-1.0,-1.8369701987210297e-16,0.43388373911755823,-0.900968867902419
223,1,4,90,492,79,2,3,-1.0497681524040379,0.2910184056967119,-0.2067936485059295,-1.25627807023365,615.16,6.423506670066598,-0.8660254037844385,-0.5000000000000004,0.0,1.0
425,0,16,272,36,25,1,2,0.41183745781601633,-1.367313009994313,-0.2067936485059295,-0.9137618763804235,86.35,4.469923036580066,-0.9659258262890683,-0.25881904510252063,0.0,1.0
109,1,4,572,52,46,1,0,-0.8249057508317219,-0.20934021110661458,-0.2067936485059295,2.363019196839498,35.05,3.584906863730958,-1.0,-1.8369701987210297e-16,0.9749279121818236,-0.22252093395631434
147,1,7,210,172,42,2,0,1.0302090621398854,0.019395156574906088,4.772110297630446,1.2368440429879173,336.01,5.820112603502614,-1.0,-1.8369701987210297e-16,0.43388373911755823,-0.900968867902419
370,1,38,275,571,66,1,1,-0.15031854611477377,1.992237702828022,-0.2067936485059295,0.4316244620151284,147.4,4.99991133073328,-0.8660254037844385,-0.5000000000000004,-0.433883739117558,-0.9009688679024191
80,1,17,273,444,74,0,3,-1.387061754762512,0.8056729829801335,-0.2067936485059295,-1.0995975581031059,436.77,6.081693658300472,-0.8660254037844385,-0.5000000000000004,0.43388373911755823,-0.900968867902419
200,1,6,570,309,53,0,1,-0.6000433492594058,-0.7954745907905113,-0.2067936485059295,-0.33368656080959613,377.04,5.935000010126855,-0.8660254037844385,-0.5000000000000004,0.43388373911755823,-0.900968867902419
436,0,15,393,224,66,2,1,-0.5438277488663268,0.07657899849528625,-0.2067936485059295,0.6972900800012215,491.1,6.198681947871933,-0.8660254037844385,-0.5000000000000004,0.0,1.0
451,1,35,19,121,66,0,3,-0.9935525520109589,0.5769376152986128,-0.2067936485059295,-0.8765608953222632,101.04,4.625364893273611,-1.0,-1.8369701987210297e-16,0.0,1.0
288,0,41,517,235,20,0,2,0.9177778613537274,-0.5953311440691808,-0.2067936485059295,-0.6539190875336979,410.4,6.019565977218857,-0.8660254037844385,-0.5000000000000004,-0.433883739117558,-0.9009688679024191
454,1,24,130,115,63,0,2,1.0302090621398854,-1.2100574447132675,-0.2067936485059295,-0.6568343480935661,285.69,5.65840149261586,-1.0,-1.8369701987210297e-16,0.9749279121818236,-0.22252093395631434
395,0,22,186,555,68,2,1,0.6366998593883324,0.9915204692213689,-0.2067936485059295,0.5489579305645482,78.33,4.373616367313912,-0.8660254037844385,-0.5000000000000004,0.0,1.0
437,1,35,513,506,13,2,0,-0.31896534729401077,1.5061750465047905,-0.2067936485059295,1.140491732891797,258.21,5.5576385439808345,-0.9659258262890683,-0.25881904510252063,0.0,1.0
441,1,1,401,126,99,1,3,-1.218414953583275,1.4203992836242203,-0.2067936485059295,-0.7994334081618439,662.11,6.496940888942756,-0.8660254037844385,-0.5000000000000004,0.43388373911755823,-0.900968867902419
153,1,8,586,340,27,2,1,0.8615622609606484,0.19094668233604659,-0.2067936485059295,0.7637205864617544,207.2,5.338499156180869,-0.8660254037844385,-0.5000000000000004,0.0,1.0
217,1,9,494,557,23,1,0,0.2994062570298583,0.34820224761709206,-0.2067936485059295,2.3996484073568927,100.66,4.621633912018757,-1.0,-1.8369701987210297e-16,-0.433883739117558,-0.9009688679024191
321,1,29,144,159,76,0,1,-0.15031854611477377,0.4625699314578524,-0.2067936485059295,0.46072322375122743,56.52,4.052132713412791,-0.8660254037844385,-0.5000000000000004,0.0,1.0
52,1,14,202,546,83,1,0,1.0864246625329645,-0.8097705512706064,-0.2067936485059295,2.2393116405575957,137.23,4.928918964476265,-0.8660254037844385,-0.5000000000000004,-0.433883739117558,-0.9009688679024191
49,1,30,48,485,2,1,1,0.1869750562437003,2.406820556750778,-0.2067936485059295,-1.253703820803476,186.55,5.234045476527896,-0.8660254037844385,-0.5000000000000004,0.9749279121818236,-0.22252093395631434
481,1,17,37,142,96,1,3,-0.9373369516178799,-1.338721089034123,-0.2067936485059295,-0.9659647831516788,278.28,5.63221486279678,-0.8660254037844385,-0.5000000000000004,0.0,1.0
253,1,10,180,483,24,2,1,0.6366998593883324,0.8485608644204186,-0.2067936485059295,0.7838017832118761,326.29,5.790846628030911,-0.9659258262890683,-0.25881904510252063,0.9749279121818236,-0.22252093395631434
316,1,5,62,288,78,1,3,-1.274630553976354,-0.8669543931909865,-0.2067936485059295,-1.0678835230415316,20.64,3.074543453978281,-0.8660254037844385,-0.5000000000000004,0.43388373911755823,-0.900968867902419
175,0,10,3,516,87,1,1,-0.2627497469009318,0.04798707753509617,-0.2067936485059295,0.40637425445700825,218.59,5.3917621712579,-0.8660254037844385,-0.5000000000000004,0.0,1.0
214,1,10,572,355,82,0,0,0.8615622609606484,0.40538608953747224,-0.2067936485059295,-1.128834775485848,319.85,5.770973724196525,-0.8660254037844385,-0.5000000000000004,0.9749279121818236,-0.22252093395631434
86,1,4,399,125,20,1,0,-0.4876121484732478,-0.03778868534547408,-0.2067936485059295,-1.041923089296003,295.93,5.693496420787701,-0.9659258262890683,-0.25881904510252063,0.0,1.0
315,1,28,631,453,36,1,1,-0.6000433492594058,-0.8812503536710816,-0.2067936485059295,0.5556576454659868,60.99,4.126973081713828,-0.9659258262890683,-0.25881904510252063,0.7818314824680298,0.6234898018587336
277,1,39,455,422,87,1,0,1.1988558633191224,0.39109012905737717,-0.2067936485059295,0.3210445522297305,453.49,6.119175911175262,-0.8660254037844385,-0.5000000000000004,0.0,1.0
64,1,16,626,397,61,0,0,1.3675026644983594,1.8635740585071665,-0.2067936485059295,0.5536295266420153,347.25,5.852920612659915,-1.0,-1.8369701987210297e-16,0.0,1.0
140,1,29,82,279,47,0,1,0.8615622609606484,0.662713378179183,-0.2067936485059295,0.4171891788558863,25.58,3.2801590532850993,-0.8660254037844385,-0.5000000000000004,0.43388373911755823,-0.900968867902419
214,1,15,202,45,96,1,1,-1.0497681524040379,0.17665072185595154,6.431744946342571,-0.03541463803911913,624.0,6.437751649736401,-0.9659258262890683,-0.25881904510252063,0.43388373911755823,-0.900968867902419
315,0,26,621,545,44,1,2,1.4237182648914386,-0.8097705512706064,-0.2067936485059295,-0.7410512771607888,542.75,6.298489582402894,-1.0,-1.8369701987210297e-16,0.43388373911755823,-0.900968867902419
76,1,8,346,338,41,2,2,0.4680530582090954,-1.5102726147952634,-0.2067936485059295,-0.3422502989538001,567.92,6.343739826702027,-0.8660254037844385,-0.5000000000000004,0.7818314824680298,0.6234898018587336
294,1,18,135,1,18,0,2,0.5804842589952534,-1.2815372471137427,-0.2067936485059295,-0.6772309160388184,10.52,2.444084655267745,-0.9659258262890683,-0.25881904510252063,0.9749279121818236,-0.22252093395631434
200,0,8,153,125,47,1,2,1.4799338652845175,-0.18074829014642452,-0.2067936485059295,0.14428797133597787,148.54,5.00756391557177,-0.8660254037844385,-0.5000000000000004,-0.433883739117558,-0.9009688679024191
21,0,40,649,515,52,1,1,-0.7124745500455638,-1.5531604962355485,-0.2067936485059295,-0.41427031114917295,168.0,5.1298987149230735,-0.8660254037844385,-0.5000000000000004,0.43388373911755823,-0.900968867902419
33,0,1,607,13,11,0,0,0.5242686586021743,-0.9241382351113667,-0.2067936485059295,2.518148492928951,813.78,6.702918138150561,-0.9659258262890683,-0.25881904510252063,0.0,1.0
409,1,21,122,256,85,1,3,-1.0497681524040379,-0.9241382351113667,-0.2067936485059295,-0.8552335977523563,420.6,6.044056997227153,-0.8660254037844385,-0.5000000000000004,0.0,1.0
90,1,25,306,447,41,2,1,0.2431906566367793,0.8485608644204186,-0.2067936485059295,-0.4200623723670643,66.01,4.20484186198508,-1.0,-1.8369701987210297e-16,-0.433883739117558,-0.9009688679024191
64,1,1,356,233,88,2,3,-0.9935525520109589,-0.5524432626288956,-0.2067936485059295,-1.0291005580208041,57.34,4.066287964439575,-0.8660254037844385,-0.5000000000000004,0.0,1.0
235,0,3,166,217,69,2,0,-0.7686901504386429,-1.5674564567156437,-0.2067936485059295,0.44558540638494587,123.35,4.823100170249414,-0.9659258262890683,-0.25881904510252063,-0.433883739117558,-0.9009688679024191
323,1,16,479,9,7,0,3,-0.9935525520109589,0.005099196094811046,-0.2067936485059295,-1.196678042340829,720.89,6.5818727727150526,-0.9659258262890683,-0.25881904510252063,0.0,1.0
206,1,30,41,571,80,1,0,0.6929154597814113,0.5483456943384226,-0.2067936485059295,-0.9483655320673028,598.81,6.396612938400003,-0.8660254037844385,-0.5000000000000004,0.0,1.0
261,0,25,294,505,95,1,1,0.2431906566367793,0.4339780104976623,-0.2067936485059295,1.0607438444189896,103.08,4.64515983420425,-0.8660254037844385,-0.5000000000000004,0.0,1.0
118,1,25,282,496,98,0,3,-0.9935525520109589,-0.8097705512706064,-0.2067936485059295,-1.0486433161450923,183.22,5.216130695560089,-1.0,-1.8369701987210297e-16,0.43388373911755823,-0.900968867902419
450,1,22,339,147,80,2,3,-1.105983752797117,-1.1528736027928874,-0.2067936485059295,-1.234161062679188,787.41,6.670018259114919,-0.8660254037844385,-0.5000000000000004,0.0,1.0
307,1,31,265,74,33,2,2,1.7610118672499127,0.8342649039403235,-0.2067936485059295,0.08591096832183524,297.15,5.697596715569115,-1.0,-1.8369701987210297e-16,0.43388373911755823,-0.900968867902419
369,1,23,472,287,24,0,1,-0.15031854611477377,0.11946687993557138,-0.2067936485059295,-0.794482336797635,516.72,6.249434555574237,-1.0,-1.8369701987210297e-16,0.0,1.0
68,1,32,78,444,82,1,3,-1.162199353190196,0.5769376152986128,-0.2067936485059295,0.9915749929470765,156.58,5.059933265817542,-0.8660254037844385,-0.5000000000000004,0.0,1.0
308,1,0,477,368,28,2,3,-1.162199353190196,-1.009913997991937,-0.2067936485059295,-1.1752045971439107,10.07,2.4042387467205457,-0.8660254037844385,-0.5000000000000004,0.7818314824680298,0.6234898018587336
178,1,25,234,451,69,0,3,-1.0497681524040379,1.8206861770668814,-0.2067936485059295,0.6367311185557263,108.96,4.700116663297045,-1.0,-1.8369701987210297e-16,0.7818314824680298,0.6234898018587336
268,1,24,250,253,20,2,1,0.2431906566367793,0.34820224761709206,3.1124756489183207,0.3155576062331446,71.34,4.281377226523952,-0.8660254037844385,-0.5000000000000004,0.0,1.0
243,1,4,100,107,95,0,0,1.1988558633191224,-1.0956897608725071,-0.2067936485059295,2.3680548799877665,111.26,4.720817609514054,-0.9659258262890683,-0.25881904510252063,-0.433883739117558,-0.9009688679024191
13,1,23,471,372,84,0,3,-1.330846154369433,-1.2386493656734576,-0.2067936485059295,-1.210708214533968,605.42,6.4075728153146265,-0.8660254037844385,-0.5000000000000004,0.7818314824680298,0.6234898018587336
270,1,2,310,383,52,0,1,-0.09410294572169475,-0.43807557878813524,-0.2067936485059295,-0.24480572764527536,341.88,5.837380531725267,-0.8660254037844385,-0.5000000000000004,0.9749279121818236,-0.22252093395631434
398,1,6,539,232,89,2,0,-0.8249057508317219,1.8063902165867864,-0.2067936485059295,0.08421616864718898,6.0,1.9459101490553132,-1.0,-1.8369701987210297e-16,0.0,1.0
106,1,13,617,157,73,0,0,0.2994062570298583,-0.19504425062651956,-0.2067936485059295,0.841386512248007,134.7,4.9104465668408235,-0.8660254037844385,-0.5000000000000004,0.0,1.0
263,1,2,219,576,61,1,2,1.2550714637122016,-0.7954745907905113,-0.2067936485059295,-0.9270151585562888,796.3,6.681231019508449,-0.8660254037844385,-0.5000000000000004,0.9749279121818236,-0.22252093395631434
35,1,30,52,102,65,0,1,-0.7686901504386429,0.5912335757787078,-0.2067936485059295,1.0161918941214785,173.45,5.161638167632783,-0.8660254037844385,-0.5000000000000004,0.0,1.0
328,1,28,404,149,49,2,3,-1.274630553976354,-0.052084645825569126,-0.2067936485059295,0.09672589272071327,424.47,6.053194440239918,-0.8660254037844385,-0.5000000000000004,0.0,1.0
242,1,21,601,220,67,2,0,0.018328255064463266,-1.1957614842331725,-0.2067936485059295,2.4403005236072977,290.86,5.6762742352396,-0.9659258262890683,-0.25881904510252063,0.0,1.0
1,1,12,459,576,67,1,0,-0.6562589496524849,-0.8383624722307964,-0.2067936485059295,0.33490037286783775,12.62,2.611539300721366,-0.8660254037844385,-0.5000000000000004,-0.433883739117558,-0.9009688679024191
93,1,1,140,91,21,2,1,-0.31896534729401077,0.005099196094811046,-0.2067936485059295,0.9898622453182356,52.2,3.9740583963475986,-1.0,-1.8369701987210297e-16,0.7818314824680298,0.6234898018587336
293,1,25,114,120,13,2,3,-1.218414953583275,-0.681106906949751,-0.2067936485059295,-1.1884681352936013,33.61,3.544142657647253,-0.9659258262890683,-0.25881904510252063,0.0,1.0
374,1,28,666,28,7,2,2,1.7610118672499127,-0.2522280925468997,-0.2067936485059295,-0.4652271171006429,8.95,2.2975725511705014,-0.8660254037844385,-0.5000000000000004,0.9749279121818236,-0.22252093395631434
386,1,27,381,31,12,0,1,-0.20653414650785276,-0.16645232966632947,-0.2067936485059295,-0.6641955733067426,328.39,5.79724245905564,-0.8660254037844385,-0.5000000000000004,0.43388373911755823,-0.900968867902419
477,0,40,54,533,14,0,1,-0.3751809476870898,2.1351973076289723,-0.2067936485059295,0.4764405036386437,154.32,5.045487504863466,-0.8660254037844385,-0.5000000000000004,0.0,1.0
126,1,32,416,445,57,0,2,1.3112870641052805,0.8485608644204186,-0.2067936485059295,-0.6637750783799015,505.14,6.226813310860554,-0.9659258262890683,-0.25881904510252063,0.7818314824680298,0.6234898018587336
148,0,0,200,337,72,2,1,0.41183745781601633,-0.8669543931909865,-0.2067936485059295,0.6372080213386072,17.78,2.932792473780117,-0.8660254037844385,-0.5000000000000004,0.7818314824680298,0.6234898018587336
480,1,22,47,329,27,2,1,-0.4313965480801688,2.2638609519498276,-0.2067936485059295,0.44687765908694554,282.26,5.64636520378625,-0.8660254037844385,-0.5000000000000004,0.0,1.0
30,1,40,0,72,46,0,2,1.4237182648914386,-0.995618037511842,-0.2067936485059295,-0.9324405687099222,239.85,5.48417433307623,-0.8660254037844385,-0.5000000000000004,0.43388373911755823,-0.900968867902419
195,1,40,625,161,6,2,2,1.3112870641052805,2.392524596270683,-0.2067936485059295,-0.6106004180886899,201.53,5.310888023721889,-0.8660254037844385,-0.5000000000000004,0.0,1.0
34,1,36,383,257,6,2,2,1.2550714637122016,-0.06638060630566417,-0.2067936485059295,0.1310834050357831,710.43,6.567277028993498,-0.9659258262890683,-0.25881904510252063,0.9749279121818236,-0.22252093395631434
151,1,22,476,301,38,2,2,0.7491310601744904,1.8349821375469764,3.1124756489183207,0.051194496922876705,84.34,4.446643277759854,-0.8660254037844385,-0.5000000000000004,0.43388373911755823,-0.900968867902419
449,1,1,373,543,76,1,3,-1.387061754762512,1.692022532746026,-0.2067936485059295,-1.2547653140944044,253.47,5.539182950849863,-0.9659258262890683,-0.25881904510252063,0.9749279121818236,-0.22252093395631434
421,1,23,211,29,93,0,3,-1.387061754762512,0.30531436617680696,-0.2067936485059295,-1.0590890254862562,668.78,6.506949300254695,-0.9659258262890683,-0.25881904510252063,0.0,1.0
99,0,15,371,141,64,1,0,0.8053466605675694,-0.29511597398718487,-0.2067936485059295,2.014249422946237,166.55,5.12128181418332,-0.9659258262890683,-0.25881904510252063,0.43388373911755823,-0.900968867902419
316,1,35,14,464,61,1,0,0.7491310601744904,0.34820224761709206,-0.2067936485059295,0.10955098798936833,1036.66,6.944723457082125,-0.8660254037844385,-0.5000000000000004,0.7818314824680298,0.6234898018587336
104,1,31,590,294,2,0,3,-1.274630553976354,1.4632871650645054,-0.2067936485059295,-1.06905014006417,305.0,5.723585101952381,-0.9659258262890683,-0.25881904510252063,0.43388373911755823,-0.900968867902419
244,0,20,178,436,66,1,0,0.4680530582090954,2.3067488333901127,-0.2067936485059295,-0.88832449729999,138.12,4.935336870046028,-0.9659258262890683,-0.25881904510252063,0.7818314824680298,0.6234898018587336
22,1,35,3,429,40,1,3,-1.105983752797117,-1.5102726147952634,-0.2067936485059295,-1.2088544472650282,191.89,5.262120078236149,-0.8660254037844385,-0.5000000000000004,0.7818314824680298,0.6234898018587336
459,1,29,291,286,81,1,1,-0.31896534729401077,-1.0956897608725071,-0.2067936485059295,-0.1378205366856782,243.85,5.500645778148327,-0.8660254037844385,-0.5000000000000004,0.9749279121818236,-0.22252093395631434
355,1,33,7,294,80,0,0,1.3112870641052805,-1.4959766543151685,-0.2067936485059295,0.06304527467811928,155.51,5.053119905702411,-1.0,-1.8369701987210297e-16,0.0,1.0
381,1,13,485,413,28,0,1,0.5804842589952534,-0.8526584327108915,-0.2067936485059295,0.687287941528006,85.58,4.461068842013835,-0.9659258262890683,-0.25881904510252063,0.43388373911755823,-0.900968867902419
83,1,21,299,251,16,2,3,-1.49949295554867,0.20524264281614163,-0.2067936485059295,-1.2344020780640845,166.99,5.123904453822123,-0.8660254037844385,-0.5000000000000004,0.0,1.0
372,1,18,602,226,79,1,0,-0.03788734532861574,-1.0670978399123172,-0.2067936485059295,0.7008206989906133,32.34,3.506757877322648,-0.8660254037844385,-0.5000000000000004,0.9749279121818236,-0.22252093395631434
5,1,1,137,179,25,0,3,-1.105983752797117,1.1773679554626044,-0.2067936485059295,-1.203444421072133,74.88,4.3291531450668135,-0.8660254037844385,-0.5000000000000004,0.9749279121818236,-0.22252093395631434
135,1,13,280,81,36,2,1,-0.4876121484732478,-0.7382907488701311,-0.2067936485059295,1.0573337331220463,333.67,5.813144971693325,-1.0,-1.8369701987210297e-16,0.43388373911755823,-0.900968867902419
218,1,27,45,125,91,0,2,1.4237182648914386,-0.06638060630566417,-0.2067936485059295,-0.506722787198187,483.92,6.183983928878383,-1.0,-1.8369701987210297e-16,0.0,1.0
396,1,13,16,431,77,1,2,1.7610118672499127,-0.20934021110661458,-0.2067936485059295,0.6010839175321132,11.67,2.5392369943330477,-0.8660254037844385,-0.5000000000000004,0.0,1.0
89,1,6,282,336,94,0,0,0.2431906566367793,0.37679416857728215,-0.2067936485059295,0.7070819710110163,49.84,3.928683446321253,-0.8660254037844385,-0.5000000000000004,-0.433883739117558,-0.9009688679024191
353,1,1,232,179,9,0,3,-1.330846154369433,0.40538608953747224,6.431744946342571,0.05669939087365675,434.17,6.075736759342158,-0.8660254037844385,-0.5000000000000004,0.43388373911755823,-0.900968867902419
154,1,35,212,245,39,0,1,-0.15031854611477377,0.6055295362588028,-0.2067936485059295,0.25275258651988824,261.14,5.5688787121914,-1.0,-1.8369701987210297e-16,0.0,1.0
90,0,11,161,438,42,1,2,0.35562185742293734,-0.681106906949751,-0.2067936485059295,0.4462135847817512,64.9,4.188138441508461,-0.8660254037844385,-0.5000000000000004,0.7818314824680298,0.6234898018587336
270,1,27,31,484,25,0,1,0.2431906566367793,0.005099196094811046,-0.2067936485059295,1.0922450680236873,158.02,5.069029980473338,-0.9659258262890683,-0.25881904510252063,0.9749279121818236,-0.22252093395631434
358,0,20,209,59,84,1,0,0.2994062570298583,0.1623547613758565,-0.2067936485059295,1.6078974840103026,3.3,1.4586150226995167,-0.8660254037844385,-0.5000000000000004,0.0,1.0
262,1,19,416,54,61,0,0,-0.6000433492594058,-0.7096988279099411,-0.2067936485059295,0.7180968868994895,53.14,3.9915732841861553,-0.9659258262890683,-0.25881904510252063,-0.433883739117558,-0.9009688679024191
175,0,37,320,108,93,2,3,-1.274630553976354,1.6348386908256458,-0.2067936485059295,-1.1874579218717998,242.62,5.495609634271813,-0.8660254037844385,-0.5000000000000004,0.0,1.0
239,1,14,531,528,4,0,3,-1.218414953583275,0.5054578128981375,-0.2067936485059295,-0.844680200686026,388.98,5.966095455757441,-0.9659258262890683,-0.25881904510252063,0.0,1.0
151,1,31,512,170,65,0,1,0.1307594558506213,-1.295833207593838,-0.2067936485059295,-0.46696550466404724,427.83,6.061060569995885,-0.9659258262890683,-0.25881904510252063,0.9749279121818236,-0.22252093395631434
3,1,23,96,181,83,1,1,-0.09410294572169475,-0.3094119344672799,-0.2067936485059295,-1.0499150568994413,13.16,2.6504210882655737,-0.9659258262890683,-0.25881904510252063,0.0,1.0
340,1,39,194,297,89,2,1,-0.8811213512248008,-0.18074829014642452,-0.2067936485059295,-0.024261266504003176,429.25,6.064366435091649,-0.8660254037844385,-0.5000000000000004,0.0,1.0
357,1,6,125,297,21,1,1,-0.8811213512248008,0.40538608953747224,-0.2067936485059295,0.9361337624404527,268.92,5.598125618797658,-0.8660254037844385,-0.5000000000000004,0.0,1.0
272,1,36,567,191,65,1,1,0.2431906566367793,-0.9241382351113667,-0.2067936485059295,-0.740176955392174,53.52,3.998567606828332,-0.8660254037844385,-0.5000000000000004,-0.433883739117558,-0.9009688679024191
253,1,5,593,118,14,2,0,-0.31896534729401077,-1.2243534051933627,-0.2067936485059295,0.34873055357138144,73.88,4.315886832169337,-0.8660254037844385,-0.5000000000000004,0.0,1.0
416,0,27,421,236,91,2,3,-1.387061754762512,-0.681106906949751,-0.2067936485059295,-1.0158806077598714,93.26,4.546056921495585,-0.8660254037844385,-0.5000000000000004,0.43388373911755823,-0.900968867902419
475,1,23,581,188,56,0,1,0.018328255064463266,0.34820224761709206,-0.2067936485059295,-0.11707270163690615,153.4,5.039546637590676,-0.9659258262890683,-0.25881904510252063,-0.433883739117558,-0.9009688679024191
59,1,8,468,169,57,1,2,1.4237182648914386,0.8628568249005136,-0.2067936485059295,-0.4224340663141866,21.15,3.0978374964911444,-0.8660254037844385,-0.5000000000000004,0.0,1.0
237,1,30,584,464,48,2,1,-0.8811213512248008,0.8056729829801335,3.1124756489183207,-1.092600419960731,112.66,4.733211535868976,-0.8660254037844385,-0.5000000000000004,0.0,1.0
52,1,27,584,133,86,2,2,0.5242686586021743,-0.5953311440691808,-0.2067936485059295,0.38900832677716,22.46,3.1552968432253294,-0.8660254037844385,-0.5000000000000004,0.9749279121818236,-0.22252093395631434
330,1,23,571,324,7,1,1,-0.2627497469009318,0.677009338659278,-0.2067936485059295,0.5790797256897304,378.2,5.938063770380866,-0.9659258262890683,-0.25881904510252063,0.0,1.0
1,1,19,40,0,39,0,2,1.7610118672499127,0.3624982080971871,-0.2067936485059295,0.53895066410442,331.66,5.807120947362389,-0.9659258262890683,-0.25881904510252063,0.0,1.0
246,1,11,486,571,33,0,1,0.6366998593883324,-0.052084645825569126,-0.2067936485059295,0.9638377117362984,153.07,5.037407044593683,-1.0,-1.8369701987210297e-16,0.0,1.0
84,1,16,660,94,99,0,0,1.0864246625329645,0.07657899849528625,-0.2067936485059295,0.5660546389314801,622.41,6.435204408269707,-0.8660254037844385,-0.5000000000000004,0.0,1.0
106,1,25,391,221,4,1,1,0.5804842589952534,1.8063902165867864,-0.2067936485059295,-0.09425059588194813,290.02,5.673391993332133,-0.9659258262890683,-0.25881904510252063,0.0,1.0
247,1,29,127,386,53,0,3,-1.443277355155591,1.8349821375469764,-0.2067936485059295,-1.189209129402486,426.93,6.058959630803939,-0.9659258262890683,-0.25881904510252063,0.0,1.0
292,1,9,625,506,48,0,3,-1.443277355155591,0.8056729829801335,-0.2067936485059295,-0.9257921336776106,48.85,3.9090184964078474,-0.8660254037844385,-0.5000000000000004,-0.433883739117558,-0.9009688679024191
55,1,0,480,212,1,0,3,-1.330846154369433,0.5626416548185177,1.4528410002061958,-1.103143561053236,267.48,5.592776423278841,-0.9659258262890683,-0.25881904510252063,0.0,1.0
489,1,39,585,119,83,1,3,-1.274630553976354,-1.2672412866336478,-0.2067936485059295,-0.8452596632071606,206.95,5.33729766618892,-0.8660254037844385,-0.5000000000000004,0.43388373911755823,-0.900968867902419
175,1,1,498,252,44,1,0,0.2431906566367793,1.1201841135422244,-0.2067936485059295,-1.276443878767831,311.28,5.74390022125209,-0.8660254037844385,-0.5000000000000004,0.0,1.0
335,1,7,131,24,63,2,1,0.5242686586021743,2.363932675310493,-0.2067936485059295,0.8350431924370009,383.69,5.952437815139134,-0.9659258262890683,-0.25881904510252063,0.7818314824680298,0.6234898018587336
447,1,26,541,413,50,2,2,1.2550714637122016,-1.009913997991937,-0.2067936485059295,0.4022923768745017,68.49,4.241182857326236,-0.9659258262890683,-0.25881904510252063,0.9749279121818236,-0.22252093395631434
251,1,19,595,136,29,2,2,1.4237182648914386,0.3624982080971871,-0.2067936485059295,0.4263451994885068,353.68,5.871215974511807,-0.8660254037844385,-0.5000000000000004,0.0,1.0
71,1,27,72,321,15,2,2,1.1988558633191224,-0.5095553811886104,-0.2067936485059295,-0.8066177178265326,406.81,6.010801379664123,-0.8660254037844385,-0.5000000000000004,0.7818314824680298,0.6234898018587336
451,0,30,194,12,71,0,1,0.5242686586021743,0.24813052425642676,3.1124756489183207,0.2858998939235615,53.79,4.003507695550324,-0.8660254037844385,-0.5000000000000004,0.7818314824680298,0.6234898018587336
131,0,32,95,387,87,1,3,-1.162199353190196,-0.18074829014642452,-0.2067936485059295,-1.1184275260465295,245.67,5.508051410952312,-1.0,-1.8369701987210297e-16,0.0,1.0
443,0,34,376,518,78,1,1,0.7491310601744904,-0.32370789494737495,-0.2067936485059295,-0.3777385323831196,57.91,4.076010855533596,-0.8660254037844385,-0.5000000000000004,0.7818314824680298,0.6234898018587336
161,1,5,424,286,56,0,3,-1.49949295554867,2.4925963196313483,-0.2067936485059295,-1.2236307415539647,227.14,5.429959475599752,-0.9659258262890683,-0.25881904510252063,0.0,1.0
491,1,40,167,573,21,0,0,0.9177778613537274,0.4625699314578524,-0.2067936485059295,1.7129571158841823,237.74,5.475375093666893,-1.0,-1.8369701987210297e-16,0.0,1.0
233,1,22,651,339,49,0,0,-0.2627497469009318,0.23383456377633172,1.4528410002061958,2.360778266558649,167.92,5.129425230065743,-0.9659258262890683,-0.25881904510252063,0.0,1.0
231,1,27,640,252,1,1,1,-0.6000433492594058,-0.42377961830804023,-0.2067936485059295,-0.46697832463132893,5.12,1.8115620965242347,-0.8660254037844385,-0.5000000000000004,-0.433883739117558,-0.9009688679024191
164,0,21,482,405,12,2,3,-1.218414953583275,-1.5102726147952634,-0.2067936485059295,-0.9903304129673586,182.79,5.213793801477383,-0.8660254037844385,-0.5000000000000004,0.9749279121818236,-0.22252093395631434
354,0,20,347,134,75,2,1,0.2994062570298583,-0.5524432626288956,-0.2067936485059295,-0.7275928755084154,139.03,4.941856685367686,-1.0,-1.8369701987210297e-16,0.9749279121818236,-0.22252093395631434
260,1,40,1,495,85,0,1,0.2431906566367793,-0.3094119344672799,-0.2067936485059295,-0.7936592948981471,101.52,4.630057901495871,-0.8660254037844385,-0.5000000000000004,0.9749279121818236,-0.22252093395631434
268,1,13,336,215,54,1,1,0.35562185742293734,-0.681106906949751,-0.2067936485059295,0.05454307237686771,20.54,3.0699116717282426,-1.0,-1.8369701987210297e-16,0.0,1.0
126,0,34,50,409,27,2,0,-0.2627497469009318,1.4346952441043153,-0.2067936485059295,1.9353938041962395,137.35,4.929786706232935,-1.0,-1.8369701987210297e-16,0.9749279121818236,-0.22252093395631434
433,0,36,438,89,42,2,0,0.7491310601744904,0.8485608644204186,-0.2067936485059295,1.99212215941795,9.61,2.3617969526258915,-1.0,-1.8369701987210297e-16,0.43388373911755823,-0.900968867902419
288,1,7,117,340,39,0,0,-0.15031854611477377,1.6205427303455509,-0.2067936485059295,0.06672460528797947,120.67,4.801312461799358,-1.0,-1.8369701987210297e-16,0.0,1.0
232,1,10,489,323,83,0,2,1.0864246625329645,-0.9241382351113667,-0.2067936485059295,-0.69311998348781,263.34,5.57723615332966,-0.9659258262890683,-0.25881904510252063,0.9749279121818236,-0.22252093395631434
379,0,35,51,313,58,1,2,1.8734430680360705,-1.1385776423127922,-0.2067936485059295,0.004950310944175081,302.45,5.7152168522818645,-0.9659258262890683,-0.25881904510252063,0.0,1.0
213,1,33,441,435,27,1,2,1.7047962668568335,-0.8955463141511766,-0.2067936485059295,0.6527124897691464,180.94,5.203676962393915,-0.8660254037844385,-0.5000000000000004,0.0,1.0
308,1,20,190,560,78,1,3,-1.49949295554867,2.4640043986711584,-0.2067936485059295,-1.0699065138785906,430.83,6.06803199227686,-0.8660254037844385,-0.5000000000000004,0.0,1.0
441,1,37,375,458,65,0,2,1.3112870641052805,0.677009338659278,-0.2067936485059295,-0.026663728372601687,79.77,4.391605609454205,-0.8660254037844385,-0.5000000000000004,0.0,1.0
131,1,40,427,261,1,1,1,-0.8811213512248008,-0.6382190255094659,-0.2067936485059295,0.6230752894072141,447.95,6.106911522966818,-0.9659258262890683,-0.25881904510252063,0.9749279121818236,-0.22252093395631434
108,1,27,248,442,25,1,2,1.0864246625329645,-1.4102008914345983,-0.2067936485059295,0.6390310206860709,351.38,5.864710138762483,-1.0,-1.8369701987210297e-16,0.0,1.0
218,1,10,434,168,67,0,0,-0.2627497469009318,-0.03778868534547408,-0.2067936485059295,1.0295400440552287,38.41,3.6740195912069122,-0.8660254037844385,-0.5000000000000004,0.7818314824680298,0.6234898018587336
369,1,35,44,201,20,1,3,-1.218414953583275,0.10517091945547634,-0.2067936485059295,-0.8293193158890422,245.62,5.507848690442384,-0.9659258262890683,-0.25881904510252063,-0.433883739117558,-0.9009688679024191
275,1,8,235,284,51,2,3,-1.0497681524040379,0.333906287136997,-0.2067936485059295,-1.1783506171148501,39.11,3.6916256797819615,-1.0,-1.8369701987210297e-16,-0.433883739117558,-0.9009688679024191
447,1,14,14,401,24,0,0,-0.6562589496524849,2.5068922801114435,-0.2067936485059295,2.3676805369431393,30.87,3.461665128429245,-0.8660254037844385,-0.5000000000000004,0.9749279121818236,-0.22252093395631434
259,1,3,455,418,61,1,2,1.4237182648914386,0.1623547613758565,-0.2067936485059295,-0.1368436551788093,53.83,4.004237489415957,-0.9659258262890683,-0.25881904510252063,0.9749279121818236,-0.22252093395631434
169,1,10,454,333,32,1,2,1.5361494656775965,-1.4530887728748834,-0.2067936485059295,0.6015197964196923,97.98,4.59491780952374,-0.8660254037844385,-0.5000000000000004,0.0,1.0
349,1,25,303,275,35,2,2,1.8734430680360705,0.5054578128981375,-0.2067936485059295,-0.6903201026334774,491.91,6.200326601596422,-0.9659258262890683,-0.25881904510252063,0.0,1.0
252,1,16,395,58,63,1,1,-0.4313965480801688,-1.0670978399123172,-0.2067936485059295,1.2464820943903314,506.83,6.230146745902833,-0.9659258262890683,-0.25881904510252063,0.0,1.0
114,1,27,384,164,99,2,1,0.1307594558506213,-0.9670261165516518,-0.2067936485059295,-0.6739643883754304,356.56,5.879303180219652,-0.9659258262890683,-0.25881904510252063,0.0,1.0
397,0,26,628,246,98,1,2,1.0864246625329645,-0.09497252726585426,-0.2067936485059295,-0.6638314862359411,330.61,5.803959579621873,-0.8660254037844385,-0.5000000000000004,0.43388373911755823,-0.900968867902419
382,1,29,632,346,45,1,2,0.8615622609606484,-0.6525149859895609,-0.2067936485059295,0.5797925158705953,294.61,5.6890410180011655,-1.0,-1.8369701987210297e-16,0.43388373911755823,-0.900968867902419
121,1,27,165,42,87,0,1,0.8053466605675694,0.39109012905737717,-0.2067936485059295,1.1247334291090794,162.65,5.097730000947189,-0.9659258262890683,-0.25881904510252063,0.43388373911755823,-0.900968867902419
108,1,8,274,404,53,0,0,-0.4876121484732478,-0.18074829014642452,1.4528410002061958,1.654203205831956,1250.94,7.132449627189001,-0.9659258262890683,-0.25881904510252063,0.7818314824680298,0.6234898018587336
170,1,38,55,557,46,2,1,0.4680530582090954,0.34820224761709206,-0.2067936485059295,0.7496006744976434,421.56,6.046331448548822,-0.9659258262890683,-0.25881904510252063,0.7818314824680298,0.6234898018587336
112,0,32,140,184,74,2,2,0.8053466605675694,-0.681106906949751,-0.2067936485059295,-0.35324983088153505,34.74,3.576270509731282,-0.8660254037844385,-0.5000000000000004,-0.433883739117558,-0.9009688679024191
67,1,0,310,42,28,2,0,-0.03788734532861574,-1.338721089034123,-0.2067936485059295,1.3853684919338163,603.54,6.404467838254435,-0.8660254037844385,-0.5000000000000004,-0.433883739117558,-0.9009688679024191
312,1,12,111,494,12,1,0,-0.20653414650785276,2.5354842010716334,-0.2067936485059295,2.111035047936481,1392.54,7.239602551210425,-0.8660254037844385,-0.5000000000000004,0.0,1.0
185,1,1,300,17,65,1,1,0.5804842589952534,0.04798707753509617,-0.2067936485059295,-0.7716294631212008,118.77,4.785573236959415,-0.9659258262890683,-0.25881904510252063,0.0,1.0
201,0,42,632,562,52,2,2,1.5361494656775965,-0.7525867093502262,-0.2067936485059295,0.2658212611668966,275.98,5.6239453014145715,-0.8660254037844385,-0.5000000000000004,-0.433883739117558,-0.9009688679024191
69,0,36,34,456,19,2,3,-1.274630553976354,0.2624264847365218,-0.2067936485059295,-1.1792890387198736,717.36,6.576970836150536,-0.9659258262890683,-0.25881904510252063,0.0,1.0
200,0,34,594,101,43,2,0,0.5242686586021743,0.7341931805796582,-0.2067936485059295,-1.137952336216623,461.25,6.136105870267234,-0.9659258262890683,-0.25881904510252063,0.0,1.0
262,1,20,510,334,33,1,2,1.9858742688222286,0.44827397097775734,-0.2067936485059295,-0.07015931336609765,452.8,6.117656572345742,-0.8660254037844385,-0.5000000000000004,-0.433883739117558,-0.9009688679024191
448,1,4,358,483,55,2,2,1.5361494656775965,0.319610326656902,-0.2067936485059295,-0.09352498573380152,233.74,5.458478518671978,-0.8660254037844385,-0.5000000000000004,0.0,1.0
349,1,38,549,557,90,1,1,-0.3751809476870898,-0.20934021110661458,-0.2067936485059295,1.0361218152576752,176.11,5.176771008468541,-0.8660254037844385,-0.5000000000000004,0.43388373911755823,-0.900968867902419
87,1,39,547,12,33,2,0,1.0302090621398854,-1.0242099584720321,-0.2067936485059295,2.383523452509917,67.17,4.222004585374694,-1.0,-1.8369701987210297e-16,0.0,1.0
260,1,6,401,559,45,0,2,1.6485806664637546,0.11946687993557138,-0.2067936485059295,0.5754491109555409,354.4,5.8732439157205505,-0.9659258262890683,-0.25881904510252063,0.0,1.0
225,1,27,476,222,87,0,2,1.7047962668568335,-0.052084645825569126,-0.2067936485059295,0.1459391831218662,289.05,5.670053321912073,-0.9659258262890683,-0.25881904510252063,-0.433883739117558,-0.9009688679024191
436,1,33,304,373,59,1,3,-0.9935525520109589,0.40538608953747224,-0.2067936485059295,-1.0220905999111474,231.71,5.44979304317089,-0.9659258262890683,-0.25881904510252063,0.0,1.0
422,1,40,304,78,68,2,1,-0.4876121484732478,0.39109012905737717,-0.2067936485059295,0.6186241967669932,162.36,5.095956354416355,-0.8660254037844385,-0.5000000000000004,0.9749279121818236,-0.22252093395631434
387,0,23,31,332,56,1,3,-1.162199353190196,-0.12356444822604433,-0.2067936485059295,-0.895931865884976,494.52,6.205607716224892,-0.9659258262890683,-0.25881904510252063,0.9749279121818236,-0.22252093395631434
385,0,11,306,314,22,2,0,-0.8249057508317219,0.37679416857728215,-0.2067936485059295,-1.1740918239838554,16.79,2.8786365016777435,-0.8660254037844385,-0.5000000000000004,0.0,1.0
264,1,20,299,510,92,1,2,0.6366998593883324,-0.33800385542746997,-0.2067936485059295,0.10312305639430272,119.18,4.788990618905782,-1.0,-1.8369701987210297e-16,-0.433883739117558,-0.9009688679024191
83,1,4,13,96,93,0,3,-1.218414953583275,0.4911618524180425,-0.2067936485059295,-1.0310799609691053,75.15,4.332705079341171,-0.9659258262890683,-0.25881904510252063,0.0,1.0
211,1,2,123,280,44,1,0,0.9739934617468065,-0.32370789494737495,-0.2067936485059295,0.49928055734779614,777.92,6.657908344833378,-1.0,-1.8369701987210297e-16,0.0,1.0
432,1,39,47,43,59,0,2,0.9739934617468065,-1.0670978399123172,-0.2067936485059295,-0.28859104389933876,22.59,3.1608228934195837,-0.8660254037844385,-0.5000000000000004,0.0,1.0
358,0,11,245,23,43,2,3,-1.49949295554867,-0.20934021110661458,-0.2067936485059295,-1.0429204827505227,643.38,6.468288614197958,-0.9659258262890683,-0.25881904510252063,0.0,1.0
358,1,22,134,539,90,0,0,0.8053466605675694,1.36321544170384,-0.2067936485059295,1.9317170375798356,434.58,6.076678476322463,-0.8660254037844385,-0.5000000000000004,0.9749279121818236,-0.22252093395631434
237,0,26,456,411,10,1,0,-0.15031854611477377,-1.1814655237530776,-0.2067936485059295,0.6037940586154735,233.1,5.455748374496865,-0.9659258262890683,-0.25881904510252063,0.0,1.0
284,1,12,342,263,14,2,1,-0.7686901504386429,-0.8669543931909865,-0.2067936485059295,-0.7246801789420036,881.32,6.782554801997891,-0.9659258262890683,-0.25881904510252063,0.43388373911755823,-0.900968867902419
400,1,39,641,10,66,2,0,1.3675026644983594,-0.02349272486537904,-0.2067936485059295,0.43478842994026246,997.43,6.906184045240652,-0.8660254037844385,-0.5000000000000004,0.9749279121818236,-0.22252093395631434
439,1,21,28,421,86,2,2,1.1426402629260435,-1.2815372471137427,-0.2067936485059295,-0.2998546671530776,29.34,3.4124669739203863,-0.9659258262890683,-0.25881904510252063,0.43388373911755823,-0.900968867902419
418,1,32,186,321,32,0,0,-0.8249057508317219,0.5912335757787078,-0.2067936485059295,1.5322263451330893,1919.11,7.560137755047389,-0.9659258262890683,-0.25881904510252063,0.7818314824680298,0.6234898018587336
239,1,19,504,470,43,1,1,-1.0497681524040379,0.005099196094811046,-0.2067936485059295,0.3838188040215107,14.92,2.767576180416237,-0.8660254037844385,-0.5000000000000004,0.0,1.0
2,1,8,481,211,88,0,0,1.3675026644983594,-0.7239947883900362,-0.2067936485059295,2.1465361013330817,237.97,5.476338021040286,-0.9659258262890683,-0.25881904510252063,0.0,1.0
313,1,2,389,282,64,1,0,1.0302090621398854,-0.09497252726585426,-0.2067936485059295,1.5040583130216445,260.31,5.565707441981806,-0.8660254037844385,-0.5000000000000004,0.7818314824680298,0.6234898018587336
380,1,6,536,436,44,2,3,-1.218414953583275,0.005099196094811046,-0.2067936485059295,-1.2436196345396575,234.57,5.462008109204515,-0.8660254037844385,-0.5000000000000004,-0.433883739117558,-0.9009688679024191
391,0,9,461,121,11,2,1,0.35562185742293734,0.7770810620199433,-0.2067936485059295,0.9576405395523041,254.37,5.542713473895698,-1.0,-1.8369701987210297e-16,0.43388373911755823,-0.900968867902419
31,1,8,365,221,95,1,3,-1.0497681524040379,-0.8097705512706064,-0.2067936485059295,-0.9326251762387794,40.57,3.727378753264546,-0.9659258262890683,-0.25881904510252063,0.0,1.0
196,1,6,304,98,76,0,1,0.7491310601744904,-0.7954745907905113,-0.2067936485059295,-1.2523090083632225,506.24,6.228984264366699,-0.8660254037844385,-0.5000000000000004,-0.433883739117558,-0.9009688679024191
233,1,31,398,18,66,0,0,1.0864246625329645,-1.4959766543151685,-0.2067936485059295,1.7764595418175655,72.75,4.300680995219929,-0.8660254037844385,-0.5000000000000004,0.0,1.0
410,1,11,186,358,41,1,0,1.3675026644983594,2.292452872910018,1.4528410002061958,1.7839771706315792,69.38,4.253909131893439,-0.8660254037844385,-0.5000000000000004,0.9749279121818236,-0.22252093395631434
452,1,36,652,447,46,1,1,-1.0497681524040379,-0.695402867429846,-0.2067936485059295,-0.6622956541555884,256.95,5.5527657676906585,-0.8660254037844385,-0.5000000000000004,0.43388373911755823,-0.900968867902419
450,1,7,676,216,14,2,1,0.018328255064463266,-0.46666749974832533,-0.2067936485059295,0.27060567295644283,101.23,4.627225176768922,-1.0,-1.8369701987210297e-16,-0.433883739117558,-0.9009688679024191
47,1,40,218,304,85,0,1,-0.31896534729401077,0.8199689434602284,-0.2067936485059295,1.0049744227499537,609.14,6.413688439031101,-0.8660254037844385,-0.5000000000000004,0.43388373911755823,-0.900968867902419
325,1,35,110,394,67,0,1,-0.31896534729401077,0.4625699314578524,-0.2067936485059295,-1.1116355073806623,247.58,5.515764725317365,-1.0,-1.8369701987210297e-16,0.0,1.0
185,1,24,543,174,93,0,2,1.7047962668568335,2.020829623788212,-0.2067936485059295,0.7249504414083089,36.63,3.627801604605346,-0.9659258262890683,-0.25881904510252063,0.43388373911755823,-0.900968867902419
215,1,38,618,451,48,1,3,-1.218414953583275,1.3918073626640302,-0.2067936485059295,-1.1904680501895533,46.22,3.8548175316573667,-0.8660254037844385,-0.5000000000000004,0.0,1.0
46,1,21,97,192,26,1,1,0.018328255064463266,-0.666810946469656,-0.2067936485059295,0.4704689628788081,14.1,2.714694743820879,-0.9659258262890683,-0.25881904510252063,0.0,1.0
320,1,18,322,453,77,1,1,-0.6000433492594058,0.7484891410597533,-0.2067936485059295,0.9117373647032968,0.45,0.37156355643248307,-0.9659258262890683,-0.25881904510252063,0.9749279121818236,-0.22252093395631434
173,1,42,161,388,13,0,2,1.1426402629260435,0.39109012905737717,-0.2067936485059295,0.5573191132257006,1.87,1.0543120297715298,-1.0,-1.8369701987210297e-16,-0.433883739117558,-0.9009688679024191
171,1,15,259,440,16,0,0,0.41183745781601633,-0.38089173686775507,-0.2067936485059295,0.8618010281474534,224.19,5.416944490306248,-0.8660254037844385,-0.5000000000000004,0.43388373911755823,-0.900968867902419
45,0,41,521,212,16,2,3,-1.105983752797117,-1.367313009994313,-0.2067936485059295,-1.2361173896863817,280.57,5.640381084517819,-0.9659258262890683,-0.25881904510252063,-0.433883739117558,-0.9009688679024191
384,1,38,180,288,75,0,0,1.3675026644983594,-0.9527301560715568,-0.2067936485059295,0.031490207210838415,557.26,6.3248248036811905,-0.9659258262890683,-0.25881904510252063,0.9749279121818236,-0.22252093395631434
456,1,26,78,151,22,1,2,0.35562185742293734,0.648417417699088,-0.2067936485059295,0.185909277112883,350.46,5.8620959067667,-0.8660254037844385,-0.5000000000000004,-0.433883739117558,-0.9009688679024191
313,1,30,37,273,38,2,2,1.8734430680360705,-0.5524432626288956,-0.2067936485059295,0.20389312721571143,179.76,5.197170184543078,-0.8660254037844385,-0.5000000000000004,0.9749279121818236,-0.22252093395631434
78,1,29,586,387,66,0,1,-0.31896534729401077,0.319610326656902,-0.2067936485059295,0.14440847902842632,149.25,5.012300573415317,-0.8660254037844385,-0.5000000000000004,0.0,1.0
165,1,34,302,321,0,1,3,-1.330846154369433,0.5054578128981375,-0.2067936485059295,-0.8828631912379677,133.07,4.89836205161347,-0.8660254037844385,-0.5000000000000004,0.9749279121818236,-0.22252093395631434
142,1,20,590,45,0,0,2,0.6929154597814113,0.2624264847365218,-0.2067936485059295,0.25526017212019697,125.83,4.842847607079338,-0.9659258262890683,-0.25881904510252063,0.0,1.0
137,0,30,406,264,75,2,0,-0.8249057508317219,-1.0242099584720321,-0.2067936485059295,1.1381867027745398,50.83,3.947969132201615,-0.8660254037844385,-0.5000000000000004,0.0,1.0
68,1,33,182,300,1,2,3,-1.0497681524040379,-1.353017049514218,-0.2067936485059295,0.8857974429054191,184.5,5.22305488204749,-0.8660254037844385,-0.5000000000000004,-0.433883739117558,-0.9009688679024191
389,1,40,61,250,93,1,0,-0.6562589496524849,0.19094668233604659,-0.2067936485059295,0.28287950963198305,36.74,3.630720539940404,-0.9659258262890683,-0.25881904510252063,0.0,1.0
296,1,13,114,117,34,0,3,-1.0497681524040379,-1.1957614842331725,-0.2067936485059295,-0.9148541375928279,63.41,4.165268900558799,-0.9659258262890683,-0.25881904510252063,-0.433883739117558,-0.9009688679024191
202,1,39,407,432,66,2,3,-1.162199353190196,-0.7382907488701311,-0.2067936485059295,-1.2370224793764728,388.07,5.96375927601576,-0.9659258262890683,-0.25881904510252063,0.7818314824680298,0.6234898018587336
388,1,28,562,60,53,0,3,-1.49949295554867,0.7484891410597533,-0.2067936485059295,-1.1108816933044958,92.15,4.5342110970475975,-0.9659258262890683,-0.25881904510252063,0.0,1.0
281,1,17,282,530,19,0,1,-0.4876121484732478,0.7913770225000384,-0.2067936485059295,1.0948859812837266,302.82,5.716435420779517,-0.8660254037844385,-0.5000000000000004,-0.433883739117558,-0.9009688679024191
276,0,7,32,208,67,1,1,0.07454385545754227,-0.02349272486537904,-0.2067936485059295,0.06979626944868508,672.74,6.512844279812502,-0.8660254037844385,-0.5000000000000004,0.43388373911755823,-0.900968867902419
451,1,13,160,362,51,0,3,-1.162199353190196,1.1773679554626044,4.772110297630446,-0.9063032194159057,97.09,4.585885424576224,-1.0,-1.8369701987210297e-16,0.0,1.0
53,1,23,632,229,18,0,0,0.1869750562437003,-0.4952594207085154,-0.2067936485059295,-1.0239110352651548,52.01,3.9704805749997147,-0.8660254037844385,-0.5000000000000004,0.7818314824680298,0.6234898018587336
24,1,34,472,523,25,1,3,-1.0497681524040379,-0.681106906949751,-0.2067936485059295,0.581084768572595,65.26,4.1935863968717495,-0.9659258262890683,-0.25881904510252063,-0.433883739117558,-0.9009688679024191
462,0,26,270,328,32,2,1,0.5804842589952534,-0.8097705512706064,-0.2067936485059295,0.8862487057537365,457.09,6.12706567135952,-0.8660254037844385,-0.5000000000000004,0.43388373911755823,-0.900968867902419
200,1,26,229,392,51,0,3,-1.330846154369433,2.321044793870208,-0.2067936485059295,-0.9762130649967038,173.5,5.161924741642482,-0.9659258262890683,-0.25881904510252063,0.0,1.0
81,1,36,308,569,77,2,3,-1.49949295554867,-0.8240665117507014,4.772110297630446,-1.0908363924627633,1531.31,7.334531679700015,-1.0,-1.8369701987210297e-16,0.0,1.0
344,1,25,237,590,12,0,2,0.4680530582090954,-0.8097705512706064,-0.2067936485059295,-0.7716499750688518,268.7,5.597310230145684,-0.8660254037844385,-0.5000000000000004,0.7818314824680298,0.6234898018587336
30,0,8,372,126,12,1,0,0.4680530582090954,1.677726572265931,-0.2067936485059295,1.1820489388322934,388.21,5.964119043712501,-0.8660254037844385,-0.5000000000000004,0.7818314824680298,0.6234898018587336
388,1,20,616,77,20,2,3,-1.443277355155591,-0.2665240530269948,-0.2067936485059295,-1.0338875338038067,134.92,4.912066477363677,-0.8660254037844385,-0.5000000000000004,0.7818314824680298,0.6234898018587336
316,1,22,468,484,21,2,2,1.0302090621398854,0.2767224452166169,-0.2067936485059295,-1.0231751691431827,100.68,4.621830626881199,-0.8660254037844385,-0.5000000000000004,0.43388373911755823,-0.900968867902419
151,1,18,368,562,56,1,2,1.3675026644983594,-0.29511597398718487,-0.2067936485059295,0.6044171090253663,256.34,5.550398167756844,-0.8660254037844385,-0.5000000000000004,0.0,1.0
439,1,2,624,174,0,1,0,-0.20653414650785276,0.6913052991393731,-0.2067936485059295,1.308135881041687,226.66,5.4278532878970704,-1.0,-1.8369701987210297e-16,0.9749279121818236,-0.22252093395631434
263,1,21,71,520,53,2,1,-0.4876121484732478,2.292452872910018,-0.2067936485059295,-0.7631477727676,10.31,2.425687290128029,-0.8660254037844385,-0.5000000000000004,-0.433883739117558,-0.9009688679024191
244,0,23,237,41,0,1,3,-1.330846154369433,-0.7954745907905113,-0.2067936485059295,-0.8754737620967714,746.78,6.617108817066341,-0.8660254037844385,-0.5000000000000004,0.0,1.0
476,1,27,597,446,82,1,2,1.7610118672499127,1.8063902165867864,-0.2067936485059295,-0.1716216624207204,249.56,5.523698412802438,-0.8660254037844385,-0.5000000000000004,0.0,1.0
81,1,4,203,383,62,2,3,-1.49949295554867,0.13376284041566644,-0.2067936485059295,-1.1758276475538032,224.79,5.419605363755236,-0.8660254037844385,-0.5000000000000004,0.7818314824680298,0.6234898018587336
253,0,29,77,180,8,1,3,-0.9373369516178799,-0.3094119344672799,-0.2067936485059295,-1.2565985694156936,620.54,6.4322002692980655,-0.8660254037844385,-0.5000000000000004,0.0,1.0
398,1,10,225,78,48,2,2,1.7610118672499127,-1.4244968519146932,-0.2067936485059295,-0.31705649925171975,167.14,5.124796965707151,-1.0,-1.8369701987210297e-16,0.0,1.0
5,1,34,26,350,86,0,0,-0.6562589496524849,-0.2808200135070898,-0.2067936485059295,0.07356277583606093,158.56,5.0724200270372055,-0.9659258262890683,-0.25881904510252063,0.7818314824680298,0.6234898018587336
365,1,23,584,334,98,0,0,-0.3751809476870898,0.3624982080971871,-0.2067936485059295,1.2312135133577757,78.93,4.381151251637927,-0.8660254037844385,-0.5000000000000004,-0.433883739117558,-0.9009688679024191
408,1,23,417,38,83,1,2,1.7047962668568335,-0.666810946469656,-0.2067936485059295,0.14269060341267265,98.95,4.604670060946409,-0.9659258262890683,-0.25881904510252063,-0.433883739117558,-0.9009688679024191
200,1,26,109,272,46,1,3,-1.0497681524040379,-1.4816806938350733,-0.2067936485059295,0.9789550171549289,237.84,5.475793871678792,-0.9659258262890683,-0.25881904510252063,-0.433883739117558,-0.9009688679024191
264,1,24,580,399,87,0,3,-0.9935525520109589,-1.4244968519146932,-0.2067936485059295,-1.0064374198601398,1454.52,7.283118504073752,-0.8660254037844385,-0.5000000000000004,-0.433883739117558,-0.9009688679024191
366,1,20,149,302,36,1,0,0.07454385545754227,0.8485608644204186,-0.2067936485059295,0.4847863023390581,321.15,5.775017275584651,-0.9659258262890683,-0.25881904510252063,-0.433883739117558,-0.9009688679024191
14,1,37,328,566,92,1,3,-1.162199353190196,-1.038505918952127,-0.2067936485059295,-1.0082809311552543,73.35,4.308783672906164,-0.8660254037844385,-0.5000000000000004,0.0,1.0
339,1,37,180,85,47,2,0,-0.6562589496524849,1.6205427303455509,-0.2067936485059295,0.028569818664057396,46.11,3.85248529271195,-0.9659258262890683,-0.25881904510252063,0.0,1.0
61,1,2,71,160,39,0,0,0.8615622609606484,-0.35229981590756504,-0.2067936485059295,1.2127732724197173,558.86,6.327686752473985,-0.9659258262890683,-0.25881904510252063,0.9749279121818236,-0.22252093395631434
413,0,38,226,428,2,2,2,0.7491310601744904,1.30603159978346,6.431744946342571,-0.07671288064052452,25.94,3.293612170982218,-1.0,-1.8369701987210297e-16,0.0,1.0
15,1,3,382,239,59,1,3,-0.9373369516178799,-1.2672412866336478,-0.2067936485059295,-1.2692236731947535,69.96,4.262116338001324,-0.9659258262890683,-0.25881904510252063,0.0,1.0
147,1,24,673,317,27,1,0,1.1426402629260435,-0.46666749974832533,-0.2067936485059295,1.0150509170334032,35.73,3.6035938598315758,-0.8660254037844385,-0.5000000000000004,0.0,1.0
263,1,40,430,135,10,1,1,-0.8249057508317219,0.04798707753509617,-0.2067936485059295,-0.4304850057671208,119.72,4.793473814459594,-1.0,-1.8369701987210297e-16,-0.433883739117558,-0.9009688679024191
230,0,20,37,564,47,0,3,-1.162199353190196,-0.9098422746312717,-0.2067936485059295,-1.0550020199168366,67.07,4.22053658745986,-0.8660254037844385,-0.5000000000000004,0.0,1.0
49,1,25,638,321,32,0,1,0.2431906566367793,0.40538608953747224,4.772110297630446,1.1037907305576247,312.47,5.747703661714129,-0.9659258262890683,-0.25881904510252063,0.7818314824680298,0.6234898018587336
123,0,4,30,35,84,1,1,-0.9373369516178799,-1.4673847333549783,-0.2067936485059295,-1.0700552254990587,54.1,4.009149716158869,-0.9659258262890683,-0.25881904510252063,-0.433883739117558,-0.9009688679024191
5,0,1,469,453,43,2,3,-1.387061754762512,2.406820556750778,-0.2067936485059295,-0.9291817330269032,173.13,5.159802146691291,-0.8660254037844385,-0.5000000000000004,0.43388373911755823,-0.900968867902419
349,0,11,151,490,8,2,0,-0.8249057508317219,-1.0670978399123172,-0.2067936485059295,1.3442907527696573,1162.42,7.059119222320818,-0.8660254037844385,-0.5000000000000004,0.9749279121818236,-0.22252093395631434
391,1,25,292,416,19,2,1,-0.4876121484732478,-0.2808200135070898,-0.2067936485059295,-0.5793709777903654,198.92,5.297917286526697,-0.8660254037844385,-0.5000000000000004,0.0,1.0
200,0,2,469,4,4,0,1,0.41183745781601633,0.44827397097775734,-0.2067936485059295,0.34242825765567686,389.43,5.9672486958488635,-1.0,-1.8369701987210297e-16,0.0,1.0
225,1,19,198,323,41,2,1,0.4680530582090954,1.30603159978346,-0.2067936485059295,-0.7886825835993748,1079.11,6.98481816678357,-0.8660254037844385,-0.5000000000000004,-0.433883739117558,-0.9009688679024191
113,1,4,646,539,8,0,3,-1.274630553976354,0.8056729829801335,-0.2067936485059295,-1.1881835320199468,581.65,6.367586663019273,-0.8660254037844385,-0.5000000000000004,0.0,1.0
40,1,1,380,450,0,0,3,-1.443277355155591,-0.9670261165516518,-0.2067936485059295,-0.8978856288987135,114.15,4.746235626266694,-0.8660254037844385,-0.5000000000000004,0.7818314824680298,0.6234898018587336
472,1,13,142,15,1,1,0,-0.20653414650785276,0.20524264281614163,-0.2067936485059295,1.4892897107130776,724.18,6.586419899901392,-0.8660254037844385,-0.5000000000000004,0.0,1.0
418,1,20,501,344,82,2,3,-1.274630553976354,-1.2100574447132675,-0.2067936485059295,-1.1964831788381467,503.76,6.22408306878471,-1.0,-1.8369701987210297e-16,0.0,1.0
162,1,19,302,266,72,1,0,-0.7124745500455638,-0.19504425062651956,-0.2067936485059295,0.31265772963401456,683.75,6.529053808143187,-1.0,-1.8369701987210297e-16,0.0,1.0
315,1,16,420,571,4,1,2,0.6366998593883324,1.5061750465047905,-0.2067936485059295,-0.5383240065476822,298.42,5.70184727002169,-0.8660254037844385,-0.5000000000000004,0.7818314824680298,0.6234898018587336
363,1,9,364,510,74,0,3,-0.9935525520109589,-1.1242816818326973,-0.2067936485059295,-1.1161840317722245,389.05,5.966274936034322,-0.9659258262890683,-0.25881904510252063,-0.433883739117558,-0.9009688679024191
87,1,29,257,57,36,0,1,-0.7686901504386429,-0.16645232966632947,-0.2067936485059295,-0.9982762286885827,241.21,5.489805118458235,-0.8660254037844385,-0.5000000000000004,0.0,1.0
237,1,33,35,63,27,2,3,-1.330846154369433,-0.33800385542746997,-0.2067936485059295,-0.8162070533532758,145.54,4.987298428731818,-0.8660254037844385,-0.5000000000000004,0.43388373911755823,-0.900968867902419
51,0,26,291,130,3,1,0,0.7491310601744904,-1.1242816818326973,-0.2067936485059295,1.7808337146540958,29.19,3.4075107437187473,-0.9659258262890683,-0.25881904510252063,0.9749279121818236,-0.22252093395631434
52,1,30,161,433,84,1,0,-0.20653414650785276,0.7627851015398482,-0.2067936485059295,2.2414115511983455,738.94,6.606569101829886,-1.0,-1.8369701987210297e-16,0.0,1.0
392,0,17,355,396,18,1,2,1.3675026644983594,0.662713378179183,-0.2067936485059295,0.2470810329944454,113.02,4.736373871603436,-0.8660254037844385,-0.5000000000000004,0.0,1.0
123,0,5,525,509,42,2,2,1.7610118672499127,-0.6525149859895609,-0.2067936485059295,0.4846786146138915,56.94,4.059407992341204,-0.8660254037844385,-0.5000000000000004,0.0,1.0
224,1,37,181,521,62,1,1,-0.9935525520109589,-0.16645232966632947,-0.2067936485059295,-1.0789548467860444,115.22,4.755484946646959,-0.9659258262890683,-0.25881904510252063,-0.433883739117558,-0.9009688679024191
255,1,34,597,30,96,0,0,0.8615622609606484,0.2910184056967119,-0.2067936485059295,0.8912946448758303,373.99,5.926899358948182,-0.8660254037844385,-0.5000000000000004,0.0,1.0
17,1,37,366,493,33,0,3,-1.0497681524040379,1.9207579004275468,-0.2067936485059295,-0.8444007253992839,1228.81,7.11461496488979,-0.8660254037844385,-0.5000000000000004,0.0,1.0
96,0,2,557,193,11,2,1,0.5242686586021743,-1.2815372471137427,-0.2067936485059295,0.9076477951404213,1340.19,7.201312558554734,-0.9659258262890683,-0.25881904510252063,-0.433883739117558,-0.9009688679024191
68,1,15,401,553,4,1,3,-1.49949295554867,-1.3244251285540278,4.772110297630446,-1.1768327329886918,142.19,4.964172419685915,-1.0,-1.8369701987210297e-16,0.43388373911755823,-0.900968867902419
232,1,17,281,36,97,1,0,0.8615622609606484,-0.19504425062651956,-0.2067936485059295,2.1556664820311386,325.03,5.786989401672587,-0.9659258262890683,-0.25881904510252063,0.9749279121818236,-0.22252093395631434
48,1,27,425,10,53,1,1,0.8053466605675694,1.1487760345024145,-0.2067936485059295,0.5621522408909176,334.07,5.814339465220845,-0.9659258262890683,-0.25881904510252063,-0.433883739117558,-0.9009688679024191
297,1,10,319,15,20,1,2,0.41183745781601633,0.9057447063407987,-0.2067936485059295,0.05980951493620751,505.6,6.227721737567575,-0.9659258262890683,-0.25881904510252063,0.7818314824680298,0.6234898018587336
388,1,10,396,393,98,0,1,0.8615622609606484,0.7484891410597533,-0.2067936485059295,-0.18732868633431135,392.05,5.973936830239766,-0.8660254037844385,-0.5000000000000004,0.0,1.0
325,1,25,50,346,1,0,2,0.5804842589952534,0.10517091945547634,-0.2067936485059295,-0.3063620825452901,539.35,6.292217077749175,-0.9659258262890683,-0.25881904510252063,0.0,1.0
127,1,27,280,488,14,2,2,1.7047962668568335,0.7198972200995631,-0.2067936485059295,0.5894305672730094,83.95,4.442062848117941,-0.8660254037844385,-0.5000000000000004,0.9749279121818236,-0.22252093395631434
156,1,28,330,109,15,1,1,-0.20653414650785276,-0.7811786303104162,-0.2067936485059295,0.6159371316247401,196.49,5.285687950147895,-0.9659258262890683,-0.25881904510252063,-0.433883739117558,-0.9009688679024191
304,1,18,4,240,40,0,1,-0.4876121484732478,-1.3101291680739329,-0.2067936485059295,0.35050996503008747,330.91,5.804863847829139,-0.9659258262890683,-0.25881904510252063,0.0,1.0
284,1,12,675,131,60,2,1,-0.2627497469009318,-0.3094119344672799,-0.2067936485059295,-0.7962566202694282,283.23,5.649783769557158,-0.8660254037844385,-0.5000000000000004,0.0,1.0
195,1,4,648,91,24,1,0,-0.4876121484732478,-0.15215636918623443,-0.2067936485059295,1.5407926472707496,56.11,4.044979232676772,-0.9659258262890683,-0.25881904510252063,0.0,1.0
147,1,19,456,95,2,0,1,-0.8249057508317219,0.6055295362588028,-0.2067936485059295,1.0685563324804837,69.43,4.254619308757319,-0.9659258262890683,-0.25881904510252063,0.0,1.0
120,1,2,357,523,69,2,0,-0.15031854611477377,-1.1099857213526023,-0.2067936485059295,0.7090357340247538,11.02,2.4865719291070616,-0.9659258262890683,-0.25881904510252063,0.0,1.0
393,1,15,114,70,53,2,0,-0.6000433492594058,0.7627851015398482,-0.2067936485059295,-1.2475835684231722,473.2,6.161629173631305,-0.8660254037844385,-0.5000000000000004,0.0,1.0
61,0,28,399,340,49,2,0,-0.4313965480801688,-0.8669543931909865,-0.2067936485059295,1.8013405343179711,873.65,6.773823806336274,-0.8660254037844385,-0.5000000000000004,0.43388373911755823,-0.900968867902419
450,1,9,318,443,81,0,3,-1.330846154369433,0.4339780104976623,-0.2067936485059295,-1.1301731800700618,199.84,5.302508571166505,-0.8660254037844385,-0.5000000000000004,0.0,1.0
487,1,2,1,566,66,1,3,-1.218414953583275,1.7635023351465013,-0.2067936485059295,-1.1975600560898132,218.07,5.389391313447408,-1.0,-1.8369701987210297e-16,0.0,1.0
299,1,25,390,227,60,0,3,-1.49949295554867,-0.5667392231089906,-0.2067936485059295,-0.8576488795882367,40.79,3.732657076459824,-0.8660254037844385,-0.5000000000000004,-0.433883739117558,-0.9009688679024191
202,1,10,176,116,11,1,0,0.7491310601744904,2.120901347148877,-0.2067936485059295,-1.0147345026848835,184.97,5.225585370381938,-0.8660254037844385,-0.5000000000000004,0.0,1.0
182,1,38,458,450,67,2,1,0.8053466605675694,0.6198254967388979,-0.2067936485059295,1.124692405213778,353.69,5.871244168543131,-0.8660254037844385,-0.5000000000000004,0.7818314824680298,0.6234898018587336
141,0,1,573,185,29,1,0,0.4680530582090954,-0.4523715392682303,-0.2067936485059295,2.0919050927586644,447.83,6.10664419689425,-0.8660254037844385,-0.5000000000000004,0.7818314824680298,0.6234898018587336
6,1,7,84,224,70,0,1,-1.0497681524040379,2.349636714830398,-0.2067936485059295,0.5135799488538518,90.88,4.520483377820898,-0.9659258262890683,-0.25881904510252063,0.0,1.0
37,0,0,428,307,36,1,0,0.4680530582090954,-0.6382190255094659,4.772110297630446,-1.148705724772549,737.46,6.6045669366588875,-0.8660254037844385,-0.5000000000000004,0.7818314824680298,0.6234898018587336
368,0,14,369,97,0,2,3,-1.0497681524040379,0.30531436617680696,-0.2067936485059295,-1.223810221095909,502.9,6.222377835686553,-0.9659258262890683,-0.25881904510252063,0.0,1.0
388,0,20,617,423,92,2,1,-0.31896534729401077,0.8056729829801335,4.772110297630446,-0.6806025674339166,152.18,5.031613700481447,-0.8660254037844385,-0.5000000000000004,0.0,1.0
268,1,33,45,162,53,0,1,-0.8249057508317219,0.24813052425642676,-0.2067936485059295,-1.1922833575566478,110.17,4.711060561245524,-0.8660254037844385,-0.5000000000000004,0.43388373911755823,-0.900968867902419
399,1,24,569,38,49,0,3,-1.387061754762512,0.7198972200995631,-0.2067936485059295,-1.0429409946981734,127.78,4.858105522110037,-0.8660254037844385,-0.5000000000000004,0.7818314824680298,0.6234898018587336
101,1,41,528,224,86,1,1,-0.20653414650785276,-0.5810351835890857,-0.2067936485059295,-0.5803299113430397,36.97,3.636796374243711,-0.9659258262890683,-0.25881904510252063,0.9749279121818236,-0.22252093395631434
21,1,25,351,582,94,1,0,-0.03788734532861574,-0.7239947883900362,-0.2067936485059295,2.4516256827039893,91.53,4.527532916260939,-0.8660254037844385,-0.5000000000000004,0.0,1.0
55,1,25,300,327,7,1,1,-0.4313965480801688,-0.35229981590756504,-0.2067936485059295,-0.6224819637654089,40.32,3.721346644251438,-0.8660254037844385,-0.5000000000000004,0.9749279121818236,-0.22252093395631434
459,0,7,407,405,12,2,2,0.5242686586021743,0.7484891410597533,-0.2067936485059295,-0.08170241190657869,35.84,3.6065842113871063,-0.9659258262890683,-0.25881904510252063,0.7818314824680298,0.6234898018587336
309,1,26,447,525,52,1,3,-1.387061754762512,-0.5095553811886104,-0.2067936485059295,-1.2050443529888943,660.02,6.493784096580028,-0.8660254037844385,-0.5000000000000004,0.43388373911755823,-0.900968867902419
65,1,37,245,385,3,0,3,-1.218414953583275,0.2767224452166169,-0.2067936485059295,-0.9885151056002638,1309.79,7.178385287866661,-0.8660254037844385,-0.5000000000000004,0.0,1.0
369,1,23,12,540,51,1,3,-1.105983752797117,-0.5238513416687055,-0.2067936485059295,-0.9718235081994352,316.95,5.7618941377134165,-0.9659258262890683,-0.25881904510252063,-0.433883739117558,-0.9009688679024191
411,1,39,606,28,82,0,1,-1.0497681524040379,2.0637175052284973,-0.2067936485059295,0.12131202597363885,655.15,6.486389421342295,-0.8660254037844385,-0.5000000000000004,0.0,1.0
461,1,31,83,111,34,2,3,-1.162199353190196,0.7198972200995631,-0.2067936485059295,-0.8285629378194193,61.43,4.134045929073653,-0.8660254037844385,-0.5000000000000004,0.43388373911755823,-0.900968867902419
462,1,7,2,463,25,2,3,-1.162199353190196,-0.4523715392682303,-0.2067936485059295,-0.9437144479374866,105.53,4.668426635623106,-0.8660254037844385,-0.5000000000000004,-0.433883739117558,-0.9009688679024191
83,1,42,340,345,32,0,3,-1.443277355155591,0.9200406668208938,-0.2067936485059295,-0.9940097435772187,702.87,6.556593680015544,-0.9659258262890683,-0.25881904510252063,0.9749279121818236,-0.22252093395631434
420,1,30,198,53,45,0,1,0.4680530582090954,-0.35229981590756504,-0.2067936485059295,0.14248035594925212,580.71,6.365972041760872,-0.8660254037844385,-0.5000000000000004,0.9749279121818236,-0.22252093395631434
67,0,16,483,571,19,1,2,1.2550714637122016,2.449708438191063,-0.2067936485059295,-0.5943498275623533,171.42,5.1499333607817785,-0.9659258262890683,-0.25881904510252063,0.0,1.0
483,0,16,371,288,69,2,2,0.9739934617468065,-0.08067656678575921,-0.2067936485059295,0.5842025846155147,21.27,3.1032404812692764,-0.9659258262890683,-0.25881904510252063,0.0,1.0
375,0,22,476,577,58,2,1,0.2994062570298583,-0.39518769734785014,-0.2067936485059295,-1.101612856959796,560.15,6.329988249462265,-1.0,-1.8369701987210297e-16,0.0,1.0
272,1,23,197,453,47,0,0,1.1426402629260435,0.11946687993557138,-0.2067936485059295,1.6162407187172605,642.53,6.466968645996121,-0.8660254037844385,-0.5000000000000004,0.0,1.0
328,1,10,664,62,84,1,2,1.3675026644983594,0.662713378179183,-0.2067936485059295,-0.39729154648123316,98.53,4.600459106257972,-0.8660254037844385,-0.5000000000000004,0.0,1.0
406,1,34,161,138,53,1,1,-0.7686901504386429,0.13376284041566644,-0.2067936485059295,0.4277528318960421,11.86,2.554121718809473,-0.8660254037844385,-0.5000000000000004,0.7818314824680298,0.6234898018587336
434,1,28,382,245,89,2,3,-1.443277355155591,-0.20934021110661458,-0.2067936485059295,-1.1108765653175832,510.24,6.236839147263514,-0.8660254037844385,-0.5000000000000004,0.0,1.0
146,0,41,496,465,80,1,1,-0.8811213512248008,-0.7239947883900362,-0.2067936485059295,-0.7045861622246004,319.5,5.7698822763607245,-0.8660254037844385,-0.5000000000000004,-0.433883739117558,-0.9009688679024191
12,1,39,178,51,31,2,2,0.8053466605675694,-0.5667392231089906,-0.2067936485059295,0.2641879973352026,114.98,4.7534177624482945,-0.8660254037844385,-0.5000000000000004,0.9749279121818236,-0.22252093395631434
28,1,24,591,226,34,0,1,0.4680530582090954,0.34820224761709206,-0.2067936485059295,0.6033068998587674,11.18,2.4997952622817508,-0.8660254037844385,-0.5000000000000004,0.0,1.0
443,0,2,502,207,88,1,3,-1.105983752797117,-1.0242099584720321,-0.2067936485059295,-1.037397640845548,590.26,6.382255852982353,-0.8660254037844385,-0.5000000000000004,0.0,1.0
389,0,13,402,494,44,2,2,0.4680530582090954,0.7198972200995631,-0.2067936485059295,-0.9162258740919744,33.06,3.5281236752345424,-0.8660254037844385,-0.5000000000000004,0.7818314824680298,0.6234898018587336
375,1,21,514,239,87,0,1,0.5804842589952534,0.7341931805796582,-0.2067936485059295,0.4082536616605119,116.86,4.769497479409767,-1.0,-1.8369701987210297e-16,0.0,1.0
38,1,11,136,403,37,0,3,-1.387061754762512,0.6198254967388979,-0.2067936485059295,-1.2684134512625476,199.8,5.302309387817574,-0.8660254037844385,-0.5000000000000004,0.0,1.0
240,1,42,617,128,31,0,2,0.8615622609606484,-0.39518769734785014,-0.2067936485059295,-0.12053665679643302,737.1,6.604079316776007,-0.8660254037844385,-0.5000000000000004,0.9749279121818236,-0.22252093395631434
160,1,39,301,74,23,2,1,-1.0497681524040379,1.5347669674649806,-0.2067936485059295,-0.4771060987839055,33.76,3.548467300397191,-0.9659258262890683,-0.25881904510252063,0.0,1.0
258,0,26,618,118,27,1,3,-1.330846154369433,0.07657899849528625,3.1124756489183207,-0.99778650593842,408.28,6.014399518390478,-0.8660254037844385,-0.5000000000000004,0.9749279121818236,-0.22252093395631434
439,1,25,451,244,13,1,3,-1.0497681524040379,-1.052801879432222,-0.2067936485059295,-1.2367968479523141,82.67,4.426880490307507,-0.8660254037844385,-0.5000000000000004,-0.433883739117558,-0.9009688679024191
333,1,8,616,489,79,0,1,0.8615622609606484,0.2767224452166169,-0.2067936485059295,-0.0410067077674153,878.63,6.779501364511001,-0.8660254037844385,-0.5000000000000004,0.43388373911755823,-0.900968867902419
468,1,8,108,98,21,0,1,-0.2627497469009318,-0.6525149859895609,-0.2067936485059295,-1.2543268712133686,57.16,4.063197833225264,-1.0,-1.8369701987210297e-16,0.43388373911755823,-0.900968867902419
273,1,29,211,150,28,2,0,-0.6562589496524849,2.5211882405915387,-0.2067936485059295,-1.119173648142327,118.69,4.784905066885279,-1.0,-1.8369701987210297e-16,0.0,1.0
437,1,15,110,569,98,0,2,1.8172274676429916,1.5490629279450756,-0.2067936485059295,-0.5202145207654928,26.55,3.3160025355989236,-0.9659258262890683,-0.25881904510252063,0.9749279121818236,-0.22252093395631434
41,1,25,139,549,20,2,2,0.8615622609606484,-0.33800385542746997,-0.2067936485059295,-0.5226272386079168,320.14,5.771877165121539,-0.8660254037844385,-0.5000000000000004,0.7818314824680298,0.6234898018587336
295,0,10,469,13,42,1,1,0.07454385545754227,-1.2100574447132675,-0.2067936485059295,-0.5273885744563559,217.5,5.3867860145356445,-1.0,-1.8369701987210297e-16,0.0,1.0
174,1,39,431,410,32,1,3,-1.49949295554867,-0.2808200135070898,-0.2067936485059295,-1.2332457170152715,159.32,5.0771718178965,-1.0,-1.8369701987210297e-16,0.0,1.0
211,0,1,272,590,90,2,0,-0.7686901504386429,-0.666810946469656,-0.2067936485059295,2.200003056878317,117.25,4.772801027372043,-0.8660254037844385,-0.5000000000000004,0.0,1.0
187,1,35,163,122,8,0,3,-1.218414953583275,-0.8097705512706064,-0.2067936485059295,-1.256690873180122,13.3,2.6602595372658615,-0.8660254037844385,-0.5000000000000004,0.7818314824680298,0.6234898018587336
364,1,40,309,310,7,1,3,-1.443277355155591,2.292452872910018,-0.2067936485059295,-1.0639324091252984,11.02,2.4865719291070616,-0.8660254037844385,-0.5000000000000004,0.0,1.0
432,1,24,670,565,35,2,3,-0.9373369516178799,1.7777982956265963,-0.2067936485059295,-0.8703047512887727,498.67,6.213947880526312,-0.8660254037844385,-0.5000000000000004,0.7818314824680298,0.6234898018587336
454,0,31,301,27,50,2,0,0.7491310601744904,-0.16645232966632947,-0.2067936485059295,1.9474240614934266,414.49,6.029458546617191,-0.8660254037844385,-0.5000000000000004,0.0,1.0
201,1,36,378,369,57,1,3,-1.274630553976354,-1.3816089704744081,-0.2067936485059295,-0.9921046964391517,769.97,6.64764946230046,-1.0,-1.8369701987210297e-16,0.43388373911755823,-0.900968867902419
363,1,16,654,551,72,0,0,1.2550714637122016,0.6341214572189929,-0.2067936485059295,0.14820062535036574,35.46,3.596215769250517,-0.8660254037844385,-0.5000000000000004,0.7818314824680298,0.6234898018587336
457,0,32,430,208,20,2,0,0.5242686586021743,-0.02349272486537904,-0.2067936485059295,1.0941424231813852,184.51,5.223108788950282,-0.8660254037844385,-0.5000000000000004,0.0,1.0
381,1,2,606,195,77,0,3,-1.443277355155591,0.9343366273009888,-0.2067936485059295,-1.1521235280498614,218.19,5.3899389335952606,-0.8660254037844385,-0.5000000000000004,0.7818314824680298,0.6234898018587336
244,1,35,45,544,47,0,1,-0.7686901504386429,0.6341214572189929,-0.2067936485059295,-1.2183848109422757,44.54,3.8185910606355935,-0.8660254037844385,-0.5000000000000004,0.0,1.0
163,1,33,208,478,79,0,0,-0.03788734532861574,0.7341931805796582,-0.2067936485059295,-1.2423914816740664,42.26,3.7672284205249125,-0.8660254037844385,-0.5000000000000004,0.43388373911755823,-0.900968867902419
433,1,16,227,376,93,0,1,0.07454385545754227,0.4625699314578524,-0.2067936485059295,0.09886939125022053,568.52,6.344793900795618,-1.0,-1.8369701987210297e-16,-0.433883739117558,-0.9009688679024191
289,1,7,634,239,61,1,1,0.2431906566367793,-0.8097705512706064,-0.2067936485059295,-0.3489756537898022,87.85,4.486949554600661,-0.9659258262890683,-0.25881904510252063,0.9749279121818236,-0.22252093395631434
147,1,15,509,487,48,1,3,-1.330846154369433,0.21953860329623667,-0.2067936485059295,-1.1528363182307262,230.66,5.4452707795042,-1.0,-1.8369701987210297e-16,0.0,1.0
356,0,12,257,276,24,1,1,-0.20653414650785276,-1.4102008914345983,-0.2067936485059295,-1.1910218727761244,114.35,4.747970984619762,-0.8660254037844385,-0.5000000000000004,0.0,1.0
433,1,20,147,316,35,0,3,-1.330846154369433,0.2910184056967119,-0.2067936485059295,-1.2593343504336174,125.39,4.8393723646590345,-0.8660254037844385,-0.5000000000000004,0.0,1.0
54,1,16,647,171,73,0,1,-0.09410294572169475,2.335340754350303,-0.2067936485059295,-0.42689285093477664,74.67,4.326381780706431,-0.9659258262890683,-0.25881904510252063,0.0,1.0
131,1,39,201,590,83,0,1,0.018328255064463266,0.4625699314578524,-0.2067936485059295,0.28295130144876074,255.04,5.545333682273802,-0.8660254037844385,-0.5000000000000004,0.43388373911755823,-0.900968867902419
484,0,2,482,300,95,1,2,1.8734430680360705,0.07657899849528625,-0.2067936485059295,-0.8199556117864574,304.75,5.722767774567282,-0.8660254037844385,-0.5000000000000004,0.0,1.0
153,1,3,361,88,97,0,0,-0.7124745500455638,-0.5095553811886104,-0.2067936485059295,1.170559684154396,607.28,6.410635302272258,-0.8660254037844385,-0.5000000000000004,0.0,1.0
163,1,6,666,476,16,0,3,-1.218414953583275,0.37679416857728215,-0.2067936485059295,-1.1607693139846686,626.9,6.4423809181200635,-0.8660254037844385,-0.5000000000000004,0.7818314824680298,0.6234898018587336
78,1,4,182,190,9,2,3,-1.443277355155591,-0.8383624722307964,-0.2067936485059295,-1.0332003835575054,691.92,6.54091455241074,-0.8660254037844385,-0.5000000000000004,0.0,1.0
357,0,26,584,543,60,2,3,-1.330846154369433,-0.4523715392682303,-0.2067936485059295,-1.095505424546774,376.78,5.934312015603673,-0.9659258262890683,-0.25881904510252063,0.0,1.0
139,0,40,436,267,57,2,3,-1.218414953583275,0.3624982080971871,-0.2067936485059295,0.3587121800969462,780.59,6.661330306378558,-0.9659258262890683,-0.25881904510252063,0.9749279121818236,-0.22252093395631434
277,1,8,322,583,94,1,0,0.4680530582090954,0.677009338659278,-0.2067936485059295,1.8473462689052322,36.09,3.6133473915014993,-0.8660254037844385,-0.5000000000000004,-0.433883739117558,-0.9009688679024191
358,0,40,222,316,8,0,3,-1.218414953583275,-0.8097705512706064,-0.2067936485059295,-1.057035266727721,214.83,5.374491060770879,-1.0,-1.8369701987210297e-16,0.0,1.0
194,1,10,599,468,73,1,2,1.2550714637122016,0.2910184056967119,-0.2067936485059295,0.3002659492594823,3.8,1.5686159179138452,-0.8660254037844385,-0.5000000000000004,0.7818314824680298,0.6234898018587336
231,1,24,656,187,25,1,1,-0.9935525520109589,-1.1242816818326973,-0.2067936485059295,-0.06520055002151963,545.87,6.30421111421294,-0.8660254037844385,-0.5000000000000004,0.0,1.0
124,1,35,168,335,51,0,0,0.2994062570298583,0.4339780104976623,-0.2067936485059295,1.3218609380135207,319.27,5.76916439003684,-0.8660254037844385,-0.5000000000000004,0.0,1.0
66,1,8,385,525,76,0,2,0.4680530582090954,-0.666810946469656,-0.2067936485059295,-0.8421187712231337,1045.22,6.952938947557457,-0.8660254037844385,-0.5000000000000004,0.9749279121818236,-0.22252093395631434
118,0,5,193,488,43,2,0,0.6929154597814113,-0.052084645825569126,-0.2067936485059295,2.113427253831254,241.42,5.490671759042366,-1.0,-1.8369701987210297e-16,0.43388373911755823,-0.900968867902419
280,0,11,110,282,25,2,0,1.4237182648914386,1.8206861770668814,-0.2067936485059295,1.5479410610270494,214.54,5.373146507168686,-0.9659258262890683,-0.25881904510252063,-0.433883739117558,-0.9009688679024191
447,1,22,359,271,58,1,1,0.8615622609606484,-0.2808200135070898,-0.2067936485059295,0.7725766198599822,140.98,4.95568620261124,-0.8660254037844385,-0.5000000000000004,0.43388373911755823,-0.900968867902419
29,1,17,281,206,92,0,1,0.8615622609606484,-0.7811786303104162,-0.2067936485059295,0.6967029254997177,384.41,5.9543077027116285,-0.8660254037844385,-0.5000000000000004,0.0,1.0
113,1,41,229,278,77,1,0,1.2550714637122016,0.3624982080971871,-0.2067936485059295,2.5103026729525246,85.43,4.459334837764547,-0.8660254037844385,-0.5000000000000004,0.9749279121818236,-0.22252093395631434
43,0,36,92,432,12,1,3,-1.49949295554867,0.8485608644204186,-0.2067936485059295,-1.2177899644604027,204.56,5.325737962124029,-0.9659258262890683,-0.25881904510252063,0.0,1.0
456,0,2,126,440,56,2,1,0.8615622609606484,-1.4816806938350733,-0.2067936485059295,-0.3714029045524825,117.28,4.7730546949842765,-0.8660254037844385,-0.5000000000000004,0.43388373911755823,-0.900968867902419
375,0,22,639,200,49,0,1,0.07454385545754227,0.4911618524180425,-0.2067936485059295,-1.0673835443175437,292.03,5.680274992854161,-0.8660254037844385,-0.5000000000000004,0.0,1.0
290,1,12,176,242,11,0,2,1.9858742688222286,-0.8955463141511766,-0.2067936485059295,0.3813009624473763,335.7,5.819192326167029,-0.9659258262890683,-0.25881904510252063,0.0,1.0
69,1,37,496,26,37,2,1,0.5804842589952534,-0.5953311440691808,-0.2067936485059295,-0.7719909861985461,435.08,6.077825712756026,-0.8660254037844385,-0.5000000000000004,0.0,1.0
49,1,5,141,220,13,0,3,-1.0497681524040379,-0.5667392231089906,-0.2067936485059295,-1.0219880401728934,256.8,5.552184090505087,-0.8660254037844385,-0.5000000000000004,-0.433883739117558,-0.9009688679024191
177,1,9,71,451,3,2,2,1.3112870641052805,-0.7382907488701311,-0.2067936485059295,0.32980315387661696,360.02,5.888933358460315,-0.8660254037844385,-0.5000000000000004,0.43388373911755823,-0.900968867902419
75,0,41,140,12,35,1,3,-1.443277355155591,1.1630719949825095,-0.2067936485059295,-0.8107226713501464,110.93,4.717873675901176,-0.8660254037844385,-0.5000000000000004,-0.433883739117558,-0.9009688679024191
268,1,35,411,313,2,1,3,-1.330846154369433,-1.4530887728748834,-0.2067936485059295,-1.0547866444665035,336.39,5.82123953126126,-0.8660254037844385,-0.5000000000000004,0.0,1.0
159,1,29,43,202,90,1,0,-0.8811213512248008,0.5340497338583277,-0.2067936485059295,2.250459884105799,68.62,4.243051882383293,-0.8660254037844385,-0.5000000000000004,0.43388373911755823,-0.900968867902419
412,1,9,112,186,16,1,2,1.0302090621398854,0.19094668233604659,-0.2067936485059295,-0.21079691844026907,51.07,3.952588967174808,-1.0,-1.8369701987210297e-16,0.0,1.0
201,1,21,327,502,54,2,1,0.1307594558506213,2.1923811495493526,-0.2067936485059295,1.0847428231704115,208.04,5.342525621212357,-0.9659258262890683,-0.25881904510252063,0.0,1.0
401,1,10,471,556,73,0,1,-0.3751809476870898,-0.2522280925468997,-0.2067936485059295,-1.169638167350178,183.71,5.218787027591229,-1.0,-1.8369701987210297e-16,0.0,1.0
237,1,37,38,364,19,1,1,0.1307594558506213,1.063000271621844,-0.2067936485059295,-0.0907558728009451,211.36,5.3582829477154705,-0.9659258262890683,-0.25881904510252063,0.43388373911755823,-0.900968867902419
455,1,0,327,125,12,1,2,0.8053466605675694,-1.353017049514218,-0.2067936485059295,0.4220120505472779,431.08,6.068610756284635,-1.0,-1.8369701987210297e-16,0.0,1.0
154,1,28,266,255,12,1,3,-1.274630553976354,-1.4959766543151685,-0.2067936485059295,-1.1026769142441806,236.81,5.471472035517174,-0.8660254037844385,-0.5000000000000004,0.43388373911755823,-0.900968867902419
310,0,39,419,123,65,2,1,-0.03788734532861574,0.5626416548185177,-0.2067936485059295,1.091388694209267,65.09,4.191017449482361,-0.9659258262890683,-0.25881904510252063,0.7818314824680298,0.6234898018587336
207,1,14,265,481,48,1,2,0.35562185742293734,0.1623547613758565,-0.2067936485059295,-0.7686706146725747,428.61,6.062877820391151,-0.8660254037844385,-0.5000000000000004,0.0,1.0
4,1,18,34,488,10,1,3,-1.330846154369433,0.648417417699088,-0.2067936485059295,-1.1643948007319451,680.76,6.524677689751602,-0.8660254037844385,-0.5000000000000004,0.0,1.0
80,1,39,618,181,99,0,3,-1.0497681524040379,0.7198972200995631,-0.2067936485059295,-0.9568010705386893,267.17,5.591621107767871,-0.8660254037844385,-0.5000000000000004,0.43388373911755823,-0.900968867902419
248,1,27,468,120,66,2,3,-0.9373369516178799,-0.08067656678575921,-0.2067936485059295,0.21336195505000627,1169.59,7.0652631741929195,-0.9659258262890683,-0.25881904510252063,0.0,1.0
180,1,22,357,184,43,0,1,-0.6000433492594058,0.648417417699088,-0.2067936485059295,-1.2823923435865594,231.91,5.450652112851316,-1.0,-1.8369701987210297e-16,0.7818314824680298,0.6234898018587336
249,0,41,204,490,14,2,0,0.4680530582090954,0.9343366273009888,-0.2067936485059295,-1.180681287166671,842.01,6.7369788203277015,-0.8660254037844385,-0.5000000000000004,0.7818314824680298,0.6234898018587336
210,1,13,384,167,14,2,1,0.5804842589952534,0.5340497338583277,-0.2067936485059295,-0.544369903117752,608.79,6.413114635600407,-1.0,-1.8369701987210297e-16,-0.433883739117558,-0.9009688679024191
120,1,14,520,290,26,1,1,-0.6000433492594058,1.9779417423479269,-0.2067936485059295,1.148619592148422,21.4,3.109060958860994,-0.8660254037844385,-0.5000000000000004,0.7818314824680298,0.6234898018587336
17,1,34,322,302,77,1,0,0.9177778613537274,0.24813052425642676,6.431744946342571,2.0358715797636244,331.32,5.806098360127802,-0.9659258262890683,-0.25881904510252063,0.0,1.0
52,1,34,153,481,17,1,0,0.5804842589952534,-1.5102726147952634,-0.2067936485059295,1.774185279621784,329.14,5.799516806919395,-0.8660254037844385,-0.5000000000000004,0.7818314824680298,0.6234898018587336
75,0,30,607,243,13,0,0,-0.5438277488663268,1.5061750465047905,-0.2067936485059295,1.8938930061117825,20.62,3.073618812211062,-0.9659258262890683,-0.25881904510252063,0.9749279121818236,-0.22252093395631434
204,0,41,309,133,64,2,2,1.3675026644983594,-0.695402867429846,4.772110297630446,-0.3061902949837148,74.11,4.31895370569792,-0.8660254037844385,-0.5000000000000004,-0.433883739117558,-0.9009688679024191
10,1,21,187,490,6,0,1,0.6929154597814113,-0.5953311440691808,-0.2067936485059295,-1.2597574093539148,25.36,3.2718477096343066,-0.9659258262890683,-0.25881904510252063,0.0,1.0
244,1,42,243,231,36,1,3,-0.9935525520109589,-1.3816089704744081,-0.2067936485059295,-1.0928004114503262,590.68,6.38296594819876,-0.8660254037844385,-0.5000000000000004,0.0,1.0
200,1,7,198,425,93,1,3,-0.9373369516178799,0.5769376152986128,-0.2067936485059295,-1.2293458829681654,132.36,4.893052238442539,-0.9659258262890683,-0.25881904510252063,0.0,1.0
147,1,8,668,470,63,1,2,0.7491310601744904,-1.5531604962355485,-0.2067936485059295,-0.954657572009182,1092.73,6.9973491517903526,-0.9659258262890683,-0.25881904510252063,0.0,1.0
297,0,28,152,533,25,1,2,1.5923650660706756,0.9057447063407987,-0.2067936485059295,-0.8747455879551683,845.14,6.740684830548721,-0.8660254037844385,-0.5000000000000004,0.0,1.0
378,1,20,649,333,99,2,1,-0.9935525520109589,-0.995618037511842,-0.2067936485059295,-1.1237426844815397,38.95,3.6876286722122837,-0.8660254037844385,-0.5000000000000004,0.9749279121818236,-0.22252093395631434
67,1,9,447,404,45,2,0,0.6929154597814113,0.648417417699088,-0.2067936485059295,2.1561510767943886,8.81,2.2834022735772717,-0.8660254037844385,-0.5000000000000004,0.0,1.0
73,0,13,589,327,8,1,0,0.5804842589952534,0.6341214572189929,-0.2067936485059295,-1.008416822808441,83.24,4.43366986782572,-1.0,-1.8369701987210297e-16,0.0,1.0
215,1,33,260,164,54,1,1,-0.31896534729401077,0.7198972200995631,-0.2067936485059295,0.3430205401440935,79.76,4.391481793444637,-0.8660254037844385,-0.5000000000000004,0.0,1.0
261,1,16,225,277,35,1,3,-1.387061754762512,-1.367313009994313,-0.2067936485059295,-1.155938750312908,1212.51,7.10127226575899,-0.8660254037844385,-0.5000000000000004,0.9749279121818236,-0.22252093395631434
12,1,14,100,123,57,2,0,-0.8811213512248008,0.30531436617680696,-0.2067936485059295,0.560375393425668,246.27,5.5104808570190835,-0.8660254037844385,-0.5000000000000004,0.9749279121818236,-0.22252093395631434
201,1,19,188,425,53,1,3,-1.0497681524040379,1.4061033231441251,-0.2067936485059295,-1.1287142677933997,429.15,6.0641339850673575,-0.8660254037844385,-0.5000000000000004,0.43388373911755823,-0.900968867902419
244,0,11,16,211,31,1,0,1.1988558633191224,-0.06638060630566417,-0.2067936485059295,0.032997835363171364,26.1,3.299533727885655,-0.9659258262890683,-0.25881904510252063,-0.433883739117558,-0.9009688679024191
368,1,5,506,86,12,0,3,-1.218414953583275,0.7484891410597533,-0.2067936485059295,1.1744979781033473,124.22,4.830072190317164,-0.9659258262890683,-0.25881904510252063,-0.433883739117558,-0.9009688679024191
134,0,31,422,561,3,0,1,-0.5438277488663268,-1.038505918952127,-0.2067936485059295,0.600907001983625,132.33,4.892827258127367,-0.8660254037844385,-0.5000000000000004,-0.433883739117558,-0.9009688679024191
448,1,39,500,219,73,1,0,-0.3751809476870898,-0.42377961830804023,-0.2067936485059295,1.9952374114674132,109.91,4.70871906161665,-0.8660254037844385,-0.5000000000000004,0.0,1.0
144,0,26,642,345,3,1,0,-0.2627497469009318,0.19094668233604659,-0.2067936485059295,1.5468667477688391,35.98,3.610377225958979,-0.8660254037844385,-0.5000000000000004,0.43388373911755823,-0.900968867902419
217,1,6,158,232,78,1,3,-1.330846154369433,0.8771527853806086,-0.2067936485059295,-1.0025709177279665,111.41,4.722152901473706,-0.9659258262890683,-0.25881904510252063,0.9749279121818236,-0.22252093395631434
310,1,24,33,104,69,2,1,-0.03788734532861574,-0.22363617158670962,-0.2067936485059295,0.2880331364792436,317.53,5.763716662099238,-1.0,-1.8369701987210297e-16,-0.433883739117558,-0.9009688679024191
163,0,14,602,442,83,1,0,0.9177778613537274,0.5483456943384226,-0.2067936485059295,0.23345084378049683,820.62,6.71127800106393,-0.9659258262890683,-0.25881904510252063,-0.433883739117558,-0.9009688679024191
238,1,33,647,116,33,2,3,-1.49949295554867,-0.7382907488701311,-0.2067936485059295,-0.8826401238072655,84.91,4.453300236649965,-1.0,-1.8369701987210297e-16,0.0,1.0
458,1,26,172,67,30,0,1,0.6929154597814113,-1.038505918952127,-0.2067936485059295,-0.013589925738680762,83.79,4.440177611315912,-0.8660254037844385,-0.5000000000000004,0.43388373911755823,-0.900968867902419
275,1,39,18,575,3,0,0,-0.2627497469009318,-1.052801879432222,-0.2067936485059295,-0.9851331982313402,99.36,4.608763721498222,-0.8660254037844385,-0.5000000000000004,0.7818314824680298,0.6234898018587336
173,0,25,502,183,86,0,2,0.6366998593883324,0.5912335757787078,-0.2067936485059295,0.41587897819969233,54.03,4.007878491071668,-0.9659258262890683,-0.25881904510252063,0.7818314824680298,0.6234898018587336
82,1,30,536,121,59,2,2,0.6929154597814113,0.2624264847365218,-0.2067936485059295,-0.6396761038836819,498.59,6.213787762038289,-1.0,-1.8369701987210297e-16,0.0,1.0
419,1,19,566,17,96,2,1,-0.09410294572169475,-1.395904930954503,-0.2067936485059295,1.160929324732351,535.91,6.285830482697427,-0.8660254037844385,-0.5000000000000004,-0.433883739117558,-0.9009688679024191
108,1,6,305,258,67,2,2,1.0864246625329645,-0.7382907488701311,-0.2067936485059295,0.16748185614210637,224.28,5.417344072969677,-0.8660254037844385,-0.5000000000000004,0.9749279121818236,-0.22252093395631434
350,0,30,237,89,62,1,2,0.4680530582090954,1.692022532746026,-0.2067936485059295,0.30740154304850015,275.59,5.622536265287162,-0.8660254037844385,-0.5000000000000004,0.7818314824680298,0.6234898018587336
492,0,28,250,13,85,0,1,-0.09410294572169475,0.03369111705500113,1.4528410002061958,0.1471904119285643,56.98,4.06009812349351,-0.8660254037844385,-0.5000000000000004,0.0,1.0
78,1,34,122,513,24,2,0,-0.5438277488663268,-0.19504425062651956,-0.2067936485059295,1.237290177849322,165.25,5.113492679535963,-0.9659258262890683,-0.25881904510252063,-0.433883739117558,-0.9009688679024191
128,0,14,629,202,6,2,2,0.4680530582090954,-1.2815372471137427,-0.2067936485059295,-0.02794059711386336,197.49,5.2907387210244865,-0.8660254037844385,-0.5000000000000004,0.0,1.0
124,1,1,205,284,85,0,1,0.35562185742293734,0.5483456943384226,-0.2067936485059295,-0.5902935899144099,73.55,4.311470041210748,-0.8660254037844385,-0.5000000000000004,0.0,1.0
431,1,10,210,378,67,1,0,0.6929154597814113,0.6913052991393731,-0.2067936485059295,0.024321281506888014,100.13,4.616406817914079,-0.8660254037844385,-0.5000000000000004,0.0,1.0
137,1,26,665,551,34,1,3,-1.330846154369433,-0.5953311440691808,-0.2067936485059295,-0.9796795841496868,18.35,2.962692419475791,-0.8660254037844385,-0.5000000000000004,0.0,1.0
318,1,40,395,448,28,1,0,0.1869750562437003,0.8199689434602284,-0.2067936485059295,-1.2459862004998672,251.54,5.531569652010535,-0.9659258262890683,-0.25881904510252063,0.9749279121818236,-0.22252093395631434
420,1,35,174,196,92,0,1,-0.8811213512248008,-0.681106906949751,-0.2067936485059295,-1.0181061540799818,644.17,6.469513847959858,-0.8660254037844385,-0.5000000000000004,0.43388373911755823,-0.900968867902419
3,1,26,390,482,54,2,2,1.6485806664637546,-0.7811786303104162,-0.2067936485059295,-0.18700562315881136,136.31,4.92224114333366,-0.8660254037844385,-0.5000000000000004,0.0,1.0
354,1,20,109,93,93,2,3,-1.274630553976354,0.4339780104976623,-0.2067936485059295,-1.2090005948920401,877.81,6.778568719599104,-0.9659258262890683,-0.25881904510252063,0.0,1.0
473,1,38,30,424,4,2,2,0.6929154597814113,-0.8383624722307964,-0.2067936485059295,0.24322991482300982,444.47,6.09912990457608,-0.8660254037844385,-0.5000000000000004,0.0,1.0
114,1,16,463,368,61,2,0,0.41183745781601633,2.2352690309896377,-0.2067936485059295,1.5767500915025807,5.29,1.8389610707123492,-1.0,-1.8369701987210297e-16,0.9749279121818236,-0.22252093395631434
136,1,38,581,493,72,1,1,-0.20653414650785276,-1.4244968519146932,1.4528410002061958,0.7124227693805902,61.4,4.133565275375382,-0.8660254037844385,-0.5000000000000004,0.0,1.0
91,1,22,284,129,65,0,0,-0.3751809476870898,2.006533663308117,-0.2067936485059295,1.6693205112505871,70.23,4.265914077990263,-0.8660254037844385,-0.5000000000000004,0.9749279121818236,-0.22252093395631434
172,1,4,362,149,28,2,3,-1.387061754762512,0.2910184056967119,-0.2067936485059295,-1.023831551468008,50.52,3.9419700817960983,-0.8660254037844385,-0.5000000000000004,0.0,1.0
101,1,10,561,281,5,2,2,1.2550714637122016,-0.995618037511842,-0.2067936485059295,-1.0482407691724458,449.18,6.109647502785692,-0.9659258262890683,-0.25881904510252063,0.0,1.0
217,0,39,297,177,58,1,1,-0.31896534729401077,-1.5674564567156437,-0.2067936485059295,-0.5450775653117043,194.29,5.274485633294691,-0.8660254037844385,-0.5000000000000004,0.0,1.0
201,1,30,214,562,50,2,0,-0.7686901504386429,-0.9241382351113667,-0.2067936485059295,1.1844437087205228,1001.83,6.9105812820712,-0.9659258262890683,-0.25881904510252063,0.0,1.0
253,1,14,658,331,79,0,0,0.41183745781601633,-1.338721089034123,-0.2067936485059295,0.0018094189601481733,512.76,6.2417562303412035,-0.8660254037844385,-0.5000000000000004,0.7818314824680298,0.6234898018587336
126,1,36,365,186,14,0,0,1.4237182648914386,-0.5524432626288956,-0.2067936485059295,-0.000536635052410607,14.09,2.7140322727797574,-0.8660254037844385,-0.5000000000000004,0.7818314824680298,0.6234898018587336
429,1,27,484,466,98,1,2,0.5242686586021743,0.04798707753509617,-0.2067936485059295,-0.009549072051475477,188.7,5.245443876940969,-0.8660254037844385,-0.5000000000000004,-0.433883739117558,-0.9009688679024191
457,1,12,193,285,26,1,3,-1.162199353190196,-0.7668826698303213,-0.2067936485059295,-1.1611769889442278,47.48,3.881151341761059,-0.8660254037844385,-0.5000000000000004,0.0,1.0
385,0,5,230,427,65,1,1,-0.8249057508317219,1.320327560263555,-0.2067936485059295,-0.5752660242667513,43.65,3.798854307322508,-0.8660254037844385,-0.5000000000000004,0.0,1.0
451,1,15,483,91,8,2,0,-0.6562589496524849,-0.1378604087061394,-0.2067936485059295,0.10707929829744853,494.66,6.205890207802469,-0.8660254037844385,-0.5000000000000004,0.0,1.0
232,1,11,201,328,3,0,2,1.0302090621398854,-0.46666749974832533,-0.2067936485059295,-0.10216564368169591,922.55,6.828224940025329,-0.8660254037844385,-0.5000000000000004,0.0,1.0
176,1,39,670,297,6,1,0,0.7491310601744904,-0.2522280925468997,-0.2067936485059295,0.5783310396004767,112.27,4.729774349212622,-0.9659258262890683,-0.25881904510252063,0.43388373911755823,-0.900968867902419
241,1,15,610,172,75,1,1,0.5804842589952534,-0.7525867093502262,-0.2067936485059295,0.6292288737024505,178.55,5.1904537206720915,-0.8660254037844385,-0.5000000000000004,-0.433883739117558,-0.9009688679024191
229,1,37,257,237,47,0,1,0.2431906566367793,1.7206144537062162,-0.2067936485059295,-0.7691987973245825,432.1,6.070968648220581,-0.8660254037844385,-0.5000000000000004,0.0,1.0
130,1,16,552,240,53,1,0,1.3112870641052805,0.13376284041566644,-0.2067936485059295,2.2213124064940297,23.24,3.1880041612011136,-0.8660254037844385,-0.5000000000000004,0.43388373911755823,-0.900968867902419
213,1,39,670,437,73,0,0,1.1988558633191224,0.7198972200995631,-0.2067936485059295,1.667825703065536,1.98,1.091923300517313,-0.9659258262890683,-0.25881904510252063,0.0,1.0
190,1,11,627,377,17,0,2,0.5242686586021743,-0.12356444822604433,-0.2067936485059295,0.6051042592716677,361.92,5.8941824243014285,-0.8660254037844385,-0.5000000000000004,0.0,1.0
66,1,24,190,108,27,2,2,1.5361494656775965,0.5769376152986128,-0.2067936485059295,-0.6813051016409561,377.97,5.937457046276627,-0.8660254037844385,-0.5000000000000004,-0.433883739117558,-0.9009688679024191
320,1,34,120,253,12,1,3,-0.9373369516178799,-1.4816806938350733,-0.2067936485059295,-0.9235870993051509,158.41,5.071479499645555,-0.8660254037844385,-0.5000000000000004,0.43388373911755823,-0.900968867902419
363,1,40,443,587,45,0,2,1.0302090621398854,0.677009338659278,-0.2067936485059295,0.08964670678773493,350.96,5.86351753277736,-0.8660254037844385,-0.5000000000000004,0.43388373911755823,-0.900968867902419
28,1,19,221,514,67,1,3,-1.218414953583275,-0.666810946469656,-0.2067936485059295,-1.2279356865671738,1192.95,7.08502241702882,-1.0,-1.8369701987210297e-16,0.0,1.0
307,1,0,364,513,10,0,3,-1.274630553976354,0.21953860329623667,-0.2067936485059295,-0.9016162393777006,56.96,4.059753117452481,-0.9659258262890683,-0.25881904510252063,0.0,1.0
120,1,4,630,9,27,0,3,-1.49949295554867,0.5340497338583277,-0.2067936485059295,-1.1523722354151273,358.18,5.88382365559059,-0.8660254037844385,-0.5000000000000004,0.0,1.0
186,0,18,70,39,5,1,3,-1.49949295554867,0.23383456377633172,-0.2067936485059295,-1.16975611104917,48.78,3.907613296939446,-0.8660254037844385,-0.5000000000000004,-0.433883739117558,-0.9009688679024191
226,1,42,652,38,62,1,2,1.5923650660706756,0.333906287136997,-0.2067936485059295,0.05570712540604991,507.25,6.230973452508456,-0.9659258262890683,-0.25881904510252063,0.0,1.0
88,1,20,269,179,50,2,2,1.2550714637122016,-0.7096988279099411,-0.2067936485059295,-0.8774377810843342,79.35,4.386392092183521,-0.9659258262890683,-0.25881904510252063,0.0,1.0
448,1,30,198,472,37,2,3,-1.218414953583275,0.2767224452166169,-0.2067936485059295,-0.9860767478232764,270.56,5.604183109433446,-0.8660254037844385,-0.5000000000000004,-0.433883739117558,-0.9009688679024191
482,0,26,254,102,31,2,2,0.9739934617468065,-0.42377961830804023,-0.2067936485059295,-0.6350378397211475,307.89,5.7329852264642955,-0.8660254037844385,-0.5000000000000004,0.0,1.0
168,1,19,627,36,44,0,1,-0.7124745500455638,1.649134651305741,-0.2067936485059295,0.7283323487772326,129.94,4.874739203012945,-0.8660254037844385,-0.5000000000000004,0.0,1.0
194,1,37,99,302,84,2,1,-0.9373369516178799,0.7627851015398482,-0.2067936485059295,-0.12402625189052324,874.72,6.775046405139135,-0.8660254037844385,-0.5000000000000004,-0.433883739117558,-0.9009688679024191
95,1,34,130,367,4,2,0,-0.8249057508317219,-0.5667392231089906,-0.2067936485059295,1.6589081338243556,76.39,4.348857573282368,-0.8660254037844385,-0.5000000000000004,0.0,1.0
216,1,14,661,72,29,0,0,1.2550714637122016,1.992237702828022,-0.2067936485059295,1.5886418931531254,77.03,4.35709336812867,-0.8660254037844385,-0.5000000000000004,0.0,1.0
433,1,16,190,554,19,0,1,-0.8249057508317219,0.7484891410597533,-0.2067936485059295,0.07265768614596997,166.06,5.118353029327761,-0.8660254037844385,-0.5000000000000004,-0.433883739117558,-0.9009688679024191
129,1,12,575,434,1,1,0,0.7491310601744904,-0.6239230650293708,-0.2067936485059295,2.026425827870437,524.6,6.2645404671704,-0.9659258262890683,-0.25881904510252063,-0.433883739117558,-0.9009688679024191
51,1,26,424,183,64,0,0,-0.8249057508317219,-0.35229981590756504,-0.2067936485059295,1.4269564657957892,137.59,4.931519934080711,-0.8660254037844385,-0.5000000000000004,0.7818314824680298,0.6234898018587336
420,1,19,499,566,96,2,1,0.1869750562437003,1.5204710069848855,-0.2067936485059295,0.3941670816113332,349.64,5.859760056110554,-0.8660254037844385,-0.5000000000000004,0.7818314824680298,0.6234898018587336
474,0,7,66,525,65,1,2,1.8734430680360705,-0.7382907488701311,-0.2067936485059295,-1.0172702922132122,859.3,6.757281165627302,-0.9659258262890683,-0.25881904510252063,0.7818314824680298,0.6234898018587336
66,1,28,534,111,82,2,3,-1.0497681524040379,-0.2808200135070898,-0.2067936485059295,-1.0768831400733148,259.9,5.564137192142683,-0.8660254037844385,-0.5000000000000004,0.43388373911755823,-0.900968867902419
200,1,14,81,219,28,1,1,-0.2627497469009318,-1.2386493656734576,-0.2067936485059295,0.08213420596063402,5.66,1.8961194845522977,-1.0,-1.8369701987210297e-16,0.0,1.0
358,1,12,207,580,0,0,1,-0.8811213512248008,-0.19504425062651956,-0.2067936485059295,-0.6883355716982638,1362.55,7.217846871947003,-1.0,-1.8369701987210297e-16,-0.433883739117558,-0.9009688679024191
318,1,38,552,454,98,2,1,0.2431906566367793,-0.4523715392682303,-0.2067936485059295,-0.9291560930923398,440.03,6.089112900343984,-0.8660254037844385,-0.5000000000000004,0.9749279121818236,-0.22252093395631434
45,1,41,208,492,41,2,1,-0.9373369516178799,-1.4959766543151685,-0.2067936485059295,0.8215001790005682,457.3,6.127523991515078,-1.0,-1.8369701987210297e-16,0.0,1.0
429,1,20,235,189,84,0,3,-1.387061754762512,-0.39518769734785014,-0.2067936485059295,-0.8858989594902843,45.85,3.846951008684431,-0.9659258262890683,-0.25881904510252063,0.43388373911755823,-0.900968867902419
357,1,14,82,450,39,1,3,-1.218414953583275,-0.5381473021488006,-0.2067936485059295,-0.8845041470500308,51.22,3.955465563270983,-0.8660254037844385,-0.5000000000000004,0.43388373911755823,-0.900968867902419
260,1,0,189,472,6,2,3,-1.387061754762512,0.5626416548185177,-0.2067936485059295,-1.0889236533443274,144.77,4.982030037085921,-0.8660254037844385,-0.5000000000000004,0.0,1.0
285,1,36,17,172,5,2,1,-0.31896534729401077,0.8056729829801335,-0.2067936485059295,0.8481067390970962,93.82,4.551980357473973,-0.9659258262890683,-0.25881904510252063,0.0,1.0
1,1,36,576,45,21,2,3,-1.218414953583275,0.9629285482611789,-0.2067936485059295,-1.015296017251824,476.99,6.1695898117705275,-0.8660254037844385,-0.5000000000000004,0.7818314824680298,0.6234898018587336
327,1,26,310,337,75,1,3,-1.443277355155591,-0.20934021110661458,-0.2067936485059295,-0.9759694856183507,568.88,6.34542581234903,-0.8660254037844385,-0.5000000000000004,-0.433883739117558,-0.9009688679024191
109,1,7,332,100,95,0,2,1.3675026644983594,0.44827397097775734,-0.2067936485059295,-0.896152369322222,1493.0,7.309212365692763,-0.9659258262890683,-0.25881904510252063,0.9749279121818236,-0.22252093395631434
394,0,4,261,195,92,2,3,-1.105983752797117,0.21953860329623667,-0.2067936485059295,-1.0970745885420592,16.52,2.8633430855082453,-0.9659258262890683,-0.25881904510252063,0.9749279121818236,-0.22252093395631434
393,1,28,285,219,90,2,0,-0.20653414650785276,0.4339780104976623,-0.2067936485059295,0.35517130513372885,1159.39,7.056511434492088,-0.8660254037844385,-0.5000000000000004,0.43388373911755823,-0.900968867902419
174,0,35,62,301,84,0,3,-1.443277355155591,0.6055295362588028,-0.2067936485059295,-0.8821529650505592,595.91,6.391766348259266,-1.0,-1.8369701987210297e-16,0.43388373911755823,-0.900968867902419
379,1,29,75,479,65,0,0,-0.7686901504386429,-1.367313009994313,-0.2067936485059295,1.5874983520715937,517.68,6.251287122680683,-0.9659258262890683,-0.25881904510252063,0.9749279121818236,-0.22252093395631434
391,1,20,267,421,54,1,3,-1.274630553976354,-0.7239947883900362,-0.2067936485059295,-1.1408163169073644,76.21,4.3465289823207245,-0.8660254037844385,-0.5000000000000004,0.7818314824680298,0.6234898018587336
380,1,26,194,393,6,0,0,0.5804842589952534,0.005099196094811046,-0.2067936485059295,-1.049294570483005,815.96,6.705590134053119,-0.8660254037844385,-0.5000000000000004,-0.433883739117558,-0.9009688679024191
402,1,12,278,197,33,0,3,-1.274630553976354,-0.2808200135070898,-0.2067936485059295,-1.268013468283357,689.29,6.5371117991493355,-0.9659258262890683,-0.25881904510252063,-0.433883739117558,-0.9009688679024191
251,0,34,416,35,95,2,0,1.1988558633191224,0.005099196094811046,-0.2067936485059295,0.7519262165625514,137.86,4.933466231325127,-0.8660254037844385,-0.5000000000000004,0.0,1.0
199,0,6,280,473,16,1,2,0.5804842589952534,0.7627851015398482,-0.2067936485059295,-0.8276424641685902,313.65,5.751460909972942,-0.8660254037844385,-0.5000000000000004,0.0,1.0
254,0,18,546,207,42,1,0,-0.31896534729401077,-0.4809634602284204,-0.2067936485059295,0.8706775734933322,237.99,5.476421710051968,-0.8660254037844385,-0.5000000000000004,0.0,1.0
469,1,30,403,111,68,0,0,0.018328255064463266,-0.46666749974832533,-0.2067936485059295,1.2009635185597765,119.01,4.78757507264335,-0.9659258262890683,-0.25881904510252063,0.0,1.0
327,0,30,50,148,60,1,3,-1.443277355155591,1.7206144537062162,-0.2067936485059295,-0.9970378198491663,64.01,4.174541104216377,-1.0,-1.8369701987210297e-16,0.0,1.0
208,1,19,266,18,46,2,1,0.6366998593883324,1.7777982956265963,-0.2067936485059295,-0.29605995683768194,123.85,4.827113016725782,-1.0,-1.8369701987210297e-16,-0.433883739117558,-0.9009688679024191
407,0,27,349,77,3,1,3,-0.9935525520109589,0.2624264847365218,-0.2067936485059295,-1.2762361952978665,69.8,4.259859000699674,-0.8660254037844385,-0.5000000000000004,0.7818314824680298,0.6234898018587336
174,1,31,264,524,30,2,3,-1.0497681524040379,0.17665072185595154,-0.2067936485059295,-1.2688057422613688,74.72,4.327042326341122,-1.0,-1.8369701987210297e-16,0.7818314824680298,0.6234898018587336
238,1,16,46,452,50,0,0,0.6929154597814113,0.8914487458607037,-0.2067936485059295,-1.2447836875688398,37.58,3.652734007477583,-1.0,-1.8369701987210297e-16,0.0,1.0
74,0,32,68,423,79,2,3,-1.330846154369433,-0.39518769734785014,-0.2067936485059295,-0.9112055749044441,366.43,5.906532824319521,-0.8660254037844385,-0.5000000000000004,0.0,1.0
233,1,38,242,286,43,2,0,-0.8811213512248008,0.2910184056967119,3.1124756489183207,1.199291794826237,590.01,6.381832937736722,-0.8660254037844385,-0.5000000000000004,0.0,1.0
43,0,37,439,413,67,1,2,1.1426402629260435,-1.295833207593838,-0.2067936485059295,-0.5267757800202886,248.95,5.521260897859579,-0.8660254037844385,-0.5000000000000004,-0.433883739117558,-0.9009688679024191
32,1,6,336,415,31,2,3,-1.330846154369433,0.1623547613758565,-0.2067936485059295,-0.8908346468937551,95.35,4.567987394860375,-0.8660254037844385,-0.5000000000000004,0.9749279121818236,-0.22252093395631434
146,1,11,223,253,62,2,2,1.1988558633191224,-0.9098422746312717,-0.2067936485059295,-0.15320962541068175,8.98,2.300583090323373,-0.8660254037844385,-0.5000000000000004,0.0,1.0
301,0,15,325,106,37,1,0,1.0864246625329645,-0.9098422746312717,-0.2067936485059295,1.630076027407717,506.9,6.2302845778072,-0.9659258262890683,-0.25881904510252063,0.9749279121818236,-0.22252093395631434
402,1,19,314,75,50,0,3,-1.218414953583275,-1.1242816818326973,-0.2067936485059295,-0.16386045422835338,584.41,6.372312456448747,-0.8660254037844385,-0.5000000000000004,0.0,1.0
437,1,20,3,123,80,2,0,0.5804842589952534,2.2209730705095425,-0.2067936485059295,0.03203377382358427,302.86,5.71656706901562,-1.0,-1.8369701987210297e-16,0.0,1.0
118,1,9,27,458,28,0,3,-1.330846154369433,-1.2243534051933627,1.4528410002061958,-1.131380820988002,202.55,5.315911674948988,-1.0,-1.8369701987210297e-16,0.7818314824680298,0.6234898018587336
278,1,23,469,245,84,0,1,0.1307594558506213,0.13376284041566644,3.1124756489183207,0.711368968070031,280.61,5.64052313501701,-0.8660254037844385,-0.5000000000000004,0.0,1.0
280,1,10,210,170,30,1,1,0.6929154597814113,-0.8955463141511766,-0.2067936485059295,0.2257768113656457,254.77,5.5442786031426925,-0.8660254037844385,-0.5000000000000004,0.9749279121818236,-0.22252093395631434
187,0,4,331,109,17,1,3,-1.274630553976354,-0.666810946469656,-0.2067936485059295,-1.098397609165535,555.71,6.322044458024357,-0.9659258262890683,-0.25881904510252063,0.0,1.0
13,1,42,76,431,61,2,1,-0.8249057508317219,-0.8526584327108915,-0.2067936485059295,0.31861645042656844,346.65,5.851196226545027,-0.8660254037844385,-0.5000000000000004,0.0,1.0
416,1,35,540,482,13,0,2,1.0302090621398854,-0.009196764385283997,-0.2067936485059295,-0.2027203390527713,328.47,5.797485302756558,-1.0,-1.8369701987210297e-16,0.0,1.0
431,1,29,68,97,41,1,0,-0.7124745500455638,0.5483456943384226,-0.2067936485059295,2.0685804442862623,83.39,4.435448911169876,-0.8660254037844385,-0.5000000000000004,0.0,1.0
389,1,19,264,448,14,1,1,-0.5438277488663268,-0.9098422746312717,-0.2067936485059295,-1.1083741077041869,230.32,5.443802033290018,-1.0,-1.8369701987210297e-16,0.0,1.0
402,1,27,529,185,14,1,1,-0.8249057508317219,-0.9384341955914618,-0.2067936485059295,0.8942996452066706,186.69,5.234791665668158,-0.8660254037844385,-0.5000000000000004,-0.433883739117558,-0.9009688679024191
259,0,38,428,10,47,1,0,-0.6000433492594058,-1.1242816818326973,-0.2067936485059295,2.008682993152505,471.75,6.158566707538567,-1.0,-1.8369701987210297e-16,0.7818314824680298,0.6234898018587336
173,0,42,176,279,86,2,2,1.9858742688222286,-1.009913997991937,-0.2067936485059295,-0.5501183764468853,557.41,6.325093459597267,-0.8660254037844385,-0.5000000000000004,-0.433883739117558,-0.9009688679024191
25,1,40,139,559,26,1,0,-0.8811213512248008,0.04798707753509617,-0.2067936485059295,0.4025564682005055,278.27,5.632179055796509,-0.8660254037844385,-0.5000000000000004,0.0,1.0
85,1,1,527,219,73,0,0,1.0864246625329645,-0.36659577638766006,-0.2067936485059295,1.5615533022868036,130.54,4.879310987873205,-0.9659258262890683,-0.25881904510252063,0.9749279121818236,-0.22252093395631434
476,1,24,109,427,4,2,1,0.2994062570298583,0.07657899849528625,-0.2067936485059295,0.0667630651898246,25.29,3.26918863874179,-1.0,-1.8369701987210297e-16,0.43388373911755823,-0.900968867902419
444,1,23,4,273,30,2,3,-0.9373369516178799,0.40538608953747224,-0.2067936485059295,-1.1624230897640133,98.24,4.5975411588236,-0.9659258262890683,-0.25881904510252063,0.0,1.0
96,1,32,342,80,99,0,0,-0.7686901504386429,0.6198254967388979,-0.2067936485059295,0.6436282609533038,345.94,5.849151854333263,-0.9659258262890683,-0.25881904510252063,0.0,1.0
141,1,24,621,329,10,1,0,1.3112870641052805,1.692022532746026,-0.2067936485059295,1.4554501250761898,189.08,5.24744503617428,-0.8660254037844385,-0.5000000000000004,0.0,1.0
254,0,35,604,462,42,1,3,-1.105983752797117,0.2910184056967119,-0.2067936485059295,-1.0009761137981175,66.69,4.214938458520516,-0.8660254037844385,-0.5000000000000004,0.9749279121818236,-0.22252093395631434
67,0,9,0,504,13,1,0,-0.15031854611477377,2.4211165172308733,-0.2067936485059295,2.2691360124418414,157.37,5.064934067503635,-0.8660254037844385,-0.5000000000000004,0.9749279121818236,-0.22252093395631434
90,0,24,88,404,52,2,0,0.9177778613537274,-0.5810351835890857,-0.2067936485059295,0.8531193463042578,373.27,5.9249774620856215,-1.0,-1.8369701987210297e-16,0.7818314824680298,0.6234898018587336
337,1,12,458,515,33,0,1,-0.4876121484732478,2.335340754350303,-0.2067936485059295,0.9195754926993541,172.29,5.154966491652154,-0.9659258262890683,-0.25881904510252063,0.0,1.0
413,1,2,7,456,36,2,3,-1.387061754762512,0.2767224452166169,-0.2067936485059295,-0.8267655784065191,1047.69,6.955297045179371,-0.8660254037844385,-0.5000000000000004,0.0,1.0
454,0,37,44,566,1,1,3,-1.0497681524040379,0.8342649039403235,-0.2067936485059295,-0.8827298635782376,374.5,5.928258471204189,-0.8660254037844385,-0.5000000000000004,0.0,1.0
183,1,21,90,281,61,2,0,0.6929154597814113,-0.29511597398718487,-0.2067936485059295,-1.1423598409680864,21.41,3.1095072878128356,-0.8660254037844385,-0.5000000000000004,0.0,1.0
319,1,4,564,22,84,2,1,0.5242686586021743,0.17665072185595154,-0.2067936485059295,0.42741694875326053,265.94,5.587023914046005,-0.8660254037844385,-0.5000000000000004,0.0,1.0
43,1,40,168,505,71,1,0,-0.8249057508317219,-0.23793213206680466,-0.2067936485059295,1.0372012565027977,244.64,5.503867049461198,-1.0,-1.8369701987210297e-16,0.7818314824680298,0.6234898018587336
308,1,28,104,274,59,2,2,1.1988558633191224,-0.9813220770317469,-0.2067936485059295,-0.7831161538056421,1510.71,7.32099673940191,-0.8660254037844385,-0.5000000000000004,0.43388373911755823,-0.900968867902419
479,1,4,247,399,56,0,1,-0.15031854611477377,0.11946687993557138,-0.2067936485059295,0.5234769635953569,617.66,6.427555848757907,-0.9659258262890683,-0.25881904510252063,0.43388373911755823,-0.900968867902419
16,1,11,394,284,18,0,3,-0.9935525520109589,1.3775114021839352,-0.2067936485059295,-0.9055391493659137,215.39,5.377082335183691,-0.8660254037844385,-0.5000000000000004,0.9749279121818236,-0.22252093395631434
366,1,9,177,311,53,2,2,1.0302090621398854,-1.1957614842331725,-0.2067936485059295,0.3516458141312497,7.5,2.1400661634962708,-0.8660254037844385,-0.5000000000000004,-0.433883739117558,-0.9009688679024191
453,0,41,132,456,58,1,1,0.07454385545754227,0.5769376152986128,-0.2067936485059295,0.7024821667503273,156.26,5.05790048656337,-0.9659258262890683,-0.25881904510252063,0.0,1.0
357,0,34,29,180,19,2,1,-0.15031854611477377,0.6913052991393731,-0.2067936485059295,0.8360816097868218,717.74,6.577499678971295,-0.8660254037844385,-0.5000000000000004,-0.433883739117558,-0.9009688679024191
149,1,7,29,406,39,1,3,-1.330846154369433,2.449708438191063,-0.2067936485059295,-1.167533128722516,301.47,5.711982098999155,-0.8660254037844385,-0.5000000000000004,0.43388373911755823,-0.900968867902419
142,1,34,37,96,17,1,0,1.3675026644983594,0.5197537733782326,-0.2067936485059295,0.7104587503930273,97.73,4.592388851623358,-0.9659258262890683,-0.25881904510252063,0.0,1.0
39,1,30,341,203,93,0,3,-1.162199353190196,1.8778700189872617,-0.2067936485059295,-0.9306124413755457,34.31,3.564166209940295,-0.8660254037844385,-0.5000000000000004,-0.433883739117558,-0.9009688679024191
362,1,14,172,302,46,0,3,-1.49949295554867,1.7635023351465013,-0.2067936485059295,-1.0366899786515957,28.44,3.3823542938606757,-0.9659258262890683,-0.25881904510252063,0.43388373911755823,-0.900968867902419
337,1,0,557,157,41,0,0,0.6366998593883324,-1.2386493656734576,-0.2067936485059295,1.4216259234000403,17.43,2.9139797716817317,-0.8660254037844385,-0.5000000000000004,0.43388373911755823,-0.900968867902419
57,0,18,534,513,12,1,3,-1.162199353190196,-0.46666749974832533,-0.2067936485059295,0.4955525108622654,55.98,4.0427003290697625,-0.8660254037844385,-0.5000000000000004,0.0,1.0
174,1,11,73,149,75,1,1,0.41183745781601633,0.8628568249005136,-0.2067936485059295,0.12964756870022787,458.94,6.131096046193176,-1.0,-1.8369701987210297e-16,0.7818314824680298,0.6234898018587336
165,1,8,188,209,47,2,2,1.1988558633191224,0.5197537733782326,-0.2067936485059295,0.3332696730296,490.76,6.197990792598754,-0.8660254037844385,-0.5000000000000004,0.43388373911755823,-0.900968867902419
326,0,9,124,300,99,1,0,1.1988558633191224,-1.2672412866336478,-0.2067936485059295,2.0120238766261274,295.18,5.690967377609358,-0.9659258262890683,-0.25881904510252063,0.7818314824680298,0.6234898018587336
137,1,29,433,585,68,0,2,0.35562185742293734,0.3624982080971871,-0.2067936485059295,-0.9255152223843248,345.86,5.84892124032244,-0.8660254037844385,-0.5000000000000004,0.0,1.0
173,1,22,587,481,85,2,0,1.0302090621398854,-0.5667392231089906,-0.2067936485059295,2.248606116836859,567.71,6.343370638121583,-1.0,-1.8369701987210297e-16,0.0,1.0
130,0,15,402,276,60,1,1,-0.9373369516178799,0.41968205001756725,-0.2067936485059295,-1.0907697286328983,130.93,4.882271478895685,-0.8660254037844385,-0.5000000000000004,0.9749279121818236,-0.22252093395631434
470,1,35,578,378,24,0,1,0.5804842589952534,-1.295833207593838,-0.2067936485059295,-0.9843434882467849,7.48,2.1377104498038118,-0.8660254037844385,-0.5000000000000004,0.0,1.0
443,0,14,316,312,72,0,0,1.1426402629260435,0.4339780104976623,-0.2067936485059295,0.5784643672602067,222.96,5.411467464480692,-0.9659258262890683,-0.25881904510252063,0.43388373911755823,-0.900968867902419
322,0,17,175,543,77,2,3,-1.443277355155591,-0.32370789494737495,-0.2067936485059295,-1.0651759459516275,80.96,4.406231323370699,-0.9659258262890683,-0.25881904510252063,0.9749279121818236,-0.22252093395631434
240,1,29,126,35,43,1,0,0.5804842589952534,-0.06638060630566417,-0.2067936485059295,0.445931545501553,152.34,5.032657678130748,-0.9659258262890683,-0.25881904510252063,0.43388373911755823,-0.900968867902419
455,0,16,648,25,39,1,0,-0.20653414650785276,-0.02349272486537904,-0.2067936485059295,1.9120871036780318,379.54,5.941591296612255,-0.9659258262890683,-0.25881904510252063,0.7818314824680298,0.6234898018587336
44,1,4,548,0,47,2,1,-0.5438277488663268,-1.295833207593838,-0.2067936485059295,0.006927149899019781,942.7,6.849808319027288,-0.8660254037844385,-0.5000000000000004,0.0,1.0
185,1,5,132,306,57,1,1,0.6929154597814113,-0.7096988279099411,-0.2067936485059295,-0.4706602192346454,343.86,5.843138537571986,-0.8660254037844385,-0.5000000000000004,0.0,1.0
473,0,39,36,277,54,2,2,0.9177778613537274,-0.7954745907905113,-0.2067936485059295,0.3920184550949131,701.7,6.554930058198152,-0.8660254037844385,-0.5000000000000004,-0.433883739117558,-0.9009688679024191
131,0,37,304,83,91,2,1,-0.20653414650785276,0.11946687993557138,-0.2067936485059295,-0.7070450319492386,11.46,2.522523513359307,-0.8660254037844385,-0.5000000000000004,0.0,1.0
13,1,39,360,87,31,2,0,0.2994062570298583,-0.7525867093502262,-0.2067936485059295,1.3881555528208673,174.25,5.166213525914699,-1.0,-1.8369701987210297e-16,0.0,1.0
484,0,17,273,158,73,1,0,0.07454385545754227,-0.5953311440691808,-0.2067936485059295,2.0903692606783117,635.91,6.45662835830603,-0.8660254037844385,-0.5000000000000004,0.7818314824680298,0.6234898018587336
426,0,34,59,62,82,2,0,1.2550714637122016,-1.4816806938350733,-0.2067936485059295,2.442197878764996,317.47,5.763528279053155,-0.9659258262890683,-0.25881904510252063,0.0,1.0
300,1,15,387,275,69,0,2,0.6366998593883324,-0.2665240530269948,-0.2067936485059295,-0.58489381969534,73.01,4.304200219209375,-0.9659258262890683,-0.25881904510252063,0.7818314824680298,0.6234898018587336
368,0,28,645,66,75,1,2,1.6485806664637546,2.435412477710968,-0.2067936485059295,0.07319099678489044,14.16,2.7186603802142257,-0.8660254037844385,-0.5000000000000004,0.0,1.0
367,0,15,91,127,38,2,0,1.3112870641052805,0.10517091945547634,-0.2067936485059295,2.5043721560879906,986.81,6.895490371562065,-0.8660254037844385,-0.5000000000000004,-0.433883739117558,-0.9009688679024191
143,1,8,191,135,26,0,1,-0.9935525520109589,-0.9098422746312717,-0.2067936485059295,1.0654333884506513,515.57,6.247210806966204,-0.9659258262890683,-0.25881904510252063,0.0,1.0
238,0,2,650,587,3,1,0,-0.4876121484732478,-1.0813938003924122,-0.2067936485059295,-1.2639418466746755,66.76,4.215972050343799,-1.0,-1.8369701987210297e-16,0.0,1.0
451,0,9,301,293,74,1,2,1.3112870641052805,-0.8383624722307964,-0.2067936485059295,-0.12202890098802778,292.56,5.682082047676862,-0.9659258262890683,-0.25881904510252063,-0.433883739117558,-0.9009688679024191
492,0,20,230,555,97,1,3,-1.218414953583275,1.9207579004275468,-0.2067936485059295,-1.0246571573609522,5.77,1.9125010869241836,-0.9659258262890683,-0.25881904510252063,-0.433883739117558,-0.9009688679024191
282,1,26,188,245,0,0,1,-0.4313965480801688,0.333906287136997,-0.2067936485059295,-0.6268048567328125,42.72,3.777805663308338,-0.8660254037844385,-0.5000000000000004,0.43388373911755823,-0.900968867902419
250,1,5,519,161,91,2,0,-0.7686901504386429,-1.5674564567156437,-0.2067936485059295,0.9081349538971274,32.46,3.510350695558678,-1.0,-1.8369701987210297e-16,-0.433883739117558,-0.9009688679024191
474,1,35,27,334,56,1,3,-1.443277355155591,-0.9098422746312717,-0.2067936485059295,0.12039924430317892,22.26,3.1467351470905185,-1.0,-1.8369701987210297e-16,0.0,1.0
37,0,29,208,197,18,1,2,0.8615622609606484,-0.009196764385283997,-0.2067936485059295,0.23154323264897342,4.15,1.6389967146756448,-0.8660254037844385,-0.5000000000000004,0.43388373911755823,-0.900968867902419
352,1,29,142,182,38,2,2,0.8615622609606484,1.9350538609076418,-0.2067936485059295,-0.5947549385284563,195.54,5.280865972934281,-0.8660254037844385,-0.5000000000000004,0.0,1.0
476,0,37,119,492,7,2,0,-0.7124745500455638,0.17665072185595154,-0.2067936485059295,1.995396379061707,5.29,1.8389610707123492,-1.0,-1.8369701987210297e-16,0.0,1.0
427,1,3,535,278,60,1,3,-1.387061754762512,-1.4387928123947882,3.1124756489183207,-1.2215692908150606,26.07,3.29842610362621,-0.9659258262890683,-0.25881904510252063,0.43388373911755823,-0.900968867902419
145,1,4,622,166,17,0,0,0.9739934617468065,0.9343366273009888,-0.2067936485059295,0.8094955616379441,50.75,3.9464244321454784,-1.0,-1.8369701987210297e-16,0.0,1.0
50,0,35,468,149,91,2,0,-0.09410294572169475,0.5483456943384226,-0.2067936485059295,2.3244926311644054,3.42,1.4861396960896067,-0.8660254037844385,-0.5000000000000004,0.0,1.0
313,1,19,105,155,65,2,1,-0.7124745500455638,-1.338721089034123,-0.2067936485059295,1.0066307625227546,400.69,5.995680646855719,-0.8660254037844385,-0.5000000000000004,0.0,1.0
32,1,22,71,480,4,0,3,-0.9935525520109589,-1.4530887728748834,-0.2067936485059295,-1.1199095142642987,202.11,5.3137477042033945,-0.8660254037844385,-0.5000000000000004,0.43388373911755823,-0.900968867902419
318,1,12,265,522,2,2,1,0.2431906566367793,-0.7382907488701311,-0.2067936485059295,0.29483541111893613,74.42,4.323072491830211,-0.9659258262890683,-0.25881904510252063,0.43388373911755823,-0.900968867902419
356,1,35,614,362,30,1,3,-1.274630553976354,0.37679416857728215,-0.2067936485059295,-1.0647375030705921,126.6,4.848900370910689,-0.8660254037844385,-0.5000000000000004,-0.433883739117558,-0.9009688679024191
22,1,14,661,247,18,0,3,-0.9935525520109589,-0.9098422746312717,-0.2067936485059295,-1.1059460059010249,59.73,4.106437809909484,-0.8660254037844385,-0.5000000000000004,0.0,1.0
334,1,29,617,86,56,0,3,-1.162199353190196,1.1630719949825095,-0.2067936485059295,-0.9799821353775361,153.08,5.037471948049816,-0.8660254037844385,-0.5000000000000004,0.0,1.0
131,1,11,543,321,58,1,3,-1.443277355155591,-0.35229981590756504,-0.2067936485059295,-0.9402274168368525,110.08,4.7102506624385985,-0.9659258262890683,-0.25881904510252063,0.0,1.0
245,1,26,4,276,72,1,2,1.0302090621398854,-1.009913997991937,-0.2067936485059295,0.5681827535002494,70.03,4.2631023230097185,-1.0,-1.8369701987210297e-16,0.0,1.0
434,1,42,657,365,28,2,0,1.0302090621398854,2.378228635790588,3.1124756489183207,1.384355714518559,403.01,6.0014396301300605,-0.9659258262890683,-0.25881904510252063,0.0,1.0
459,1,28,546,510,81,0,3,-1.49949295554867,0.6913052991393731,-0.2067936485059295,-1.0400000942037415,1431.3,7.267036822785819,-1.0,-1.8369701987210297e-16,0.0,1.0
441,0,16,398,551,24,2,2,1.9296586684291497,0.4911618524180425,-0.2067936485059295,0.014042231740386856,192.02,5.26279381047899,-0.8660254037844385,-0.5000000000000004,0.7818314824680298,0.6234898018587336
11,1,2,205,226,26,0,3,-1.162199353190196,-0.35229981590756504,-0.2067936485059295,-1.0134089180679513,927.45,6.833516529046604,-1.0,-1.8369701987210297e-16,0.0,1.0
79,1,3,233,136,32,1,3,-0.9935525520109589,0.17665072185595154,-0.2067936485059295,-0.9570241379693917,4.47,1.6992786164338898,-0.8660254037844385,-0.5000000000000004,0.0,1.0
53,1,8,368,276,17,1,1,-0.31896534729401077,-0.9670261165516518,-0.2067936485059295,-0.9571446456618401,299.03,5.703882469656534,-0.9659258262890683,-0.25881904510252063,0.43388373911755823,-0.900968867902419
389,1,32,487,347,24,1,3,-1.218414953583275,-1.2672412866336478,-0.2067936485059295,-0.9087005532975915,139.52,4.945349827397626,-1.0,-1.8369701987210297e-16,-0.433883739117558,-0.9009688679024191
421,1,33,626,299,37,1,1,-0.09410294572169475,1.8206861770668814,-0.2067936485059295,-0.6393479127212693,116.58,4.7671189529741085,-0.8660254037844385,-0.5000000000000004,0.43388373911755823,-0.900968867902419
243,1,6,646,87,87,2,2,1.7610118672499127,-1.0956897608725071,-0.2067936485059295,0.058714689730346825,177.19,5.182850396739323,-0.9659258262890683,-0.25881904510252063,0.0,1.0
417,1,31,409,20,59,1,2,0.35562185742293734,0.7913770225000384,-0.2067936485059295,0.2715081986530774,235.42,5.465609884322231,-1.0,-1.8369701987210297e-16,0.0,1.0
250,1,3,368,407,88,2,3,-1.162199353190196,0.8628568249005136,-0.2067936485059295,-1.1564925728994793,283.15,5.649502267743131,-0.8660254037844385,-0.5000000000000004,-0.433883739117558,-0.9009688679024191
473,1,23,76,450,47,0,0,1.1988558633191224,-0.42377961830804023,1.4528410002061958,0.7180661189780133,795.31,6.6799885572656725,-0.9659258262890683,-0.25881904510252063,0.43388373911755823,-0.900968867902419
491,0,3,673,126,63,2,0,-0.15031854611477377,1.8349821375469764,-0.2067936485059295,0.7041615824642353,239.41,5.482345799133678,-0.9659258262890683,-0.25881904510252063,0.9749279121818236,-0.22252093395631434
237,1,28,407,566,89,0,3,-1.443277355155591,-1.353017049514218,-0.2067936485059295,-0.8902090324904062,25.32,3.2703291064571163,-0.9659258262890683,-0.25881904510252063,0.7818314824680298,0.6234898018587336
377,1,37,415,413,46,1,3,-0.9935525520109589,-0.40948365782794516,-0.2067936485059295,-1.1069280153948062,98.81,4.603268378698495,-0.8660254037844385,-0.5000000000000004,0.0,1.0
104,0,25,311,12,51,2,2,0.8615622609606484,-1.2243534051933627,-0.2067936485059295,-0.2692918651534036,716.93,6.576372071259257,-0.8660254037844385,-0.5000000000000004,0.43388373911755823,-0.900968867902419
473,1,3,0,114,0,1,2,1.7047962668568335,2.120901347148877,-0.2067936485059295,0.14239318017173624,126.21,4.845839264168119,-0.8660254037844385,-0.5000000000000004,0.7818314824680298,0.6234898018587336
85,1,13,455,465,35,2,3,-1.443277355155591,1.9350538609076418,-0.2067936485059295,-1.2017444934105737,32.91,3.523709956137547,-0.8660254037844385,-0.5000000000000004,0.43388373911755823,-0.900968867902419
56,1,18,414,393,23,2,1,0.5804842589952534,0.2767224452166169,-0.2067936485059295,0.32045739772822673,583.92,6.371475085743678,-0.8660254037844385,-0.5000000000000004,0.7818314824680298,0.6234898018587336
276,1,7,575,283,2,2,0,-0.4876121484732478,-1.2243534051933627,-0.2067936485059295,1.2531151454619047,251.06,5.529667154409346,-0.9659258262890683,-0.25881904510252063,0.9749279121818236,-0.22252093395631434
203,1,41,205,428,28,0,0,-0.7124745500455638,-1.2386493656734576,-0.2067936485059295,0.6049555476511993,26.3,3.3068867021909143,-0.8660254037844385,-0.5000000000000004,0.7818314824680298,0.6234898018587336
124,0,31,481,132,62,0,1,0.41183745781601633,0.6341214572189929,-0.2067936485059295,1.0996498811256221,106.43,4.676839472678451,-0.9659258262890683,-0.25881904510252063,0.0,1.0
265,1,30,585,424,59,1,3,-1.162199353190196,1.649134651305741,-0.2067936485059295,-0.21190969160032436,177.05,5.182064409723787,-0.8660254037844385,-0.5000000000000004,0.7818314824680298,0.6234898018587336
148,1,25,110,353,28,1,3,-1.330846154369433,0.47686589193794743,-0.2067936485059295,-1.2192411847566957,122.63,4.817293234018836,-1.0,-1.8369701987210297e-16,0.43388373911755823,-0.900968867902419
57,1,18,260,556,49,0,3,-1.274630553976354,-1.1099857213526023,-0.2067936485059295,-1.133698671072541,126.91,4.8513268916113015,-0.8660254037844385,-0.5000000000000004,0.9749279121818236,-0.22252093395631434
277,1,31,311,234,87,1,1,0.1307594558506213,1.2631437183431748,-0.2067936485059295,0.9506100694949965,501.15,6.218898879839348,-1.0,-1.8369701987210297e-16,0.0,1.0
477,1,10,101,295,29,0,2,0.9177778613537274,-0.33800385542746997,-0.2067936485059295,-0.7353925436026276,686.17,6.532581714303849,-0.9659258262890683,-0.25881904510252063,0.7818314824680298,0.6234898018587336
94,1,30,500,62,55,1,2,1.7047962668568335,-0.29511597398718487,-0.2067936485059295,0.5664443659368449,195.76,5.281984711927139,-0.8660254037844385,-0.5000000000000004,0.0,1.0
346,1,38,3,524,77,0,2,0.6366998593883324,0.8771527853806086,-0.2067936485059295,-0.9107081601739123,203.12,5.318708056195771,-0.8660254037844385,-0.5000000000000004,0.9749279121818236,-0.22252093395631434
165,1,1,437,118,30,0,3,-1.105983752797117,0.5912335757787078,-0.2067936485059295,-1.074855021249343,448.33,6.107757584379,-0.8660254037844385,-0.5000000000000004,0.0,1.0
328,1,27,515,197,95,0,1,-0.8811213512248008,0.30531436617680696,-0.2067936485059295,1.2202857732468189,93.63,4.549974550520141,-1.0,-1.8369701987210297e-16,0.0,1.0
321,1,30,615,564,8,1,0,0.1869750562437003,0.2910184056967119,-0.2067936485059295,0.10656393561272243,157.97,5.06871550517278,-0.8660254037844385,-0.5000000000000004,0.9749279121818236,-0.22252093395631434
486,1,5,387,458,43,2,1,0.1869750562437003,-0.1378604087061394,-0.2067936485059295,-0.7853340081453837,81.11,4.4080598117206975,-1.0,-1.8369701987210297e-16,0.0,1.0
132,1,4,659,233,88,1,1,0.1869750562437003,0.39109012905737717,-0.2067936485059295,0.23658660777761092,49.59,3.923753928303845,-0.8660254037844385,-0.5000000000000004,-0.433883739117558,-0.9009688679024191
407,1,10,12,531,94,0,3,-1.105983752797117,2.049421544748402,-0.2067936485059295,-1.241106920952436,407.65,6.0128590439621385,-0.9659258262890683,-0.25881904510252063,0.0,1.0
489,1,24,414,57,41,1,3,-0.9935525520109589,1.1916639159426996,-0.2067936485059295,-1.1454520170764424,94.09,4.554823811551353,-0.8660254037844385,-0.5000000000000004,0.7818314824680298,0.6234898018587336
331,0,18,323,301,81,1,2,1.0302090621398854,-0.39518769734785014,-0.2067936485059295,0.06432983539974993,27.25,3.34109345759245,-0.8660254037844385,-0.5000000000000004,0.0,1.0
53,1,26,571,110,78,1,3,-1.0497681524040379,0.8199689434602284,-0.2067936485059295,-0.9408709791943961,33.89,3.5522002551986827,-0.8660254037844385,-0.5000000000000004,-0.433883739117558,-0.9009688679024191
181,0,2,32,464,13,1,3,-1.443277355155591,-0.7954745907905113,-0.2067936485059295,-1.278025862730398,155.56,5.0534393230878205,-0.8660254037844385,-0.5000000000000004,0.0,1.0
124,0,17,369,15,1,2,1,-0.4876121484732478,-0.9670261165516518,-0.2067936485059295,-0.5723199957854069,643.03,6.467745308870291,-0.8660254037844385,-0.5000000000000004,0.7818314824680298,0.6234898018587336
385,1,19,226,151,91,2,0,-0.03788734532861574,1.1058881530621294,-0.2067936485059295,-0.8569489093746535,127.45,4.855539723555893,-0.8660254037844385,-0.5000000000000004,0.7818314824680298,0.6234898018587336
151,0,21,13,199,19,1,1,-0.20653414650785276,0.20524264281614163,-0.2067936485059295,0.908845180084536,89.5,4.505349850705881,-0.8660254037844385,-0.5000000000000004,0.0,1.0
376,1,22,397,481,61,1,1,-0.7124745500455638,-0.43807557878813524,-0.2067936485059295,1.2446103791671967,23.38,3.1937631240531252,-1.0,-1.8369701987210297e-16,0.0,1.0
327,0,21,133,560,10,1,1,-0.8811213512248008,2.2209730705095425,4.772110297630446,0.23414055802025446,58.32,4.082946517269732,-0.8660254037844385,-0.5000000000000004,0.0,1.0
420,1,16,423,441,43,0,2,0.6929154597814113,-0.43807557878813524,-0.2067936485059295,-0.35543691729980037,175.94,5.17581069205524,-0.8660254037844385,-0.5000000000000004,0.0,1.0
427,1,13,26,391,31,0,0,-0.4876121484732478,-0.7525867093502262,-0.2067936485059295,1.1751928203300175,275.46,5.622066145036211,-0.9659258262890683,-0.25881904510252063,0.0,1.0
54,0,22,184,427,93,1,1,0.2431906566367793,0.5912335757787078,-0.2067936485059295,-0.2266398340070464,18.56,2.9734866646066713,-0.9659258262890683,-0.25881904510252063,0.0,1.0
327,1,11,146,353,12,0,3,-1.274630553976354,-0.15215636918623443,-0.2067936485059295,-0.9046596996103863,281.85,5.644916721789165,-0.9659258262890683,-0.25881904510252063,0.7818314824680298,0.6234898018587336
56,1,41,31,287,74,0,0,1.0864246625329645,-0.2522280925468997,-0.2067936485059295,0.6583558393665695,22.62,3.1620938107692163,-0.8660254037844385,-0.5000000000000004,0.9749279121818236,-0.22252093395631434
394,1,10,185,431,21,0,2,1.5361494656775965,-1.3244251285540278,-0.2067936485059295,0.021982919474698215,556.04,6.322637050634291,-0.8660254037844385,-0.5000000000000004,0.0,1.0
342,1,4,291,22,6,1,0,1.2550714637122016,-0.6525149859895609,-0.2067936485059295,0.2134029789453078,235.21,5.4647212398696166,-0.8660254037844385,-0.5000000000000004,0.0,1.0
287,1,0,558,357,96,0,1,0.4680530582090954,-0.7382907488701311,-0.2067936485059295,0.506541786816175,146.51,4.993895970091958,-0.9659258262890683,-0.25881904510252063,0.9749279121818236,-0.22252093395631434
434,1,12,278,222,27,2,3,-1.274630553976354,-0.7811786303104162,-0.2067936485059295,0.9006737329391531,903.19,6.807039515299238,-0.9659258262890683,-0.25881904510252063,0.43388373911755823,-0.900968867902419
295,1,2,459,444,68,1,0,0.5242686586021743,0.019395156574906088,-0.2067936485059295,0.9914442292808027,56.62,4.053869729656382,-0.9659258262890683,-0.25881904510252063,0.0,1.0
177,0,13,198,293,86,1,2,1.5923650660706756,-0.2808200135070898,-0.2067936485059295,-0.7953669145400754,213.4,5.367843429196647,-0.8660254037844385,-0.5000000000000004,0.0,1.0
314,1,18,640,488,22,0,0,-0.8249057508317219,0.11946687993557138,6.431744946342571,0.05445333260589565,505.19,6.226912092878356,-0.8660254037844385,-0.5000000000000004,0.7818314824680298,0.6234898018587336
185,0,30,283,341,91,1,2,0.9739934617468065,-1.038505918952127,6.431744946342571,-0.6455348289314382,119.95,4.795377237056036,-0.9659258262890683,-0.25881904510252063,0.0,1.0
291,0,3,425,430,27,1,1,0.1307594558506213,1.4775831255446004,-0.2067936485059295,0.6650119663792502,451.35,6.11445621647175,-1.0,-1.8369701987210297e-16,0.7818314824680298,0.6234898018587336
162,1,20,39,266,63,1,1,-0.7686901504386429,0.7056012596194681,-0.2067936485059295,-1.224738386727107,95.75,4.572130331909891,-0.8660254037844385,-0.5000000000000004,0.9749279121818236,-0.22252093395631434
424,1,41,341,457,41,2,0,1.3112870641052805,-1.1814655237530776,-0.2067936485059295,2.479132204503696,54.25,4.0118683403978626,-0.8660254037844385,-0.5000000000000004,0.0,1.0
278,1,5,259,199,32,0,0,-0.03788734532861574,-0.6382190255094659,-0.2067936485059295,-0.00476209626847305,56.35,4.04917284357538,-0.8660254037844385,-0.5000000000000004,0.43388373911755823,-0.900968867902419
425,1,38,554,578,9,0,0,-0.31896534729401077,-1.009913997991937,-0.2067936485059295,2.315034059303936,5.25,1.8325814637483102,-1.0,-1.8369701987210297e-16,0.0,1.0
452,1,6,654,523,14,0,2,0.41183745781601633,0.2910184056967119,-0.2067936485059295,0.19603961525891594,121.71,4.809823847988456,-0.9659258262890683,-0.25881904510252063,0.7818314824680298,0.6234898018587336
45,1,34,213,189,48,2,0,0.8053466605675694,-1.1385776423127922,-0.2067936485059295,2.1609611285184984,123.38,4.823341395675743,-0.9659258262890683,-0.25881904510252063,0.0,1.0
209,1,18,211,430,46,0,2,1.0864246625329645,-0.6382190255094659,1.4528410002061958,-0.49770522221220936,917.81,6.8230793545171435,-1.0,-1.8369701987210297e-16,0.9749279121818236,-0.22252093395631434
280,1,22,398,504,86,1,0,-0.31896534729401077,0.319610326656902,-0.2067936485059295,2.1721529599554597,84.28,4.445939960417534,-0.9659258262890683,-0.25881904510252063,0.0,1.0
123,0,15,454,87,2,1,2,1.8172274676429916,-0.29511597398718487,-0.2067936485059295,0.2164105432696047,476.03,6.167579381992415,-0.8660254037844385,-0.5000000000000004,-0.433883739117558,-0.9009688679024191
39,1,14,643,239,61,2,0,-0.31896534729401077,0.03369111705500113,-0.2067936485059295,0.4929064696153138,212.88,5.365415110080531,-1.0,-1.8369701987210297e-16,-0.433883739117558,-0.9009688679024191
451,1,25,229,581,88,0,3,-1.387061754762512,-1.038505918952127,-0.2067936485059295,-0.956754918656475,68.1,4.235554730773624,-0.8660254037844385,-0.5000000000000004,0.0,1.0
9,1,31,415,53,39,0,0,-0.20653414650785276,2.1923811495493526,-0.2067936485059295,2.426093435865671,838.57,6.73288985600748,-0.8660254037844385,-0.5000000000000004,0.0,1.0
273,1,16,486,496,53,2,0,-0.7686901504386429,-1.3101291680739329,-0.2067936485059295,2.3472455090960422,736.32,6.603021990627973,-0.9659258262890683,-0.25881904510252063,0.9749279121818236,-0.22252093395631434
56,1,0,173,310,59,0,1,0.35562185742293734,-0.8097705512706064,-0.2067936485059295,0.6197497898943303,152.0,5.030437921392435,-1.0,-1.8369701987210297e-16,0.0,1.0
434,1,17,374,130,84,2,1,0.8615622609606484,1.5347669674649806,-0.2067936485059295,0.48745541952711685,858.88,6.756792844627935,-0.8660254037844385,-0.5000000000000004,0.7818314824680298,0.6234898018587336
106,0,28,582,584,29,2,2,1.1988558633191224,-1.4673847333549783,-0.2067936485059295,-1.0378309557396708,233.74,5.458478518671978,-0.8660254037844385,-0.5000000000000004,0.7818314824680298,0.6234898018587336
275,1,16,565,34,46,1,0,-0.7124745500455638,0.6341214572189929,-0.2067936485059295,0.47861477008962716,54.52,4.016743316198549,-0.9659258262890683,-0.25881904510252063,0.43388373911755823,-0.900968867902419
122,1,12,78,520,26,0,0,0.07454385545754227,0.7913770225000384,4.772110297630446,2.4965545400395843,23.4,3.1945831322991562,-1.0,-1.8369701987210297e-16,0.9749279121818236,-0.22252093395631434
411,1,18,369,580,15,0,1,0.4680530582090954,0.9343366273009888,-0.2067936485059295,-0.6157027650668235,28.73,3.3921566370100065,-0.8660254037844385,-0.5000000000000004,0.7818314824680298,0.6234898018587336
117,1,8,186,565,74,0,3,-1.443277355155591,-1.3244251285540278,-0.2067936485059295,-1.272515840792705,761.73,6.636904102341829,-0.9659258262890683,-0.25881904510252063,0.0,1.0
361,1,21,251,540,97,1,1,-0.09410294572169475,0.6913052991393731,-0.2067936485059295,0.5017189151247836,488.15,6.1926691909034375,-0.8660254037844385,-0.5000000000000004,0.0,1.0
235,1,29,72,160,65,0,1,-0.4313965480801688,-0.9813220770317469,-0.2067936485059295,0.40397435658186615,232.12,5.4515533424468945,-0.9659258262890683,-0.25881904510252063,0.43388373911755823,-0.900968867902419
406,1,7,55,152,41,0,0,-0.8811213512248008,1.2774396788232698,-0.2067936485059295,0.6323543817257394,826.23,6.7180827700211,-0.8660254037844385,-0.5000000000000004,0.9749279121818236,-0.22252093395631434
80,0,25,562,591,96,0,2,0.7491310601744904,-1.0242099584720321,-0.2067936485059295,0.2324380663652392,18.14,2.9517803860248084,-1.0,-1.8369701987210297e-16,-0.433883739117558,-0.9009688679024191
451,0,10,653,483,96,1,0,1.3675026644983594,2.4640043986711584,-0.2067936485059295,-1.1512876661830918,334.79,5.816485964569286,-0.9659258262890683,-0.25881904510252063,0.0,1.0
37,1,8,666,291,14,2,1,-0.5438277488663268,-0.7525867093502262,-0.2067936485059295,0.7237145965623489,416.37,6.033973118557441,-0.8660254037844385,-0.5000000000000004,0.9749279121818236,-0.22252093395631434
334,1,25,341,450,55,1,1,0.7491310601744904,-0.6096271045492758,-0.2067936485059295,-0.6400248069937453,91.32,4.52526080275979,-0.8660254037844385,-0.5000000000000004,-0.433883739117558,-0.9009688679024191
67,1,29,167,24,44,1,1,-0.8249057508317219,0.333906287136997,-0.2067936485059295,0.3734807824055134,315.13,5.756153521393322,-0.8660254037844385,-0.5000000000000004,0.7818314824680298,0.6234898018587336
2,1,13,282,280,31,0,2,0.7491310601744904,-1.5388645357554536,-0.2067936485059295,0.7148970230659667,384.11,5.953529007764945,-0.8660254037844385,-0.5000000000000004,0.0,1.0
466,1,9,350,87,6,1,1,-0.20653414650785276,1.33462352074365,-0.2067936485059295,1.1377303119393096,346.11,5.8496417325939065,-0.9659258262890683,-0.25881904510252063,0.9749279121818236,-0.22252093395631434
68,1,5,138,513,29,2,2,0.41183745781601633,-0.9670261165516518,-0.2067936485059295,-1.0511534657388575,93.22,4.545632473271895,-0.9659258262890683,-0.25881904510252063,-0.433883739117558,-0.9009688679024191
100,1,0,164,560,92,1,1,-0.6000433492594058,0.2910184056967119,-0.2067936485059295,-0.043796332647922494,54.8,4.021773869387265,-0.8660254037844385,-0.5000000000000004,0.43388373911755823,-0.900968867902419
470,1,21,103,259,55,1,2,1.8734430680360705,-0.1378604087061394,-0.2067936485059295,-0.40014014321123637,164.51,5.109031615952449,-1.0,-1.8369701987210297e-16,0.0,1.0
170,1,38,195,121,2,0,2,0.35562185742293734,1.5633588884251706,-0.2067936485059295,-0.3654518757402976,870.3,6.769986349237241,-0.9659258262890683,-0.25881904510252063,0.0,1.0
399,1,25,244,397,27,1,3,-1.0497681524040379,0.3624982080971871,-0.2067936485059295,-1.0803881191281433,78.13,4.371092069621102,-0.8660254037844385,-0.5000000000000004,0.7818314824680298,0.6234898018587336
348,1,20,131,117,15,1,1,0.6929154597814113,-1.1671695632729824,-0.2067936485059295,-0.5223118674127859,34.03,3.5562048372093953,-0.9659258262890683,-0.25881904510252063,0.0,1.0
62,1,38,42,182,56,1,0,-0.7124745500455638,-0.9813220770317469,-0.2067936485059295,1.199937921177237,50.43,3.940221659786825,-0.8660254037844385,-0.5000000000000004,0.0,1.0
31,1,20,43,570,57,0,3,-1.274630553976354,-0.2808200135070898,-0.2067936485059295,-1.126819476629158,397.01,5.986477130596935,-0.9659258262890683,-0.25881904510252063,0.0,1.0
243,0,6,489,542,22,2,1,-0.7124745500455638,-0.6382190255094659,-0.2067936485059295,-0.5999624092383001,101.28,4.627714150422986,-1.0,-1.8369701987210297e-16,0.9749279121818236,-0.22252093395631434
202,0,36,427,249,92,2,1,0.5242686586021743,-0.7382907488701311,-0.2067936485059295,0.579828411778984,219.02,5.3937184513112895,-0.8660254037844385,-0.5000000000000004,0.0,1.0
190,1,13,57,56,20,0,0,0.6366998593883324,-1.3244251285540278,-0.2067936485059295,1.9704384667576107,767.41,6.644323444864899,-0.8660254037844385,-0.5000000000000004,0.43388373911755823,-0.900968867902419
282,1,39,567,202,0,0,3,-1.0497681524040379,-0.7811786303104162,-0.2067936485059295,-1.24469907578478,13.52,2.67552700939665,-0.8660254037844385,-0.5000000000000004,0.0,1.0
240,1,11,8,370,59,2,1,-0.8811213512248008,-0.8383624722307964,-0.2067936485059295,0.2821000556212531,504.71,6.225963382460326,-1.0,-1.8369701987210297e-16,0.0,1.0
416,0,35,436,373,7,0,3,-1.49949295554867,2.1637892285891622,-0.2067936485059295,-0.9706184312749513,242.39,5.494665095075083,-0.8660254037844385,-0.5000000000000004,0.0,1.0
38,1,33,238,540,8,0,1,0.4680530582090954,-1.2529453261535526,-0.2067936485059295,-1.114950750919721,965.66,6.87384683073095,-0.9659258262890683,-0.25881904510252063,0.0,1.0
429,1,35,436,351,7,2,2,1.5923650660706756,0.13376284041566644,-0.2067936485059295,-0.9961070902245118,29.5,3.417726683613366,-1.0,-1.8369701987210297e-16,0.43388373911755823,-0.900968867902419
75,1,23,355,261,37,1,1,-1.0497681524040379,1.7349104141863112,-0.2067936485059295,0.44438289345391857,408.19,6.014179595851196,-0.8660254037844385,-0.5000000000000004,-0.433883739117558,-0.9009688679024191
22,0,35,86,291,63,0,1,-0.9373369516178799,0.7056012596194681,-0.2067936485059295,-0.5956625922120037,254.92,5.544864895641263,-0.8660254037844385,-0.5000000000000004,0.0,1.0
332,1,14,635,251,50,2,1,-0.2627497469009318,-0.22363617158670962,-0.2067936485059295,-1.1881912240003156,327.86,5.79563212828608,-0.8660254037844385,-0.5000000000000004,-0.433883739117558,-0.9009688679024191
270,0,0,214,39,35,2,0,0.8053466605675694,-1.1671695632729824,-0.2067936485059295,0.22134623067307557,775.23,6.654448868020438,-0.8660254037844385,-0.5000000000000004,0.0,1.0
218,0,31,565,452,95,1,2,1.2550714637122016,1.4061033231441251,-0.2067936485059295,0.3813163464081145,1360.01,7.215982350163047,-0.8660254037844385,-0.5000000000000004,0.0,1.0
459,0,38,423,280,64,1,1,-0.2627497469009318,-0.7668826698303213,-0.2067936485059295,0.3913184848813301,577.13,6.359798756877939,-0.8660254037844385,-0.5000000000000004,0.9749279121818236,-0.22252093395631434
432,1,18,139,246,21,2,3,-1.162199353190196,-0.2808200135070898,-0.2067936485059295,-1.1083253918285165,392.96,5.976249381301502,-0.8660254037844385,-0.5000000000000004,0.0,1.0
4,1,5,142,393,9,2,2,1.9296586684291497,0.5340497338583277,-0.2067936485059295,0.5229051930545913,359.51,5.887519695591318,-1.0,-1.8369701987210297e-16,0.43388373911755823,-0.900968867902419
30,1,13,656,199,86,0,3,-0.9373369516178799,-0.46666749974832533,-0.2067936485059295,-1.0242366624341113,1020.73,6.92925254799296,-0.8660254037844385,-0.5000000000000004,0.0,1.0
173,1,20,293,415,37,0,1,0.2431906566367793,-1.2386493656734576,-0.2067936485059295,-0.5451903810237836,124.74,4.834216282954915,-0.8660254037844385,-0.5000000000000004,0.0,1.0
454,1,22,572,56,29,2,3,-1.330846154369433,0.7627851015398482,-0.2067936485059295,-0.9193180502003306,190.02,5.252378134606592,-0.9659258262890683,-0.25881904510252063,0.0,1.0
446,1,36,658,271,62,1,0,0.4680530582090954,-0.9670261165516518,-0.2067936485059295,2.4351776646815138,11.92,2.558776498354456,-0.9659258262890683,-0.25881904510252063,0.0,1.0
453,1,41,98,261,25,0,1,-0.8249057508317219,0.2624264847365218,-0.2067936485059295,-0.360621312068537,88.38,4.492896943505305,-0.8660254037844385,-0.5000000000000004,0.7818314824680298,0.6234898018587336
335,1,5,236,300,11,0,3,-1.162199353190196,0.19094668233604659,-0.2067936485059295,-0.9926969789275683,499.48,6.215567637916892,-0.8660254037844385,-0.5000000000000004,0.7818314824680298,0.6234898018587336
362,0,39,300,432,81,2,2,1.7610118672499127,1.3775114021839352,-0.2067936485059295,0.5212847491901789,365.48,5.903943949578487,-0.9659258262890683,-0.25881904510252063,0.0,1.0
322,1,19,22,522,7,1,3,-1.49949295554867,0.6055295362588028,-0.2067936485059295,-1.13725236600304,432.18,6.07115334600935,-0.8660254037844385,-0.5000000000000004,-0.433883739117558,-0.9009688679024191
358,1,10,677,46,9,0,2,1.6485806664637546,-0.6239230650293708,-0.2067936485059295,-0.47683687947098896,584.51,6.37248326231122,-0.9659258262890683,-0.25881904510252063,-0.433883739117558,-0.9009688679024191
54,0,38,206,354,61,2,3,-0.9935525520109589,-0.15215636918623443,-0.2067936485059295,-1.2057238112548267,37.65,3.654546775033431,-0.9659258262890683,-0.25881904510252063,0.0,1.0
201,0,15,37,232,41,2,2,1.7047962668568335,1.0772962321019393,-0.2067936485059295,0.32864679282780374,56.31,4.048475128563646,-0.9659258262890683,-0.25881904510252063,0.9749279121818236,-0.22252093395631434
155,1,1,140,361,86,1,2,0.7491310601744904,2.249564991469733,-0.2067936485059295,0.263639302735544,481.53,6.179043095011986,-0.9659258262890683,-0.25881904510252063,0.7818314824680298,0.6234898018587336
421,1,34,182,235,51,2,3,-0.9935525520109589,-1.0242099584720321,-0.2067936485059295,-1.0772856870459615,98.41,4.599252712224054,-0.9659258262890683,-0.25881904510252063,0.0,1.0
407,1,34,221,93,54,2,0,-0.6000433492594058,2.249564991469733,-0.2067936485059295,1.6386602774995718,227.5,5.43153621033426,-0.8660254037844385,-0.5000000000000004,0.0,1.0
352,0,30,419,266,99,1,3,-1.218414953583275,-1.2243534051933627,-0.2067936485059295,-1.0212085861621636,54.47,4.015842334067143,-0.9659258262890683,-0.25881904510252063,0.0,1.0
112,0,4,584,170,96,1,1,-0.8249057508317219,-0.8526584327108915,-0.2067936485059295,0.8726928723500222,286.5,5.661222860237405,-0.8660254037844385,-0.5000000000000004,0.0,1.0
393,1,20,166,471,16,0,0,0.07454385545754227,-0.1378604087061394,-0.2067936485059295,1.51212976442223,418.02,6.037918651479866,-0.9659258262890683,-0.25881904510252063,0.7818314824680298,0.6234898018587336
139,1,11,383,70,99,0,1,-0.4313965480801688,-1.2386493656734576,-0.2067936485059295,-0.3985325193141059,66.65,4.214347354616797,-0.8660254037844385,-0.5000000000000004,0.7818314824680298,0.6234898018587336
475,1,18,129,93,67,0,2,1.0302090621398854,0.319610326656902,-0.2067936485059295,-1.0449280896268436,363.53,5.89860885258863,-0.9659258262890683,-0.25881904510252063,0.9749279121818236,-0.22252093395631434
92,0,33,578,44,73,0,0,0.1869750562437003,0.019395156574906088,-0.2067936485059295,-1.1205684605825805,31.7,3.487375077903208,-0.8660254037844385,-0.5000000000000004,0.43388373911755823,-0.900968867902419
411,0,34,498,34,83,1,0,0.5804842589952534,0.4339780104976623,-0.2067936485059295,2.4957058582055325,285.18,5.6566209834785885,-0.8660254037844385,-0.5000000000000004,0.9749279121818236,-0.22252093395631434
278,1,24,118,567,3,1,0,1.2550714637122016,-1.1957614842331725,-0.2067936485059295,1.414587761362364,959.48,6.867433159503533,-0.8660254037844385,-0.5000000000000004,0.7818314824680298,0.6234898018587336
473,0,29,95,317,32,2,1,0.1307594558506213,0.2624264847365218,-0.2067936485059295,-1.1462750589759303,216.76,5.383393538903156,-0.9659258262890683,-0.25881904510252063,0.43388373911755823,-0.900968867902419
337,1,41,419,237,57,2,3,-1.330846154369433,-0.38089173686775507,-0.2067936485059295,-0.9140721195886417,184.56,5.223378279883543,-0.8660254037844385,-0.5000000000000004,0.43388373911755823,-0.900968867902419
156,0,24,363,526,50,1,2,0.5804842589952534,0.333906287136997,-0.2067936485059295,-0.8950395961621668,446.83,6.10441369611448,-1.0,-1.8369701987210297e-16,0.0,1.0
257,1,7,93,246,93,2,0,1.3675026644983594,0.04798707753509617,3.1124756489183207,0.8307946552798314,121.82,4.810719868901253,-0.9659258262890683,-0.25881904510252063,0.7818314824680298,0.6234898018587336
77,0,10,360,547,49,2,0,0.1307594558506213,-0.22363617158670962,-0.2067936485059295,1.3933450755765167,301.39,5.711717574975525,-0.8660254037844385,-0.5000000000000004,0.7818314824680298,0.6234898018587336
0,1,10,629,476,33,1,3,-1.105983752797117,-1.1814655237530776,-0.2067936485059295,-0.888265525450494,47.79,3.8875253738277458,-0.9659258262890683,-0.25881904510252063,-0.433883739117558,-0.9009688679024191
460,0,9,198,434,15,0,0,-0.4876121484732478,2.1351973076289723,-0.2067936485059295,2.3563297379118846,40.12,3.7164946211469094,-0.9659258262890683,-0.25881904510252063,0.9749279121818236,-0.22252093395631434
351,1,33,388,8,46,2,3,-1.330846154369433,0.7056012596194681,-0.2067936485059295,-0.9574189929616693,77.43,4.362206507224575,-0.8660254037844385,-0.5000000000000004,0.43388373911755823,-0.900968867902419
330,1,3,155,0,40,1,3,-1.0497681524040379,0.23383456377633172,-0.2067936485059295,-0.9997966768081972,178.43,5.189785159724575,-1.0,-1.8369701987210297e-16,0.7818314824680298,0.6234898018587336
288,1,40,269,309,75,2,0,0.2431906566367793,-0.06638060630566417,-0.2067936485059295,2.2837738510841348,237.0,5.472270673671475,-0.8660254037844385,-0.5000000000000004,-0.433883739117558,-0.9009688679024191
215,1,24,629,556,64,1,3,-1.49949295554867,-1.395904930954503,-0.2067936485059295,-1.1071203149040325,20.27,3.0572976292121457,-0.8660254037844385,-0.5000000000000004,0.0,1.0
364,0,36,179,122,59,0,3,-1.274630553976354,-1.5388645357554536,-0.2067936485059295,0.2960943319060032,169.97,5.141488102515018,-0.9659258262890683,-0.25881904510252063,0.43388373911755823,-0.900968867902419
73,1,29,557,587,33,1,0,-0.4876121484732478,0.019395156574906088,-0.2067936485059295,2.221871357067513,647.85,6.47520156518324,-0.8660254037844385,-0.5000000000000004,0.0,1.0
78,1,4,484,80,56,1,2,0.5804842589952534,0.0908749589753813,-0.2067936485059295,-0.690597013926763,176.37,5.178237946217495,-0.8660254037844385,-0.5000000000000004,0.0,1.0
271,0,40,504,30,0,2,0,-0.4876121484732478,-1.5388645357554536,-0.2067936485059295,0.42096337722363136,113.03,4.736461571669267,-0.9659258262890683,-0.25881904510252063,0.9749279121818236,-0.22252093395631434
470,1,14,415,502,14,2,2,0.6929154597814113,2.1351973076289723,-0.2067936485059295,-0.93173290651597,135.85,4.918885435486688,-0.9659258262890683,-0.25881904510252063,0.43388373911755823,-0.900968867902419
243,1,24,398,429,12,2,3,-1.443277355155591,0.5340497338583277,-0.2067936485059295,-1.1914628796506164,67.25,4.223177434065069,-0.8660254037844385,-0.5000000000000004,0.0,1.0
437,1,37,69,330,8,1,0,0.9177778613537274,2.078013465708592,-0.2067936485059295,1.997442445839873,496.03,6.208650386447944,-0.8660254037844385,-0.5000000000000004,-0.433883739117558,-0.9009688679024191
373,1,22,22,33,70,2,1,0.5242686586021743,0.677009338659278,-0.2067936485059295,-1.0816572958890356,118.1,4.779963476361254,-0.8660254037844385,-0.5000000000000004,0.7818314824680298,0.6234898018587336
23,0,13,181,563,40,2,1,0.4680530582090954,1.7635023351465013,-0.2067936485059295,0.13013729145039038,820.46,6.71108324487372,-0.8660254037844385,-0.5000000000000004,0.0,1.0
218,1,8,80,189,92,0,3,-1.49949295554867,1.1344800740223193,-0.2067936485059295,0.7619514309768741,63.58,4.167904765330129,-0.9659258262890683,-0.25881904510252063,0.0,1.0
412,0,20,209,362,18,1,1,0.07454385545754227,1.1344800740223193,-0.2067936485059295,0.9943030819846312,51.15,3.9541241814467813,-0.9659258262890683,-0.25881904510252063,0.9749279121818236,-0.22252093395631434
399,1,18,108,361,42,2,0,1.3112870641052805,-0.06638060630566417,-0.2067936485059295,1.3241608401438651,79.76,4.391481793444637,-0.8660254037844385,-0.5000000000000004,0.0,1.0
126,1,12,647,550,58,0,3,-1.0497681524040379,1.5347669674649806,-0.2067936485059295,-1.19191670649239,710.14,6.566869316186371,-0.8660254037844385,-0.5000000000000004,0.9749279121818236,-0.22252093395631434
29,0,13,426,201,42,1,3,-1.0497681524040379,0.9629285482611789,-0.2067936485059295,-1.0886595620183233,356.1,5.878015854600402,-0.8660254037844385,-0.5000000000000004,0.9749279121818236,-0.22252093395631434
237,1,42,584,259,27,1,0,-0.7686901504386429,-1.4673847333549783,-0.2067936485059295,1.1578217646632565,112.72,4.733739286782799,-0.8660254037844385,-0.5000000000000004,0.0,1.0
418,1,5,315,467,81,1,0,0.6366998593883324,-1.009913997991937,-0.2067936485059295,1.8557920633504443,61.77,4.13947725232944,-0.9659258262890683,-0.25881904510252063,0.43388373911755823,-0.900968867902419
11,1,19,299,301,36,2,0,0.1869750562437003,2.1923811495493526,-0.2067936485059295,1.4522579532230362,8.65,2.2669579153508947,-0.9659258262890683,-0.25881904510252063,0.0,1.0
213,0,4,219,133,72,1,0,0.35562185742293734,-0.052084645825569126,-0.2067936485059295,1.5992491340820387,135.57,4.9168373036903334,-0.9659258262890683,-0.25881904510252063,0.9749279121818236,-0.22252093395631434
137,1,2,514,466,3,0,0,0.8053466605675694,-0.8812503536710816,6.431744946342571,0.5232436401908291,10.15,2.411439497906128,-0.8660254037844385,-0.5000000000000004,0.43388373911755823,-0.900968867902419
389,1,28,36,565,43,0,3,-1.105983752797117,-1.1814655237530776,-0.2067936485059295,-0.8541336445595828,270.36,5.603446352603538,-0.8660254037844385,-0.5000000000000004,-0.433883739117558,-0.9009688679024191
253,1,21,367,392,54,0,1,-0.20653414650785276,1.8349821375469764,-0.2067936485059295,0.40926643907576954,963.77,6.8718897309621125,-0.8660254037844385,-0.5000000000000004,0.7818314824680298,0.6234898018587336
68,1,5,395,576,22,0,1,0.41183745781601633,-0.6525149859895609,-0.2067936485059295,0.1106765811167054,31.19,3.4716558453107167,-0.8660254037844385,-0.5000000000000004,0.7818314824680298,0.6234898018587336
98,1,6,335,193,12,0,2,0.35562185742293734,-0.20934021110661458,-0.2067936485059295,-0.7479638035191043,151.82,5.02926075821942,-0.8660254037844385,-0.5000000000000004,0.0,1.0
61,1,14,207,122,91,1,3,-1.105983752797117,-1.395904930954503,-0.2067936485059295,-0.8377728023146231,12.35,2.5915163848462583,-1.0,-1.8369701987210297e-16,0.0,1.0
278,0,2,259,555,39,2,0,1.3112870641052805,-1.038505918952127,-0.2067936485059295,2.1620739016785535,300.08,5.707376010166331,-0.9659258262890683,-0.25881904510252063,0.0,1.0
151,1,19,650,249,96,2,2,1.0864246625329645,0.6341214572189929,-0.2067936485059295,0.2294305020409423,381.62,5.947042329555235,-0.8660254037844385,-0.5000000000000004,-0.433883739117558,-0.9009688679024191
189,1,26,324,347,88,1,0,-0.7686901504386429,-0.6096271045492758,-0.2067936485059295,2.090069273443919,56.15,4.04567939024082,-1.0,-1.8369701987210297e-16,0.43388373911755823,-0.900968867902419
193,0,6,171,306,92,1,2,0.5804842589952534,0.019395156574906088,-0.2067936485059295,0.3606890190517909,584.98,6.373285659301748,-0.8660254037844385,-0.5000000000000004,0.0,1.0
198,1,37,262,516,16,2,3,-1.0497681524040379,2.1351973076289723,-0.2067936485059295,-1.2544371229319917,146.01,4.990500611675875,-0.8660254037844385,-0.5000000000000004,0.7818314824680298,0.6234898018587336
150,1,40,595,507,97,0,2,0.9177778613537274,0.5340497338583277,-0.2067936485059295,-0.4705397115421971,613.21,6.420336889215765,-0.9659258262890683,-0.25881904510252063,0.9749279121818236,-0.22252093395631434
74,1,41,622,11,42,0,2,0.5242686586021743,-1.2815372471137427,-0.2067936485059295,-0.734902820852465,324.04,5.783948251679472,-0.8660254037844385,-0.5000000000000004,0.9749279121818236,-0.22252093395631434
90,1,14,643,76,85,1,1,-0.31896534729401077,0.677009338659278,-0.2067936485059295,0.3504304812329405,115.83,4.760719886729057,-0.9659258262890683,-0.25881904510252063,0.0,1.0
13,0,28,609,238,64,1,1,0.2431906566367793,0.6198254967388979,-0.2067936485059295,0.8049265252987312,427.0,6.059123195581797,-0.9659258262890683,-0.25881904510252063,0.0,1.0
354,1,23,637,480,19,0,0,0.9739934617468065,-0.2522280925468997,-0.2067936485059295,1.7133519708764597,251.8,5.532598662272703,-0.8660254037844385,-0.5000000000000004,0.0,1.0
321,1,19,556,585,41,1,1,-0.7686901504386429,0.677009338659278,3.1124756489183207,-0.4641553678358893,403.63,6.00297306929085,-0.8660254037844385,-0.5000000000000004,0.43388373911755823,-0.900968867902419
481,0,30,438,189,51,2,3,-1.105983752797117,0.7913770225000384,-0.2067936485059295,-1.261613740616311,107.1,4.683056724645162,-0.8660254037844385,-0.5000000000000004,-0.433883739117558,-0.9009688679024191
477,1,7,384,79,38,1,1,-0.9935525520109589,0.10517091945547634,-0.2067936485059295,-0.7858109109282644,283.45,5.650557491196657,-0.9659258262890683,-0.25881904510252063,0.7818314824680298,0.6234898018587336
265,1,37,584,165,99,0,2,1.4799338652845175,-0.1092684877459493,-0.2067936485059295,0.2174976764950964,168.53,5.133029902309862,-0.8660254037844385,-0.5000000000000004,0.9749279121818236,-0.22252093395631434
145,0,42,491,375,93,2,1,-1.0497681524040379,-0.9527301560715568,-0.2067936485059295,0.2947713112825274,270.72,5.604772124323102,-1.0,-1.8369701987210297e-16,0.0,1.0
278,1,3,101,43,69,1,3,-1.0497681524040379,-0.6382190255094659,-0.2067936485059295,-0.9243280934140357,164.49,5.108910770030852,-0.8660254037844385,-0.5000000000000004,0.9749279121818236,-0.22252093395631434
235,1,37,556,552,44,2,2,1.9296586684291497,1.1773679554626044,-0.2067936485059295,-0.642722128109824,99.16,4.606768907351788,-0.9659258262890683,-0.25881904510252063,0.7818314824680298,0.6234898018587336
300,1,42,665,146,68,2,2,1.8172274676429916,0.5626416548185177,-0.2067936485059295,-0.19549756948623756,204.06,5.323302619241945,-0.8660254037844385,-0.5000000000000004,0.0,1.0
139,1,31,470,6,55,0,2,1.6485806664637546,-0.35229981590756504,-0.2067936485059295,0.4872579920309779,61.97,4.142658422500651,-1.0,-1.8369701987210297e-16,0.0,1.0
28,1,39,304,22,0,0,1,-0.7686901504386429,0.8485608644204186,-0.2067936485059295,0.6326389849993941,129.48,4.871219958312758,-0.8660254037844385,-0.5000000000000004,0.0,1.0
450,1,26,608,316,72,0,3,-1.274630553976354,1.30603159978346,-0.2067936485059295,-0.3108798390153762,372.5,5.922918004572872,-1.0,-1.8369701987210297e-16,0.0,1.0
406,0,1,298,501,90,2,3,-1.0497681524040379,1.1201841135422244,-0.2067936485059295,0.5935893646592064,13.45,2.670694414558441,-0.9659258262890683,-0.25881904510252063,0.0,1.0
205,0,33,301,279,49,2,2,1.4799338652845175,1.3918073626640302,-0.2067936485059295,0.11150731499656226,220.68,5.401234900554723,-1.0,-1.8369701987210297e-16,0.0,1.0
327,1,3,530,294,35,2,3,-1.443277355155591,0.4339780104976623,-0.2067936485059295,-1.1668331585089327,1045.45,6.9531587624359865,-0.8660254037844385,-0.5000000000000004,0.0,1.0
167,1,24,58,20,92,0,0,1.1988558633191224,1.7920942561066913,4.772110297630446,1.09515007260973,39.21,3.6941157209091826,-0.8660254037844385,-0.5000000000000004,0.9749279121818236,-0.22252093395631434
351,1,38,98,566,45,1,1,-0.7686901504386429,2.5211882405915387,-0.2067936485059295,0.9668042521652935,499.99,6.21658614080582,-0.8660254037844385,-0.5000000000000004,0.9749279121818236,-0.22252093395631434
494,0,29,140,132,96,1,3,-1.105983752797117,1.1344800740223193,-0.2067936485059295,-0.833306325713664,225.93,5.424641599881531,-0.9659258262890683,-0.25881904510252063,0.0,1.0
347,0,16,387,296,46,0,3,-0.9373369516178799,1.7920942561066913,-0.2067936485059295,-1.1538388396721584,349.34,5.858904111523501,-0.8660254037844385,-0.5000000000000004,0.0,1.0
186,0,12,557,90,58,2,1,-1.0497681524040379,0.5054578128981375,-0.2067936485059295,0.0006863898262675042,220.41,5.400016186372871,-0.8660254037844385,-0.5000000000000004,0.0,1.0
157,0,18,641,109,39,2,2,1.3675026644983594,0.019395156574906088,-0.2067936485059295,-0.30941323475834487,425.34,6.055237150005048,-0.8660254037844385,-0.5000000000000004,0.0,1.0
317,0,9,256,557,85,2,0,-0.4876121484732478,-0.9241382351113667,-0.2067936485059295,1.241377183418741,59.51,4.10280864063423,-0.8660254037844385,-0.5000000000000004,0.7818314824680298,0.6234898018587336
434,1,20,630,449,91,2,3,-1.105983752797117,0.677009338659278,-0.2067936485059295,-0.8160275738113315,308.94,5.736378730359189,-0.8660254037844385,-0.5000000000000004,0.0,1.0
135,1,40,208,247,67,0,3,-1.387061754762512,-1.4959766543151685,-0.2067936485059295,-1.055291751177404,31.39,3.477849733183238,-0.9659258262890683,-0.25881904510252063,0.0,1.0
303,0,39,222,306,50,2,3,-1.274630553976354,-0.7382907488701311,-0.2067936485059295,-0.8460724491328232,81.27,4.410006521180839,-0.8660254037844385,-0.5000000000000004,0.7818314824680298,0.6234898018587336
241,1,38,373,340,56,2,0,-0.8249057508317219,-0.5667392231089906,-0.2067936485059295,2.1462412420856016,42.58,3.774598329516474,-0.8660254037844385,-0.5000000000000004,0.0,1.0
173,0,35,369,419,9,2,2,1.2550714637122016,0.24813052425642676,-0.2067936485059295,-0.18875170270258457,309.77,5.73905308873812,-0.8660254037844385,-0.5000000000000004,0.0,1.0
276,1,26,601,197,36,0,3,-1.387061754762512,1.7206144537062162,-0.2067936485059295,-0.9207974744246438,19.76,3.033028058297688,-0.9659258262890683,-0.25881904510252063,-0.433883739117558,-0.9009688679024191
490,1,25,149,175,23,0,0,1.1988558633191224,0.5912335757787078,-0.2067936485059295,2.3797902780374733,194.37,5.274895196603544,-0.9659258262890683,-0.25881904510252063,0.9749279121818236,-0.22252093395631434
281,1,24,14,501,16,0,3,-1.0497681524040379,0.7341931805796582,-0.2067936485059295,-1.2762438872782358,268.39,5.596160143762447,-1.0,-1.8369701987210297e-16,0.0,1.0
281,0,8,38,70,38,2,3,-1.49949295554867,0.7056012596194681,-0.2067936485059295,0.3728782439432717,71.48,4.283310661734724,-1.0,-1.8369701987210297e-16,0.43388373911755823,-0.900968867902419
121,1,26,448,280,31,1,2,0.8053466605675694,0.8628568249005136,-0.2067936485059295,0.3489151611002386,578.49,6.362148406375523,-0.9659258262890683,-0.25881904510252063,0.0,1.0
263,1,39,41,479,1,1,1,0.2431906566367793,-1.0670978399123172,-0.2067936485059295,0.16676650196778517,124.76,4.834375328680896,-0.8660254037844385,-0.5000000000000004,0.0,1.0
128,1,15,590,76,89,1,2,0.7491310601744904,-1.353017049514218,-0.2067936485059295,0.5982148088544591,344.87,5.846062981912972,-0.9659258262890683,-0.25881904510252063,0.0,1.0
291,1,0,37,367,37,2,3,-0.9373369516178799,-0.9670261165516518,-0.2067936485059295,0.6976874989869554,214.93,5.37495428108674,-0.9659258262890683,-0.25881904510252063,0.0,1.0
347,1,22,101,251,93,2,3,-1.49949295554867,-0.7668826698303213,-0.2067936485059295,-0.8779300678279532,74.04,4.318021304697969,-1.0,-1.8369701987210297e-16,0.43388373911755823,-0.900968867902419
134,1,23,430,193,69,0,3,-1.330846154369433,-1.2672412866336478,-0.2067936485059295,-1.1762660904348388,684.96,6.530819316987946,-0.8660254037844385,-0.5000000000000004,0.0,1.0
465,1,24,177,547,95,2,3,-0.9373369516178799,1.1058881530621294,-0.2067936485059295,-1.0585531508538792,790.07,6.673386459427372,-0.9659258262890683,-0.25881904510252063,-0.433883739117558,-0.9009688679024191
307,1,7,193,210,55,0,2,1.3112870641052805,0.5626416548185177,-0.2067936485059295,0.32598280362665755,629.82,6.447020560356716,-0.8660254037844385,-0.5000000000000004,0.0,1.0
301,1,9,432,13,58,1,2,0.6929154597814113,0.4911618524180425,-0.2067936485059295,-0.30912863148469016,14.08,2.71336936257981,-1.0,-1.8369701987210297e-16,0.0,1.0
41,1,29,550,558,43,0,2,0.5804842589952534,0.6341214572189929,1.4528410002061958,-0.1472534686115843,655.81,6.487394783357272,-0.8660254037844385,-0.5000000000000004,-0.433883739117558,-0.9009688679024191
256,0,1,490,252,62,1,2,1.8172274676429916,-0.9241382351113667,-0.2067936485059295,0.3931696881568135,97.22,4.5872098606110985,-0.9659258262890683,-0.25881904510252063,0.0,1.0
105,1,36,53,343,49,2,1,-0.8811213512248008,-0.995618037511842,-0.2067936485059295,-0.7749729105882793,345.54,5.847998252082701,-0.8660254037844385,-0.5000000000000004,0.7818314824680298,0.6234898018587336
155,1,39,75,327,73,1,2,1.7610118672499127,-1.038505918952127,-0.2067936485059295,-0.48342377866034825,102.81,4.642562305205154,-0.8660254037844385,-0.5000000000000004,0.0,1.0
85,1,40,465,548,80,0,1,-0.4313965480801688,1.7920942561066913,-0.2067936485059295,1.012289496080916,376.26,5.932934604917579,-0.8660254037844385,-0.5000000000000004,0.9749279121818236,-0.22252093395631434
444,0,12,530,367,25,1,3,-0.9935525520109589,-0.43807557878813524,-0.2067936485059295,-0.9523345939377302,341.84,5.837263866030682,-0.8660254037844385,-0.5000000000000004,-0.433883739117558,-0.9009688679024191
365,0,1,140,260,43,1,2,1.9296586684291497,-1.1957614842331725,-0.2067936485059295,-0.2753685296449495,821.54,6.712397113675864,-1.0,-1.8369701987210297e-16,0.7818314824680298,0.6234898018587336
192,0,31,581,84,0,2,3,-0.9935525520109589,1.4203992836242203,-0.2067936485059295,-0.06861835329883216,352.03,5.866553039157899,-0.8660254037844385,-0.5000000000000004,0.43388373911755823,-0.900968867902419
29,0,34,299,230,16,2,1,0.35562185742293734,-0.7668826698303213,-0.2067936485059295,1.0477597815560409,520.86,6.2573993526770755,-0.8660254037844385,-0.5000000000000004,0.0,1.0
455,1,28,138,168,88,1,3,-1.162199353190196,-0.8812503536710816,-0.2067936485059295,-1.105925493953374,170.53,5.144758178421734,-1.0,-1.8369701987210297e-16,0.0,1.0
139,1,29,374,417,20,0,3,-1.105983752797117,-0.8955463141511766,-0.2067936485059295,-1.0654938811402148,148.26,5.005689751703241,-0.9659258262890683,-0.25881904510252063,0.0,1.0
186,1,23,212,296,27,2,0,-0.2627497469009318,0.7627851015398482,-0.2067936485059295,1.6798969842580247,179.38,5.195065736737562,-0.9659258262890683,-0.25881904510252063,0.0,1.0
478,1,32,484,390,72,0,3,-0.9373369516178799,-0.5667392231089906,-0.2067936485059295,-1.12940911002007,604.5,6.406054562993147,-1.0,-1.8369701987210297e-16,0.7818314824680298,0.6234898018587336
174,1,40,268,12,82,2,3,-1.0497681524040379,-0.5667392231089906,-0.2067936485059295,-1.0283313599838995,841.28,6.73611250053033,-0.9659258262890683,-0.25881904510252063,0.9749279121818236,-0.22252093395631434
487,1,4,341,516,58,0,0,0.2431906566367793,-1.3101291680739329,-0.2067936485059295,0.572374882801379,165.31,5.113853516682049,-0.8660254037844385,-0.5000000000000004,0.0,1.0
224,1,20,99,49,7,0,0,0.6929154597814113,0.37679416857728215,6.431744946342571,1.5597379949197088,28.04,3.3686741899565953,-0.8660254037844385,-0.5000000000000004,0.9749279121818236,-0.22252093395631434
396,1,0,95,343,90,1,2,1.9296586684291497,-0.009196764385283997,-0.2067936485059295,-0.11726756513958869,102.67,4.641212777335021,-0.9659258262890683,-0.25881904510252063,0.9749279121818236,-0.22252093395631434
391,1,42,552,251,71,1,2,1.9296586684291497,0.648417417699088,-0.2067936485059295,0.14358800112239462,1422.55,7.2609090307938935,-0.9659258262890683,-0.25881904510252063,0.0,1.0
355,1,16,485,133,24,2,1,0.41183745781601633,0.8628568249005136,-0.2067936485059295,1.1419096212731579,139.69,4.946558888389122,-0.9659258262890683,-0.25881904510252063,0.43388373911755823,-0.900968867902419
88,0,21,562,222,70,1,0,0.8615622609606484,-0.4809634602284204,-0.2067936485059295,1.647280423499815,839.33,6.733794671832054,-0.8660254037844385,-0.5000000000000004,0.7818314824680298,0.6234898018587336
114,1,30,115,289,41,0,2,0.4680530582090954,-0.5095553811886104,-0.2067936485059295,0.0031657714985565185,261.69,5.570974629731707,-0.9659258262890683,-0.25881904510252063,0.0,1.0
223,1,11,354,173,89,0,3,-0.9935525520109589,-1.2529453261535526,-0.2067936485059295,-0.8721815944988198,175.15,5.171335904787247,-0.9659258262890683,-0.25881904510252063,0.43388373911755823,-0.900968867902419
34,1,30,29,0,9,2,0,-0.20653414650785276,0.04798707753509617,-0.2067936485059295,2.3973331212658096,740.25,6.6083379503119355,-0.9659258262890683,-0.25881904510252063,0.9749279121818236,-0.22252093395631434
482,0,15,113,371,94,2,1,-0.31896534729401077,-0.18074829014642452,-0.2067936485059295,0.9558995879954433,744.41,6.613934402570946,-0.8660254037844385,-0.5000000000000004,0.0,1.0
171,1,31,139,331,80,0,3,-1.49949295554867,2.249564991469733,-0.2067936485059295,-1.052658529897734,726.61,6.589765190364805,-0.8660254037844385,-0.5000000000000004,-0.433883739117558,-0.9009688679024191
193,1,36,33,125,86,0,0,0.5804842589952534,0.30531436617680696,-0.2067936485059295,1.287529065633014,393.68,5.978075309988966,-0.8660254037844385,-0.5000000000000004,0.0,1.0
223,1,39,293,37,95,0,3,-1.105983752797117,-0.1092684877459493,-0.2067936485059295,-0.876045532637537,275.87,5.623548081945595,-1.0,-1.8369701987210297e-16,0.0,1.0
63,1,12,572,445,56,2,1,-1.0497681524040379,-1.009913997991937,-0.2067936485059295,-0.6402478744244476,390.09,5.968937712526371,-0.8660254037844385,-0.5000000000000004,0.0,1.0
414,1,6,244,269,16,2,1,-0.8811213512248008,-0.23793213206680466,-0.2067936485059295,0.9949235684010675,451.7,6.1152296544419125,-0.8660254037844385,-0.5000000000000004,0.9749279121818236,-0.22252093395631434
217,1,31,650,410,76,1,3,-1.162199353190196,-1.4244968519146932,-0.2067936485059295,-1.0664861466078217,13.87,2.6993457604720636,-1.0,-1.8369701987210297e-16,0.0,1.0
313,0,2,651,464,47,1,3,-1.443277355155591,0.5483456943384226,-0.2067936485059295,-1.021249610057465,555.8,6.32220610902021,-0.8660254037844385,-0.5000000000000004,0.0,1.0
318,1,0,286,413,12,2,0,1.1426402629260435,-1.1814655237530776,-0.2067936485059295,0.9996490083411179,433.9,6.075116119603592,-0.9659258262890683,-0.25881904510252063,-0.433883739117558,-0.9009688679024191
4,1,42,657,31,1,1,0,-0.5438277488663268,0.34820224761709206,-0.2067936485059295,0.882787314587666,420.28,6.043297695748,-0.9659258262890683,-0.25881904510252063,0.9749279121818236,-0.22252093395631434
52,1,30,359,528,70,1,0,-0.7686901504386429,-1.338721089034123,-0.2067936485059295,0.23818141170745974,101.76,4.632396172241683,-0.9659258262890683,-0.25881904510252063,0.0,1.0
275,1,28,588,586,17,1,0,1.3675026644983594,-1.5531604962355485,4.772110297630446,0.8385661194460237,15.81,2.8219739474205245,-1.0,-1.8369701987210297e-16,0.43388373911755823,-0.900968867902419
383,1,36,625,72,59,0,3,-1.105983752797117,-1.1528736027928874,-0.2067936485059295,-0.8134276844465941,1030.85,6.939108586640133,-0.9659258262890683,-0.25881904510252063,0.0,1.0
297,0,24,556,163,63,1,3,-1.330846154369433,0.03369111705500113,-0.2067936485059295,-1.2423299458311141,23.23,3.1875915348284343,-0.8660254037844385,-0.5000000000000004,0.43388373911755823,-0.900968867902419
472,1,15,347,137,4,0,2,0.9177778613537274,2.1351973076289723,-0.2067936485059295,-0.11676758641560055,199.02,5.29841736154837,-0.8660254037844385,-0.5000000000000004,0.0,1.0
206,1,17,455,134,74,0,2,0.6366998593883324,0.20524264281614163,-0.2067936485059295,-0.33651977357886115,435.86,6.079612777634675,-0.9659258262890683,-0.25881904510252063,-0.433883739117558,-0.9009688679024191
310,1,16,28,80,16,1,2,0.6929154597814113,-0.009196764385283997,-0.2067936485059295,-0.6668287945864125,486.59,6.189474888783194,-0.8660254037844385,-0.5000000000000004,0.7818314824680298,0.6234898018587336
56,1,42,624,586,82,1,0,1.0864246625329645,-0.7239947883900362,-0.2067936485059295,2.118009110137748,170.96,5.147261891628081,-0.8660254037844385,-0.5000000000000004,0.43388373911755823,-0.900968867902419
77,0,18,164,52,8,2,1,0.1869750562437003,0.13376284041566644,-0.2067936485059295,0.8813207103306349,21.4,3.109060958860994,-0.8660254037844385,-0.5000000000000004,0.0,1.0
68,0,42,261,358,92,2,2,1.5923650660706756,0.4625699314578524,-0.2067936485059295,-0.5323704137420411,99.98,4.6149224774307696,-0.8660254037844385,-0.5000000000000004,0.43388373911755823,-0.900968867902419
18,1,24,645,144,45,0,2,0.6929154597814113,0.21953860329623667,-0.2067936485059295,0.5200360843769372,291.46,5.678327905183733,-0.8660254037844385,-0.5000000000000004,0.9749279121818236,-0.22252093395631434
419,1,26,391,168,48,0,2,0.41183745781601633,-0.6382190255094659,-0.2067936485059295,0.25739854266279166,127.57,4.856473503096157,-0.9659258262890683,-0.25881904510252063,0.0,1.0
469,1,2,44,580,5,2,2,1.9296586684291497,0.062283038015191215,-0.2067936485059295,-0.1661988162605432,230.08,5.442763970913065,-0.8660254037844385,-0.5000000000000004,0.0,1.0
34,0,29,395,188,99,2,1,0.8053466605675694,-0.9527301560715568,-0.2067936485059295,1.0648308499884092,71.95,4.289774274968795,-0.8660254037844385,-0.5000000000000004,0.0,1.0
390,1,14,263,62,61,1,1,0.2994062570298583,-0.23793213206680466,-0.2067936485059295,-0.6943276244057501,391.66,5.972944097470603,-0.9659258262890683,-0.25881904510252063,0.0,1.0
261,1,3,412,273,17,1,0,1.0864246625329645,1.4489912045844102,-0.2067936485059295,1.144678734206014,162.1,5.094363509626968,-0.8660254037844385,-0.5000000000000004,0.0,1.0
56,1,25,532,297,40,2,1,0.2994062570298583,-0.02349272486537904,-0.2067936485059295,-1.1988087209030547,320.55,5.773153052580872,-0.9659258262890683,-0.25881904510252063,0.0,1.0
3,1,14,606,334,10,1,2,0.35562185742293734,0.7627851015398482,-0.2067936485059295,-0.7466587308498229,273.24,5.614003635409415,-0.8660254037844385,-0.5000000000000004,0.7818314824680298,0.6234898018587336
393,1,1,135,497,61,0,3,-0.9373369516178799,-0.38089173686775507,-0.2067936485059295,-1.268300635550468,285.26,5.6569004887560705,-0.8660254037844385,-0.5000000000000004,0.9749279121818236,-0.22252093395631434
106,1,2,161,149,42,2,3,-1.330846154369433,0.5769376152986128,-0.2067936485059295,-1.2032469935759942,173.6,5.162497643405501,-0.8660254037844385,-0.5000000000000004,0.7818314824680298,0.6234898018587336
134,0,2,365,200,59,2,3,-1.105983752797117,-0.22363617158670962,-0.2067936485059295,-1.2690980375153926,654.49,6.485383047557258,-0.8660254037844385,-0.5000000000000004,0.0,1.0
291,0,20,330,58,29,1,3,-1.387061754762512,-1.2386493656734576,1.4528410002061958,-1.2258742358282697,308.85,5.7360883094081165,-1.0,-1.8369701987210297e-16,0.9749279121818236,-0.22252093395631434
220,1,21,83,357,14,0,2,0.5804842589952534,-0.7525867093502262,-0.2067936485059295,0.6194600586337629,64.3,4.178992036282385,-0.9659258262890683,-0.25881904510252063,0.0,1.0
13,1,37,531,183,37,1,3,-1.443277355155591,1.005816429701464,-0.2067936485059295,-1.1342550576525685,719.76,6.5803062108586134,-0.9659258262890683,-0.25881904510252063,0.43388373911755823,-0.900968867902419
367,1,41,94,159,42,2,2,0.9177778613537274,-0.8097705512706064,-0.2067936485059295,-0.8672484710888053,836.45,6.7303615604244795,-0.8660254037844385,-0.5000000000000004,0.0,1.0
71,1,33,112,54,23,2,2,0.8615622609606484,-0.5095553811886104,-0.2067936485059295,-0.4123396240765425,953.17,6.860841852638065,-0.9659258262890683,-0.25881904510252063,0.43388373911755823,-0.900968867902419
400,1,10,650,396,53,0,2,1.4237182648914386,0.2910184056967119,-0.2067936485059295,-0.8026973718317756,109.43,4.7043818360590395,-1.0,-1.8369701987210297e-16,0.9749279121818236,-0.22252093395631434
375,0,21,474,200,1,2,0,0.4680530582090954,0.8199689434602284,-0.2067936485059295,1.2780371618576123,139.53,4.9454209891126535,-0.9659258262890683,-0.25881904510252063,0.0,1.0
153,1,38,175,113,82,1,2,1.2550714637122016,0.7913770225000384,-0.2067936485059295,-0.76301444510787,148.77,5.009100784004304,-1.0,-1.8369701987210297e-16,0.43388373911755823,-0.900968867902419
350,1,17,629,329,65,0,3,-0.9935525520109589,-0.8955463141511766,-0.2067936485059295,-0.9937712921857782,322.48,5.779137288227622,-0.8660254037844385,-0.5000000000000004,0.0,1.0
3,1,24,132,579,65,2,0,0.6929154597814113,-1.4387928123947882,-0.2067936485059295,0.8335714601930568,61.62,4.1370847158982595,-0.8660254037844385,-0.5000000000000004,0.0,1.0
33,1,27,651,101,29,2,2,0.6366998593883324,0.648417417699088,-0.2067936485059295,0.16901768822245908,53.51,3.9983841710761894,-0.8660254037844385,-0.5000000000000004,0.43388373911755823,-0.900968867902419
29,1,6,651,294,10,0,0,0.5804842589952534,0.17665072185595154,-0.2067936485059295,0.5794515047409009,76.89,4.355297574931857,-0.9659258262890683,-0.25881904510252063,0.9749279121818236,-0.22252093395631434
69,1,13,19,506,45,0,2,0.9739934617468065,0.662713378179183,6.431744946342571,-0.5515183168740516,451.31,6.114367785458937,-0.8660254037844385,-0.5000000000000004,0.0,1.0
217,1,34,350,282,93,2,1,0.2431906566367793,0.30531436617680696,-0.2067936485059295,-0.10148105742885084,68.68,4.243913332544247,-0.8660254037844385,-0.5000000000000004,0.0,1.0
448,1,5,91,144,27,1,2,1.4799338652845175,0.19094668233604659,-0.2067936485059295,-0.7688141983061302,147.62,5.001392712729324,-0.9659258262890683,-0.25881904510252063,-0.433883739117558,-0.9009688679024191
460,1,41,170,493,93,0,3,-1.218414953583275,-0.23793213206680466,4.772110297630446,-1.2294663906606136,21.23,3.101442727976105,-0.8660254037844385,-0.5000000000000004,0.0,1.0
437,1,39,539,461,20,0,3,-1.49949295554867,-1.5245685752753584,-0.2067936485059295,-1.1179249833290852,218.96,5.393445711639614,-0.8660254037844385,-0.5000000000000004,0.9749279121818236,-0.22252093395631434
459,1,41,160,315,98,1,1,-0.9935525520109589,0.37679416857728215,-0.2067936485059295,1.1036856068259144,196.16,5.284015581837177,-0.8660254037844385,-0.5000000000000004,-0.433883739117558,-0.9009688679024191
117,1,12,428,408,95,0,0,0.9739934617468065,-0.40948365782794516,-0.2067936485059295,1.8632917442102637,88.42,4.4933443708058345,-0.8660254037844385,-0.5000000000000004,0.9749279121818236,-0.22252093395631434
70,1,22,498,5,13,1,2,1.4237182648914386,-0.5953311440691808,-0.2067936485059295,0.5761721571102313,645.04,6.470861421370312,-0.9659258262890683,-0.25881904510252063,-0.433883739117558,-0.9009688679024191
155,1,24,327,511,79,0,2,1.3675026644983594,-0.8669543931909865,-0.2067936485059295,-0.4805341580350435,150.6,5.021245473208271,-0.9659258262890683,-0.25881904510252063,0.0,1.0
168,1,8,467,166,13,1,2,0.8053466605675694,0.5340497338583277,-0.2067936485059295,0.22393073607707484,80.43,4.39974375547904,-0.8660254037844385,-0.5000000000000004,0.9749279121818236,-0.22252093395631434
398,1,27,64,540,82,2,2,0.9739934617468065,-0.6382190255094659,-0.2067936485059295,-0.3793538482606191,22.81,3.170105660498771,-0.9659258262890683,-0.25881904510252063,0.0,1.0
106,1,39,670,498,22,0,3,-1.105983752797117,2.1351973076289723,-0.2067936485059295,-1.2154413464543874,849.76,6.7461300676463445,-0.8660254037844385,-0.5000000000000004,0.9749279121818236,-0.22252093395631434
369,1,40,103,328,65,2,3,-1.49949295554867,-0.5238513416687055,-0.2067936485059295,-1.1239785718795239,51.2,3.955082494888593,-1.0,-1.8369701987210297e-16,0.0,1.0
222,1,25,678,378,87,2,3,-1.443277355155591,0.7627851015398482,-0.2067936485059295,-1.2797052784443061,177.94,5.18705055411945,-0.8660254037844385,-0.5000000000000004,0.7818314824680298,0.6234898018587336
19,1,25,42,515,34,0,0,-0.15031854611477377,0.333906287136997,-0.2067936485059295,-1.13035009561855,353.82,5.871610618632502,-0.9659258262890683,-0.25881904510252063,0.0,1.0
440,0,24,543,283,52,2,0,0.8053466605675694,0.17665072185595154,-0.2067936485059295,-1.1059716458355884,77.02,4.35696520407851,-0.8660254037844385,-0.5000000000000004,0.43388373911755823,-0.900968867902419
344,0,1,423,114,47,1,1,-0.6562589496524849,0.47686589193794743,-0.2067936485059295,-0.23795217313645595,232.35,5.4525394723958245,-0.8660254037844385,-0.5000000000000004,-0.433883739117558,-0.9009688679024191
18,0,30,635,27,29,1,2,1.8172274676429916,-0.8812503536710816,-0.2067936485059295,0.24440935181293022,41.13,3.7407600759909254,-0.9659258262890683,-0.25881904510252063,0.0,1.0
431,0,34,466,489,46,1,1,0.8053466605675694,-0.2665240530269948,-0.2067936485059295,1.0342577920149099,308.62,5.7353457391123195,-1.0,-1.8369701987210297e-16,-0.433883739117558,-0.9009688679024191
188,1,3,321,212,2,1,2,0.8615622609606484,0.7627851015398482,-0.2067936485059295,0.5905869283218224,602.8,6.403243017272739,-0.9659258262890683,-0.25881904510252063,0.0,1.0
267,1,21,358,200,7,1,3,-0.9935525520109589,0.37679416857728215,-0.2067936485059295,-1.1910167447892117,54.05,4.008241863168689,-0.8660254037844385,-0.5000000000000004,0.7818314824680298,0.6234898018587336
362,0,8,662,575,31,1,1,-0.8249057508317219,0.24813052425642676,-0.2067936485059295,0.9186293791139618,215.72,5.37860619777684,-1.0,-1.8369701987210297e-16,0.9749279121818236,-0.22252093395631434
313,0,11,602,184,17,1,1,-0.6000433492594058,-0.8812503536710816,-0.2067936485059295,0.5807642693905514,864.72,6.763561530646329,-0.8660254037844385,-0.5000000000000004,-0.433883739117558,-0.9009688679024191
92,1,32,51,441,22,0,0,0.2431906566367793,-0.20934021110661458,-0.2067936485059295,0.07422428614779882,120.17,4.7971945182434315,-0.9659258262890683,-0.25881904510252063,0.7818314824680298,0.6234898018587336
351,1,5,392,393,44,0,2,0.9739934617468065,0.648417417699088,-0.2067936485059295,-0.027104735247093694,538.13,6.28995672921204,-0.9659258262890683,-0.25881904510252063,0.43388373911755823,-0.900968867902419
286,0,27,515,569,32,1,3,-1.330846154369433,1.8206861770668814,-0.2067936485059295,-1.1928910240058024,342.17,5.8382259512056915,-0.8660254037844385,-0.5000000000000004,0.43388373911755823,-0.900968867902419
318,1,6,49,109,36,0,3,-1.443277355155591,0.7913770225000384,-0.2067936485059295,-0.8052664932750369,802.89,6.6894624438984165,-1.0,-1.8369701987210297e-16,0.0,1.0
315,1,22,56,532,45,0,1,0.018328255064463266,-0.8526584327108915,-0.2067936485059295,-0.9679980299625632,253.46,5.5391436527145546,-0.8660254037844385,-0.5000000000000004,0.0,1.0
192,0,39,373,146,60,2,3,-1.105983752797117,-0.8383624722307964,-0.2067936485059295,-1.1935217663960642,47.38,3.8790865051818813,-1.0,-1.8369701987210297e-16,0.9749279121818236,-0.22252093395631434
353,1,22,7,373,65,0,3,-1.162199353190196,0.4339780104976623,-0.2067936485059295,-0.9573856610467367,1762.28,7.474930989980131,-0.8660254037844385,-0.5000000000000004,-0.433883739117558,-0.9009688679024191
177,0,8,240,114,11,2,0,0.9739934617468065,-0.5238513416687055,-0.2067936485059295,1.636778306302612,1831.02,7.513174462205053,-0.9659258262890683,-0.25881904510252063,-0.433883739117558,-0.9009688679024191
129,1,9,406,409,29,0,0,0.8053466605675694,-0.20934021110661458,-0.2067936485059295,1.1884512304927954,332.15,5.808592839008546,-0.9659258262890683,-0.25881904510252063,0.0,1.0
187,1,41,159,547,1,2,2,0.5242686586021743,0.062283038015191215,6.431744946342571,-0.2632869924786354,146.55,4.994167101388949,-1.0,-1.8369701987210297e-16,0.43388373911755823,-0.900968867902419
396,0,4,426,3,12,1,2,1.6485806664637546,-0.1378604087061394,-0.2067936485059295,-0.2594948461566961,223.76,5.415033166243997,-0.8660254037844385,-0.5000000000000004,-0.433883739117558,-0.9009688679024191
168,1,31,668,173,83,2,3,-0.9373369516178799,-1.0242099584720321,-0.2067936485059295,-1.1550028927013407,41.51,3.749739342370699,-0.8660254037844385,-0.5000000000000004,0.9749279121818236,-0.22252093395631434
494,0,38,175,408,69,0,3,-1.218414953583275,0.062283038015191215,-0.2067936485059295,-1.1522645476899607,129.62,4.872292344474511,-0.8660254037844385,-0.5000000000000004,0.43388373911755823,-0.900968867902419
268,1,35,320,191,8,0,1,0.8615622609606484,-0.08067656678575921,-0.2067936485059295,0.5428402421777008,758.77,6.633015755899252,-0.8660254037844385,-0.5000000000000004,-0.433883739117558,-0.9009688679024191
458,1,25,376,557,63,2,0,0.4680530582090954,0.7198972200995631,-0.2067936485059295,1.2507306315475009,308.68,5.735539506269393,-0.9659258262890683,-0.25881904510252063,0.0,1.0
261,1,2,635,379,1,1,0,1.3112870641052805,-1.4959766543151685,-0.2067936485059295,0.9815677264869482,276.56,5.626037126031348,-0.9659258262890683,-0.25881904510252063,0.0,1.0
97,1,40,36,439,73,1,2,0.9177778613537274,0.13376284041566644,-0.2067936485059295,0.18578876942043454,1011.22,6.919901217525693,-1.0,-1.8369701987210297e-16,0.0,1.0
380,1,34,283,307,25,1,2,1.8172274676429916,2.5211882405915387,-0.2067936485059295,-0.7876800621579424,973.39,6.881811634177191,-0.9659258262890683,-0.25881904510252063,0.9749279121818236,-0.22252093395631434
402,1,42,542,347,32,2,3,-1.274630553976354,2.406820556750778,-0.2067936485059295,-1.1823324989525592,872.72,6.77275995819462,-0.8660254037844385,-0.5000000000000004,0.0,1.0
186,0,39,503,45,79,2,1,-0.2627497469009318,-0.7096988279099411,-0.2067936485059295,0.30284532667656877,92.5,4.537961436294641,-0.8660254037844385,-0.5000000000000004,0.0,1.0
165,1,40,623,407,30,2,1,-0.4313965480801688,-1.0813938003924122,-0.2067936485059295,1.1898024550442912,405.6,6.007829901194246,-0.9659258262890683,-0.25881904510252063,0.7818314824680298,0.6234898018587336
478,1,42,611,290,84,1,3,-1.0497681524040379,-0.7382907488701311,-0.2067936485059295,-1.1659690927141433,235.34,5.46527144621087,-0.8660254037844385,-0.5000000000000004,0.0,1.0
180,1,5,481,195,92,1,1,-0.4313965480801688,-0.18074829014642452,-0.2067936485059295,-0.6020725758528749,67.57,4.227855121296273,-0.8660254037844385,-0.5000000000000004,0.43388373911755823,-0.900968867902419
270,1,7,69,464,73,1,2,1.0302090621398854,1.0772962321019393,-0.2067936485059295,0.024275129624673666,37.81,3.658677945380815,-0.8660254037844385,-0.5000000000000004,0.0,1.0
97,1,17,203,394,31,2,2,1.8734430680360705,-0.8955463141511766,-0.2067936485059295,0.15688999917393065,1041.88,6.9497413956491965,-0.8660254037844385,-0.5000000000000004,0.9749279121818236,-0.22252093395631434
50,1,0,415,104,41,2,0,-0.5438277488663268,-0.995618037511842,-0.2067936485059295,2.4226448646668826,409.59,6.017595149685235,-0.8660254037844385,-0.5000000000000004,0.0,1.0
408,1,9,525,421,31,2,0,0.8615622609606484,-0.009196764385283997,-0.2067936485059295,2.0972253791805873,121.82,4.810719868901253,-1.0,-1.8369701987210297e-16,-0.433883739117558,-0.9009688679024191
129,0,22,72,264,85,2,3,-1.162199353190196,0.24813052425642676,-0.2067936485059295,-1.279036076152199,879.25,6.780205958035162,-0.9659258262890683,-0.25881904510252063,0.7818314824680298,0.6234898018587336
235,0,38,429,236,51,1,1,-0.9935525520109589,-1.5674564567156437,-0.2067936485059295,-0.5930575748603535,302.63,5.71580985486892,-0.9659258262890683,-0.25881904510252063,0.7818314824680298,0.6234898018587336
105,1,40,81,584,68,1,2,0.9739934617468065,-0.6382190255094659,-0.2067936485059295,-0.6030058694709858,20.36,3.061520014091994,-0.9659258262890683,-0.25881904510252063,0.0,1.0
489,1,9,620,220,1,2,2,1.3112870641052805,-0.8955463141511766,-0.2067936485059295,0.19993688531256562,365.14,5.903015773922869,-1.0,-1.8369701987210297e-16,-0.433883739117558,-0.9009688679024191
289,1,36,573,534,42,1,1,0.6929154597814113,-0.9670261165516518,-0.2067936485059295,-0.6524704312308609,46.24,3.8552409913291616,-0.8660254037844385,-0.5000000000000004,0.0,1.0
143,1,17,583,140,95,2,3,-1.218414953583275,0.14805880089576146,4.772110297630446,-1.2292971670924948,194.85,5.27734906011184,-0.8660254037844385,-0.5000000000000004,0.7818314824680298,0.6234898018587336
307,1,11,303,529,75,2,3,-0.9935525520109589,-0.40948365782794516,-0.2067936485059295,-1.2739978290104745,317.87,5.7647834962136,-0.9659258262890683,-0.25881904510252063,0.0,1.0
493,1,40,345,231,96,1,1,0.8053466605675694,0.44827397097775734,-0.2067936485059295,0.5505629904682224,313.82,5.752001046926676,-1.0,-1.8369701987210297e-16,0.9749279121818236,-0.22252093395631434
76,1,29,640,316,21,2,2,1.9296586684291497,0.648417417699088,-0.2067936485059295,0.6350568308287308,16.73,2.8752581200861167,-0.9659258262890683,-0.25881904510252063,0.43388373911755823,-0.900968867902419
138,0,6,154,477,63,2,0,0.2994062570298583,1.2202558369028897,-0.2067936485059295,1.8354288273201245,211.7,5.3598827222061916,-0.8660254037844385,-0.5000000000000004,0.0,1.0
88,1,42,78,271,58,1,3,-1.105983752797117,-0.32370789494737495,-0.2067936485059295,-1.0893928641468391,81.51,4.412919498116252,-0.8660254037844385,-0.5000000000000004,0.43388373911755823,-0.900968867902419
106,1,16,413,549,5,0,3,-1.443277355155591,-1.5388645357554536,4.772110297630446,-1.088515978384768,238.54,5.4787204175193605,-0.8660254037844385,-0.5000000000000004,-0.433883739117558,-0.9009688679024191
173,0,39,200,406,40,1,1,-0.20653414650785276,-0.666810946469656,-0.2067936485059295,-0.2845399342383081,521.01,6.257686744787267,-0.9659258262890683,-0.25881904510252063,-0.433883739117558,-0.9009688679024191
361,0,5,585,373,64,0,3,-1.162199353190196,-0.7668826698303213,-0.2067936485059295,-1.2139183343413165,566.33,6.3409411450072914,-0.8660254037844385,-0.5000000000000004,0.0,1.0
434,0,42,415,59,54,1,1,-0.9935525520109589,1.8921659794673567,-0.2067936485059295,0.20351365618417172,538.17,6.290030920068052,-0.9659258262890683,-0.25881904510252063,0.7818314824680298,0.6234898018587336
348,1,6,638,7,91,2,2,1.0302090621398854,-1.2672412866336478,-0.2067936485059295,-0.19945381138938337,63.74,4.170379248498098,-0.9659258262890683,-0.25881904510252063,0.7818314824680298,0.6234898018587336
88,1,17,94,114,26,0,3,-1.274630553976354,0.41968205001756725,-0.2067936485059295,-1.046256238237232,532.4,6.279271611747914,-0.8660254037844385,-0.5000000000000004,0.43388373911755823,-0.900968867902419
9,1,36,413,520,15,2,3,-1.443277355155591,-1.1671695632729824,-0.2067936485059295,-0.8996111964948361,1086.6,6.991728712758316,-0.9659258262890683,-0.25881904510252063,0.0,1.0
298,1,8,303,566,44,2,2,1.0864246625329645,0.333906287136997,-0.2067936485059295,-0.09781454678627245,50.63,3.9441028988915576,-0.8660254037844385,-0.5000000000000004,0.9749279121818236,-0.22252093395631434
33,0,29,304,208,86,1,2,1.6485806664637546,0.8056729829801335,-0.2067936485059295,-0.8511568481567622,70.88,4.274998061915358,-0.8660254037844385,-0.5000000000000004,0.0,1.0
411,1,33,16,192,91,1,1,-0.8811213512248008,-0.02349272486537904,-0.2067936485059295,-0.5775787463643777,1360.67,7.2164671666034135,-0.8660254037844385,-0.5000000000000004,0.9749279121818236,-0.22252093395631434
258,0,17,405,29,29,1,2,1.3112870641052805,-1.1528736027928874,-0.2067936485059295,-0.6975531281738365,71.53,4.284000269375321,-0.8660254037844385,-0.5000000000000004,0.0,1.0
450,1,15,50,82,51,0,0,1.3112870641052805,0.30531436617680696,-0.2067936485059295,2.2164715868484435,376.24,5.932881589675684,-0.8660254037844385,-0.5000000000000004,0.7818314824680298,0.6234898018587336
293,1,6,482,40,73,2,1,-0.8249057508317219,-1.3101291680739329,-0.2067936485059295,0.9300135100601491,179.38,5.195065736737562,-1.0,-1.8369701987210297e-16,0.43388373911755823,-0.900968867902419
273,1,2,675,426,90,0,0,-0.2627497469009318,-0.4523715392682303,-0.2067936485059295,0.8742671643322201,470.3,6.155494833929685,-1.0,-1.8369701987210297e-16,0.7818314824680298,0.6234898018587336
124,0,16,597,590,45,2,1,0.2431906566367793,0.8199689434602284,-0.2067936485059295,-0.4867851740816211,125.0,4.836281906951478,-0.8660254037844385,-0.5000000000000004,0.0,1.0
271,1,4,287,477,12,1,3,-1.218414953583275,-0.2522280925468997,-0.2067936485059295,-1.1318500317905138,254.86,5.544630419888889,-0.9659258262890683,-0.25881904510252063,0.43388373911755823,-0.900968867902419
175,0,2,21,283,27,1,1,0.8615622609606484,-0.38089173686775507,-0.2067936485059295,0.8103416794785394,138.54,4.9383512985110904,-0.9659258262890683,-0.25881904510252063,0.7818314824680298,0.6234898018587336
242,1,4,180,394,2,0,2,1.5361494656775965,-0.4809634602284204,-0.2067936485059295,0.32583665599964573,91.23,4.524285457247627,-0.8660254037844385,-0.5000000000000004,0.0,1.0
84,0,9,58,277,65,2,0,0.9177778613537274,1.0915921925820342,-0.2067936485059295,1.8035173647624108,201.5,5.310739886546594,-1.0,-1.8369701987210297e-16,-0.433883739117558,-0.9009688679024191
30,1,29,157,113,36,1,2,0.4680530582090954,-0.33800385542746997,6.431744946342571,-0.9415017215846578,341.67,5.836767884926147,-0.8660254037844385,-0.5000000000000004,0.0,1.0
30,1,40,31,132,92,1,1,0.6929154597814113,0.21953860329623667,-0.2067936485059295,0.5631880942472823,582.17,6.368478739042131,-0.8660254037844385,-0.5000000000000004,0.43388373911755823,-0.900968867902419
375,1,0,400,323,18,0,2,0.4680530582090954,-0.2665240530269948,-0.2067936485059295,-0.8960549375708807,17.1,2.89591193827178,-0.8660254037844385,-0.5000000000000004,0.0,1.0
231,1,33,196,203,17,0,1,-0.9935525520109589,0.13376284041566644,-0.2067936485059295,0.6212804939877702,61.33,4.132442850820759,-1.0,-1.8369701987210297e-16,0.9749279121818236,-0.22252093395631434
129,1,32,125,267,86,2,3,-0.9935525520109589,-1.1957614842331725,-0.2067936485059295,-1.2700672270418922,288.28,5.667395077203811,-0.9659258262890683,-0.25881904510252063,0.7818314824680298,0.6234898018587336
238,1,33,23,94,86,0,3,-1.218414953583275,-0.4952594207085154,-0.2067936485059295,1.0936014205620959,120.62,4.800901429691963,-0.8660254037844385,-0.5000000000000004,0.0,1.0
26,1,5,131,197,31,1,2,1.3112870641052805,1.33462352074365,-0.2067936485059295,0.3249341303030112,18.46,2.968361076757859,-0.8660254037844385,-0.5000000000000004,0.0,1.0
306,1,7,152,8,12,0,3,-1.387061754762512,-0.7954745907905113,-0.2067936485059295,-1.2544960947814876,350.94,5.8634607065236155,-0.9659258262890683,-0.25881904510252063,0.0,1.0
442,1,35,548,432,78,1,0,-0.4876121484732478,-0.5095553811886104,-0.2067936485059295,-0.8813196671772459,50.4,3.9396381724611196,-0.9659258262890683,-0.25881904510252063,0.0,1.0
341,1,14,441,132,0,0,3,-1.105983752797117,-1.2243534051933627,-0.2067936485059295,-1.0980437780685588,180.46,5.201035243741483,-0.8660254037844385,-0.5000000000000004,0.0,1.0
40,1,35,43,564,18,1,3,-0.9373369516178799,0.6341214572189929,-0.2067936485059295,-0.8920781837200842,336.05,5.820231287299448,-0.9659258262890683,-0.25881904510252063,0.0,1.0
457,1,34,484,411,38,1,3,-1.0497681524040379,0.1623547613758565,-0.2067936485059295,-1.2044136105986325,99.76,4.61274145148441,-0.8660254037844385,-0.5000000000000004,0.0,1.0
404,0,0,624,235,86,2,0,-0.6000433492594058,0.9915204692213689,-0.2067936485059295,2.4745375282299196,76.02,4.344065128386763,-0.8660254037844385,-0.5000000000000004,0.9749279121818236,-0.22252093395631434
263,1,34,41,9,97,0,2,0.8053466605675694,0.2910184056967119,-0.2067936485059295,-0.5372240533549087,192.97,5.2677035079302,-0.8660254037844385,-0.5000000000000004,0.0,1.0
300,1,24,332,202,37,0,3,-1.387061754762512,-0.15215636918623443,-0.2067936485059295,-0.8648870331155084,37.7,3.655839600035736,-0.8660254037844385,-0.5000000000000004,0.43388373911755823,-0.900968867902419
89,1,30,482,545,60,0,0,0.2994062570298583,-0.8097705512706064,-0.2067936485059295,0.32788785076472454,100.01,4.615219521841093,-0.8660254037844385,-0.5000000000000004,0.43388373911755823,-0.900968867902419
311,1,2,676,305,32,2,0,-0.7124745500455638,-0.052084645825569126,-0.2067936485059295,1.1472350356819934,185.81,5.23009205755247,-0.8660254037844385,-0.5000000000000004,0.9749279121818236,-0.22252093395631434
142,0,35,484,493,8,0,0,0.5242686586021743,0.2767224452166169,-0.2067936485059295,-0.9868869697554826,469.13,6.153009252203234,-0.9659258262890683,-0.25881904510252063,0.0,1.0
224,1,22,465,2,1,2,0,-0.7124745500455638,0.648417417699088,-0.2067936485059295,2.4049943337133795,194.68,5.276480671938862,-0.8660254037844385,-0.5000000000000004,0.0,1.0
128,1,33,63,67,33,1,3,-1.218414953583275,-1.4959766543151685,-0.2067936485059295,-0.8724046619295223,147.74,5.002199815275154,-0.8660254037844385,-0.5000000000000004,0.7818314824680298,0.6234898018587336
170,0,28,662,32,64,2,2,1.5361494656775965,0.13376284041566644,-0.2067936485059295,-0.9458143585782359,38.15,3.667400422436812,-0.8660254037844385,-0.5000000000000004,-0.433883739117558,-0.9009688679024191
89,1,37,370,552,12,0,2,0.8053466605675694,0.47686589193794743,-0.2067936485059295,0.5103134211904636,927.16,6.833204131717754,-0.8660254037844385,-0.5000000000000004,0.0,1.0
61,1,1,2,116,92,1,2,1.9296586684291497,0.005099196094811046,-0.2067936485059295,-0.8258271568014954,27.94,3.365224721203338,-1.0,-1.8369701987210297e-16,-0.433883739117558,-0.9009688679024191
95,1,28,233,486,89,2,3,-1.387061754762512,0.7627851015398482,-0.2067936485059295,-0.8411521456900903,0.26,0.23111172096338664,-0.8660254037844385,-0.5000000000000004,0.43388373911755823,-0.900968867902419
220,1,17,375,430,1,2,3,-0.9373369516178799,-1.1385776423127922,-0.2067936485059295,-1.2853435000548166,190.9,5.256974403013654,-0.8660254037844385,-0.5000000000000004,0.0,1.0
247,0,40,57,60,5,2,2,0.4680530582090954,0.13376284041566644,-0.2067936485059295,-0.710652570742321,883.92,6.7854972454417855,-0.8660254037844385,-0.5000000000000004,-0.433883739117558,-0.9009688679024191
152,1,14,352,48,97,1,3,-1.218414953583275,0.5483456943384226,-0.2067936485059295,-1.0751011646211526,12.94,2.6347624053323777,-0.9659258262890683,-0.25881904510252063,0.0,1.0
225,0,23,58,585,48,0,0,1.3675026644983594,-0.7239947883900362,-0.2067936485059295,0.23710197046233703,175.21,5.1716764655806395,-1.0,-1.8369701987210297e-16,0.43388373911755823,-0.900968867902419
159,1,11,568,548,40,2,0,0.6929154597814113,0.319610326656902,-0.2067936485059295,0.24438371187836666,199.47,5.300664609616385,-0.8660254037844385,-0.5000000000000004,0.0,1.0
103,1,8,247,64,38,2,3,-0.9373369516178799,-1.1242816818326973,-0.2067936485059295,-0.8065792579246872,122.65,4.817454993967425,-0.8660254037844385,-0.5000000000000004,0.43388373911755823,-0.900968867902419
3,1,32,144,101,13,0,3,-1.105983752797117,0.8056729829801335,-0.2067936485059295,-1.0360566722678777,365.43,5.903807507177435,-0.8660254037844385,-0.5000000000000004,0.43388373911755823,-0.900968867902419
191,1,23,274,344,98,1,1,-0.8249057508317219,-0.20934021110661458,-0.2067936485059295,0.5691493790332927,435.98,6.079887427457879,-0.8660254037844385,-0.5000000000000004,0.43388373911755823,-0.900968867902419
361,1,20,36,439,90,0,2,0.9177778613537274,0.8199689434602284,-0.2067936485059295,-0.5252168719988287,83.16,4.4327197489894,-0.8660254037844385,-0.5000000000000004,0.9749279121818236,-0.22252093395631434
481,1,18,320,439,18,0,2,0.9739934617468065,-1.3244251285540278,-0.2067936485059295,0.25161673741872576,85.31,4.457945466231566,-0.8660254037844385,-0.5000000000000004,0.0,1.0
91,1,23,386,478,2,2,3,-1.443277355155591,0.8485608644204186,-0.2067936485059295,-1.269631348154313,230.46,5.444407072419931,-0.9659258262890683,-0.25881904510252063,0.7818314824680298,0.6234898018587336
318,1,22,668,506,27,0,0,0.7491310601744904,0.10517091945547634,-0.2067936485059295,2.0896128826086886,745.95,6.615998248488326,-0.8660254037844385,-0.5000000000000004,-0.433883739117558,-0.9009688679024191
44,1,40,197,389,41,1,0,0.018328255064463266,2.006533663308117,-0.2067936485059295,0.9687580151790314,28.38,3.380314170745731,-0.8660254037844385,-0.5000000000000004,0.7818314824680298,0.6234898018587336
48,0,27,143,81,37,2,3,-1.49949295554867,0.24813052425642676,-0.2067936485059295,-1.2368865877232864,326.03,5.790051909808377,-0.8660254037844385,-0.5000000000000004,0.7818314824680298,0.6234898018587336
63,1,17,253,44,19,2,2,1.9296586684291497,1.5490629279450756,-0.2067936485059295,-0.014951406264001916,122.98,4.8201202622737735,-0.8660254037844385,-0.5000000000000004,0.0,1.0
9,0,23,602,272,47,1,1,0.35562185742293734,0.10517091945547634,-0.2067936485059295,0.6651273460847859,508.68,6.233783077808233,-0.8660254037844385,-0.5000000000000004,0.0,1.0
333,1,5,574,481,93,2,0,0.7491310601744904,0.39109012905737717,-0.2067936485059295,-1.062073513869446,309.56,5.7383771194207,-0.9659258262890683,-0.25881904510252063,0.0,1.0
221,1,13,518,390,52,2,1,-0.4313965480801688,-0.8812503536710816,-0.2067936485059295,0.28178724841957853,12.04,2.5680215564985067,-0.8660254037844385,-0.5000000000000004,0.9749279121818236,-0.22252093395631434
84,1,3,477,338,73,0,3,-1.0497681524040379,0.34820224761709206,-0.2067936485059295,-0.8935986318396989,1137.63,7.037581064316722,-0.8660254037844385,-0.5000000000000004,0.7818314824680298,0.6234898018587336
58,1,35,131,258,7,2,0,-0.15031854611477377,0.40538608953747224,-0.2067936485059295,0.5612394592204574,440.94,6.091174126256959,-1.0,-1.8369701987210297e-16,0.9749279121818236,-0.22252093395631434
249,1,38,73,274,84,0,0,1.0302090621398854,0.5054578128981375,-0.2067936485059295,-0.8493517967634928,767.66,6.6446487390963975,-0.9659258262890683,-0.25881904510252063,0.0,1.0
287,1,29,597,363,50,0,2,0.9739934617468065,-0.7239947883900362,-0.2067936485059295,-0.6490064760713341,36.57,3.6262058595858777,-0.8660254037844385,-0.5000000000000004,0.0,1.0
179,1,28,637,533,61,0,1,-0.7686901504386429,-0.16645232966632947,-0.2067936485059295,1.1655701528883415,800.55,6.6865473531356825,-0.8660254037844385,-0.5000000000000004,0.43388373911755823,-0.900968867902419
129,1,41,7,234,87,2,1,0.2431906566367793,-0.666810946469656,-0.2067936485059295,-0.5120071777117213,222.39,5.408919122875832,-0.8660254037844385,-0.5000000000000004,0.9749279121818236,-0.22252093395631434
180,1,12,96,538,76,0,0,-0.8811213512248008,-1.1528736027928874,-0.2067936485059295,-1.0791984261643974,870.05,6.769699380486169,-0.8660254037844385,-0.5000000000000004,0.43388373911755823,-0.900968867902419
289,1,5,279,131,5,1,2,1.2550714637122016,1.9779417423479269,-0.2067936485059295,0.3917851316903854,131.46,4.886280713056833,-0.8660254037844385,-0.5000000000000004,0.0,1.0
357,1,30,479,484,66,0,1,0.35562185742293734,1.320327560263555,-0.2067936485059295,-0.16252461363759582,116.76,4.7686486549805664,-0.8660254037844385,-0.5000000000000004,0.0,1.0
1,0,5,405,478,25,0,3,-1.105983752797117,-0.36659577638766006,-0.2067936485059295,-0.9766874037861283,516.47,6.248951552444647,-0.9659258262890683,-0.25881904510252063,0.43388373911755823,-0.900968867902419
392,1,20,536,101,12,1,0,-0.8811213512248008,-0.9813220770317469,-0.2067936485059295,1.411490457267095,71.9,4.289088639014612,-0.8660254037844385,-0.5000000000000004,0.0,1.0
156,0,21,601,29,80,2,2,1.0302090621398854,-0.16645232966632947,-0.2067936485059295,-0.026925255705149347,104.23,4.656148430752721,-0.8660254037844385,-0.5000000000000004,0.7818314824680298,0.6234898018587336
129,1,11,211,133,2,1,0,-0.8811213512248008,-0.6239230650293708,-0.2067936485059295,-0.9691133671160748,50.99,3.9510513923956245,-0.8660254037844385,-0.5000000000000004,0.7818314824680298,0.6234898018587336
493,1,1,543,241,29,2,3,-1.330846154369433,0.37679416857728215,-0.2067936485059295,-1.0951746693909048,49.67,3.9253340194878183,-1.0,-1.8369701987210297e-16,0.0,1.0
143,0,25,230,13,22,2,0,0.1869750562437003,0.10517091945547634,-0.2067936485059295,1.8853061920264715,97.63,4.591375474965902,-0.8660254037844385,-0.5000000000000004,0.0,1.0
268,1,6,496,145,0,0,2,1.9858742688222286,-1.0670978399123172,1.4528410002061958,-0.3719490351586847,351.99,5.866439727920136,-0.8660254037844385,-0.5000000000000004,0.0,1.0
261,1,6,239,37,35,2,2,1.8172274676429916,0.07657899849528625,-0.2067936485059295,-1.0462023943746486,91.9,4.531523645819793,-0.8660254037844385,-0.5000000000000004,0.0,1.0
101,1,33,275,465,13,2,2,1.1426402629260435,-0.009196764385283997,-0.2067936485059295,0.09083639975148071,795.96,6.680804489324974,-0.9659258262890683,-0.25881904510252063,0.43388373911755823,-0.900968867902419
12,0,31,221,299,0,2,2,1.3112870641052805,-0.22363617158670962,-0.2067936485059295,-0.24015720750891575,138.11,4.935264987071479,-0.9659258262890683,-0.25881904510252063,0.0,1.0
16,1,3,620,3,94,0,1,-0.7124745500455638,-1.2386493656734576,-0.2067936485059295,0.3538175165887769,103.48,4.648995665528121,-0.8660254037844385,-0.5000000000000004,0.0,1.0
111,1,20,13,2,6,0,3,-1.443277355155591,-1.5102726147952634,-0.2067936485059295,-1.040289825464309,307.41,5.731430066585013,-0.9659258262890683,-0.25881904510252063,0.0,1.0
207,1,5,334,127,99,0,3,-1.330846154369433,-0.8526584327108915,-0.2067936485059295,0.8570884081746851,189.65,5.250439286303573,-0.8660254037844385,-0.5000000000000004,0.0,1.0
211,0,25,137,101,99,1,3,-1.49949295554867,-0.22363617158670962,-0.2067936485059295,0.26550332597830945,100.48,4.6198617347310815,-0.8660254037844385,-0.5000000000000004,-0.433883739117558,-0.9009688679024191
116,1,36,107,177,19,0,2,0.35562185742293734,-1.0242099584720321,-0.2067936485059295,-0.1324899942899297,85.03,4.454696072633257,-0.8660254037844385,-0.5000000000000004,0.0,1.0
144,1,36,469,171,3,0,0,-0.8249057508317219,1.8635740585071665,-0.2067936485059295,2.1588817298253997,1135.8,7.035972576782891,-0.8660254037844385,-0.5000000000000004,0.9749279121818236,-0.22252093395631434
405,1,23,430,103,94,0,2,0.8053466605675694,-1.1957614842331725,-0.2067936485059295,0.29905318035462936,295.5,5.69204721843778,-1.0,-1.8369701987210297e-16,0.43388373911755823,-0.900968867902419
479,0,21,469,512,13,1,3,-1.218414953583275,0.062283038015191215,-0.2067936485059295,-1.1081510402734847,63.33,4.1640260854229085,-0.9659258262890683,-0.25881904510252063,0.7818314824680298,0.6234898018587336
360,1,12,217,569,30,0,2,1.5361494656775965,-0.2808200135070898,-0.2067936485059295,0.6570533306907445,266.57,5.589381214346226,-0.9659258262890683,-0.25881904510252063,0.7818314824680298,0.6234898018587336
351,1,35,329,6,89,0,1,-0.8249057508317219,0.7056012596194681,-0.2067936485059295,1.175967146353835,265.44,5.585149077544979,-0.8660254037844385,-0.5000000000000004,0.7818314824680298,0.6234898018587336
114,0,38,644,551,0,2,3,-1.105983752797117,0.04798707753509617,-0.2067936485059295,-0.8312679509158669,133.73,4.903272775767756,-0.8660254037844385,-0.5000000000000004,0.7818314824680298,0.6234898018587336
294,0,13,321,290,60,2,0,0.35562185742293734,1.1630719949825095,-0.2067936485059295,1.5295418439842925,77.5,4.363098624788363,-0.8660254037844385,-0.5000000000000004,0.7818314824680298,0.6234898018587336
454,0,5,252,361,18,1,2,1.1426402629260435,0.677009338659278,-0.2067936485059295,0.23778142872826927,126.04,4.844501997498826,-0.8660254037844385,-0.5000000000000004,0.0,1.0
176,1,39,429,528,67,0,3,-1.105983752797117,1.7635023351465013,-0.2067936485059295,-1.0527405776883372,446.1,6.102782283239935,-0.9659258262890683,-0.25881904510252063,0.7818314824680298,0.6234898018587336
19,1,11,680,419,20,0,3,-1.387061754762512,0.6198254967388979,-0.2067936485059295,-1.1414368033238007,28.52,3.385067999732272,-0.8660254037844385,-0.5000000000000004,-0.433883739117558,-0.9009688679024191
11,1,25,523,146,49,0,2,1.9296586684291497,-0.38089173686775507,-0.2067936485059295,-0.4845186038662091,590.57,6.382780019611705,-0.8660254037844385,-0.5000000000000004,0.9749279121818236,-0.22252093395631434
358,1,32,79,262,54,0,1,0.5804842589952534,-0.12356444822604433,-0.2067936485059295,-0.3263663594917211,49.62,3.9243467551169777,-0.8660254037844385,-0.5000000000000004,0.43388373911755823,-0.900968867902419
429,1,5,446,156,70,2,0,0.2994062570298583,0.062283038015191215,-0.2067936485059295,2.2752408808614075,5.77,1.9125010869241836,-0.8660254037844385,-0.5000000000000004,0.43388373911755823,-0.900968867902419
46,1,16,632,29,82,2,3,-1.105983752797117,-0.2522280925468997,-0.2067936485059295,-1.2026829150155973,304.2,5.720967299410302,-0.8660254037844385,-0.5000000000000004,0.43388373911755823,-0.900968867902419
15,0,17,299,146,17,0,0,0.4680530582090954,-0.46666749974832533,-0.2067936485059295,-1.2636469874271956,50.0,3.9318256327243257,-1.0,-1.8369701987210297e-16,-0.433883739117558,-0.9009688679024191
211,1,33,404,299,39,1,3,-1.218414953583275,-0.5810351835890857,-0.2067936485059295,-0.8917525565511281,66.58,4.213312081286144,-0.9659258262890683,-0.25881904510252063,0.0,1.0
482,1,2,391,95,48,0,0,-0.03788734532861574,-0.29511597398718487,-0.2067936485059295,-1.18794251663505,30.23,3.441379171294987,-0.9659258262890683,-0.25881904510252063,0.0,1.0
203,0,39,404,441,36,0,3,-1.0497681524040379,0.7484891410597533,-0.2067936485059295,-0.9050135307073625,252.31,5.534614035107159,-0.8660254037844385,-0.5000000000000004,0.9749279121818236,-0.22252093395631434
415,0,16,45,15,72,2,1,0.6366998593883324,-0.995618037511842,-0.2067936485059295,-0.7578428703064151,474.77,6.164934544178619,-0.8660254037844385,-0.5000000000000004,0.0,1.0
364,1,31,219,381,46,1,1,0.1869750562437003,-0.7954745907905113,-0.2067936485059295,0.1490903310797185,638.24,6.4602799707169085,-1.0,-1.8369701987210297e-16,0.43388373911755823,-0.900968867902419
335,1,10,75,232,61,0,2,1.6485806664637546,1.5776548489052657,-0.2067936485059295,-0.9648468820047109,64.5,4.182050142641207,-1.0,-1.8369701987210297e-16,0.43388373911755823,-0.900968867902419
340,1,13,649,86,95,1,3,-0.9373369516178799,-1.4102008914345983,-0.2067936485059295,-0.8207966016401397,82.17,4.420886705880596,-1.0,-1.8369701987210297e-16,0.0,1.0
361,1,20,341,445,45,1,1,-0.8249057508317219,2.035125584268307,-0.2067936485059295,1.0621950647152831,1108.46,7.01162868944695,-0.8660254037844385,-0.5000000000000004,0.43388373911755823,-0.900968867902419
434,1,42,655,15,89,2,2,1.4799338652845175,-1.2815372471137427,-0.2067936485059295,0.42014033532414347,138.95,4.941285215961463,-0.8660254037844385,-0.5000000000000004,-0.433883739117558,-0.9009688679024191
443,0,13,448,58,14,0,2,0.5242686586021743,-1.338721089034123,-0.2067936485059295,-0.36784664562852715,27.61,3.3537563070620187,-0.8660254037844385,-0.5000000000000004,-0.433883739117558,-0.9009688679024191
172,1,4,660,183,76,0,0,1.0302090621398854,-1.4959766543151685,-0.2067936485059295,0.03181070639288198,213.55,5.368542811437534,-0.8660254037844385,-0.5000000000000004,0.43388373911755823,-0.900968867902419
219,1,37,148,441,49,1,2,0.9739934617468065,0.19094668233604659,-0.2067936485059295,0.015047317175275486,170.24,5.1430660812767455,-0.8660254037844385,-0.5000000000000004,0.0,1.0
303,1,5,214,129,1,0,0,0.1869750562437003,-1.0813938003924122,-0.2067936485059295,0.7433855543594547,219.63,5.396487090320281,-0.8660254037844385,-0.5000000000000004,-0.433883739117558,-0.9009688679024191
360,1,15,359,28,95,1,1,0.018328255064463266,-1.295833207593838,-0.2067936485059295,1.1843821728775705,280.99,5.64187160931645,-1.0,-1.8369701987210297e-16,0.0,1.0
94,1,36,438,450,22,1,3,-1.218414953583275,-0.1378604087061394,-0.2067936485059295,-1.1441725843417248,535.4,6.284880151407523,-1.0,-1.8369701987210297e-16,-0.433883739117558,-0.9009688679024191
37,0,33,482,216,27,2,0,0.7491310601744904,-0.7954745907905113,-0.2067936485059295,0.6385874498181225,50.29,3.937495801401177,-0.8660254037844385,-0.5000000000000004,0.0,1.0
252,1,30,197,569,41,0,3,-1.0497681524040379,0.019395156574906088,-0.2067936485059295,-1.1706817126869118,584.88,6.373114990450106,-0.9659258262890683,-0.25881904510252063,0.7818314824680298,0.6234898018587336
9,1,1,127,173,16,2,0,-0.09410294572169475,0.5912335757787078,-0.2067936485059295,0.2160387642184342,11.18,2.4997952622817508,-0.8660254037844385,-0.5000000000000004,0.43388373911755823,-0.900968867902419
224,1,11,75,79,48,1,0,-0.6562589496524849,2.363932675310493,-0.2067936485059295,0.04959712899957147,307.57,5.731948721982551,-0.8660254037844385,-0.5000000000000004,0.0,1.0
27,1,8,21,536,5,0,3,-1.274630553976354,-0.9098422746312717,-0.2067936485059295,-0.833452473340676,398.36,5.9898632657410085,-0.8660254037844385,-0.5000000000000004,0.7818314824680298,0.6234898018587336
488,0,3,538,222,94,2,1,-0.20653414650785276,-0.2808200135070898,-0.2067936485059295,-0.3683620083132531,291.22,5.677506943243938,-0.8660254037844385,-0.5000000000000004,-0.433883739117558,-0.9009688679024191
109,1,10,106,487,49,0,0,0.7491310601744904,1.7206144537062162,-0.2067936485059295,1.7632421555500888,21.49,3.1130707659712242,-0.8660254037844385,-0.5000000000000004,0.43388373911755823,-0.900968867902419
490,1,4,333,496,99,2,3,-1.387061754762512,-0.40948365782794516,-0.2067936485059295,-1.2243435317348295,342.57,5.839390875471746,-0.9659258262890683,-0.25881904510252063,-0.433883739117558,-0.9009688679024191
258,1,10,442,83,51,2,1,-0.9373369516178799,2.020829623788212,-0.2067936485059295,0.9048863741879338,316.56,5.760666776856913,-1.0,-1.8369701987210297e-16,0.7818314824680298,0.6234898018587336
81,0,23,122,100,89,1,3,-1.0497681524040379,-0.695402867429846,-0.2067936485059295,0.3375643620689837,377.08,5.935105813438597,-0.9659258262890683,-0.25881904510252063,0.9749279121818236,-0.22252093395631434
250,1,17,557,0,83,0,3,-1.0497681524040379,-0.5095553811886104,-0.2067936485059295,-1.1607667499912122,165.91,5.117454744990326,-0.9659258262890683,-0.25881904510252063,0.9749279121818236,-0.22252093395631434
444,1,18,666,1,63,2,0,0.41183745781601633,-0.052084645825569126,-0.2067936485059295,1.1662521751477302,80.38,4.399129542573544,-0.8660254037844385,-0.5000000000000004,0.0,1.0
232,1,4,127,219,32,0,1,-0.31896534729401077,0.23383456377633172,-0.2067936485059295,0.5241512938743765,0.32,0.2776317365982795,-0.9659258262890683,-0.25881904510252063,-0.433883739117558,-0.9009688679024191
360,0,37,345,571,1,1,0,0.018328255064463266,-0.995618037511842,-0.2067936485059295,2.487475439210654,255.26,5.54619255408143,-0.8660254037844385,-0.5000000000000004,-0.433883739117558,-0.9009688679024191
90,1,15,125,181,73,2,2,1.9858742688222286,-0.7954745907905113,-0.2067936485059295,-0.05150626097116235,173.74,5.163299154869948,-0.9659258262890683,-0.25881904510252063,-0.433883739117558,-0.9009688679024191
388,1,7,653,355,25,0,1,-0.5438277488663268,1.649134651305741,-0.2067936485059295,0.33744898236344806,373.52,5.925645206070688,-0.8660254037844385,-0.5000000000000004,0.0,1.0
118,1,39,13,158,10,1,0,0.2431906566367793,-0.02349272486537904,-0.2067936485059295,1.3525827076074883,301.56,5.712279604910147,-0.9659258262890683,-0.25881904510252063,0.43388373911755823,-0.900968867902419
321,1,35,73,237,71,1,3,-1.274630553976354,-0.666810946469656,-0.2067936485059295,-0.8435828114867088,438.76,6.086229123552405,-0.8660254037844385,-0.5000000000000004,0.0,1.0
87,1,28,347,116,31,1,0,0.2431906566367793,-0.35229981590756504,6.431744946342571,0.0006992097935492933,204.7,5.326418796658912,-0.8660254037844385,-0.5000000000000004,0.43388373911755823,-0.900968867902419
92,1,31,487,303,67,2,3,-0.9373369516178799,-1.2243534051933627,-0.2067936485059295,1.0449445167409703,58.23,4.0814281702888735,-0.9659258262890683,-0.25881904510252063,0.9749279121818236,-0.22252093395631434
213,1,32,591,335,30,1,1,-0.7124745500455638,0.14805880089576146,-0.2067936485059295,-1.1281194213115269,588.54,6.379342571789095,-0.9659258262890683,-0.25881904510252063,0.0,1.0
420,1,13,437,237,96,0,3,-1.105983752797117,0.1623547613758565,-0.2067936485059295,-0.8213504242267109,279.6,5.6369301676683605,-0.8660254037844385,-0.5000000000000004,0.9749279121818236,-0.22252093395631434
323,1,31,210,101,83,0,3,-0.9373369516178799,-1.2815372471137427,-0.2067936485059295,-1.0415025943691618,21.9,3.131136910560194,-0.9659258262890683,-0.25881904510252063,0.0,1.0
182,1,33,434,250,67,2,0,0.6929154597814113,-1.0242099584720321,-0.2067936485059295,1.3767688578812236,110.49,4.71393490077948,-0.9659258262890683,-0.25881904510252063,0.7818314824680298,0.6234898018587336
31,1,12,126,101,56,0,2,1.5361494656775965,-0.4523715392682303,-0.2067936485059295,-0.9406863716655389,305.92,5.726587127309465,-0.8660254037844385,-0.5000000000000004,0.9749279121818236,-0.22252093395631434
271,1,28,212,529,69,0,3,-0.9373369516178799,0.7341931805796582,-0.2067936485059295,-0.9629751667815765,547.98,6.308062010973451,-0.9659258262890683,-0.25881904510252063,0.7818314824680298,0.6234898018587336
326,0,37,238,167,55,2,3,-1.49949295554867,-0.15215636918623443,-0.2067936485059295,-0.915002849213296,142.1,4.963543686562405,-0.9659258262890683,-0.25881904510252063,0.43388373911755823,-0.900968867902419
358,0,2,226,231,26,1,2,1.7047962668568335,-0.7954745907905113,-0.2067936485059295,0.5497271286014528,11.46,2.522523513359307,-0.9659258262890683,-0.25881904510252063,0.7818314824680298,0.6234898018587336
54,0,15,118,390,61,1,1,0.8053466605675694,-0.9098422746312717,-0.2067936485059295,-0.533216531582636,56.89,4.058544658090914,-1.0,-1.8369701987210297e-16,-0.433883739117558,-0.9009688679024191
454,1,17,513,32,55,2,0,0.9739934617468065,-1.009913997991937,-0.2067936485059295,1.480267017740187,111.79,4.725527682651825,-0.9659258262890683,-0.25881904510252063,0.7818314824680298,0.6234898018587336
256,1,5,481,150,87,0,1,-1.0497681524040379,1.1058881530621294,-0.2067936485059295,-0.534165209161485,249.34,5.522819993899877,-0.9659258262890683,-0.25881904510252063,0.7818314824680298,0.6234898018587336
183,0,36,249,289,23,2,1,0.2431906566367793,-0.009196764385283997,-0.2067936485059295,-0.3033904141293822,868.05,6.767400661009489,-0.8660254037844385,-0.5000000000000004,0.43388373911755823,-0.900968867902419
214,1,41,469,333,2,2,0,-0.4313965480801688,2.3067488333901127,-0.2067936485059295,1.101667743975768,106.39,4.676467067870125,-1.0,-1.8369701987210297e-16,0.0,1.0
111,1,20,399,133,82,0,0,-0.3751809476870898,1.649134651305741,-0.2067936485059295,0.7073999061996035,215.9,5.379436417832829,-0.8660254037844385,-0.5000000000000004,0.9749279121818236,-0.22252093395631434
24,0,33,493,371,49,2,2,1.6485806664637546,0.8342649039403235,-0.2067936485059295,-0.1218571134264524,350.11,5.861099564682769,-0.9659258262890683,-0.25881904510252063,0.0,1.0
312,0,41,164,57,34,1,1,0.7491310601744904,1.5490629279450756,-0.2067936485059295,1.2330621526398033,314.54,5.754285456829308,-0.8660254037844385,-0.5000000000000004,-0.433883739117558,-0.9009688679024191
8,0,14,262,378,56,2,1,0.8053466605675694,0.21953860329623667,-0.2067936485059295,0.1733892970655333,425.18,6.054861792237774,-0.8660254037844385,-0.5000000000000004,0.0,1.0
198,1,1,350,545,67,2,3,-1.162199353190196,-0.8097705512706064,3.1124756489183207,-1.0222034156232267,136.05,4.920345822748795,-0.8660254037844385,-0.5000000000000004,0.0,1.0
217,0,33,388,213,53,1,3,-0.9373369516178799,-0.20934021110661458,-0.2067936485059295,-1.2480835471471603,88.6,4.4953553199808844,-0.9659258262890683,-0.25881904510252063,0.7818314824680298,0.6234898018587336
253,1,23,625,155,99,2,1,-0.9935525520109589,-0.29511597398718487,-0.2067936485059295,1.1881999591340733,389.63,5.9677608204087464,-0.8660254037844385,-0.5000000000000004,0.43388373911755823,-0.900968867902419
36,1,40,5,194,43,2,0,1.2550714637122016,0.6198254967388979,-0.2067936485059295,-1.0572788461060743,301.73,5.712841319144547,-0.8660254037844385,-0.5000000000000004,0.7818314824680298,0.6234898018587336
13,1,19,260,478,64,1,0,-0.3751809476870898,-0.38089173686775507,-0.2067936485059295,1.0337731972516602,85.77,4.463260939805398,-1.0,-1.8369701987210297e-16,-0.433883739117558,-0.9009688679024191
493,1,25,236,121,38,1,2,1.3112870641052805,2.078013465708592,-0.2067936485059295,0.6755704914324934,376.79,5.934338485685865,-0.9659258262890683,-0.25881904510252063,0.0,1.0
105,0,13,334,296,18,1,1,0.07454385545754227,0.8056729829801335,-0.2067936485059295,1.0936501364377662,149.02,5.010768618541491,-0.8660254037844385,-0.5000000000000004,-0.433883739117558,-0.9009688679024191
333,0,16,324,177,93,1,1,0.1869750562437003,0.5912335757787078,-0.2067936485059295,0.2494604189219367,541.52,6.296224951094514,-0.9659258262890683,-0.25881904510252063,0.9749279121818236,-0.22252093395631434
223,0,14,654,414,25,1,1,-0.20653414650785276,-0.9527301560715568,-0.2067936485059295,-1.2081160171496,185.99,5.231055139488869,-0.8660254037844385,-0.5000000000000004,0.0,1.0
95,1,7,311,522,61,1,3,-1.274630553976354,0.5626416548185177,-0.2067936485059295,-1.1481262622514141,185.07,5.22612294699955,-0.8660254037844385,-0.5000000000000004,0.7818314824680298,0.6234898018587336
76,1,16,533,495,55,1,0,-0.09410294572169475,0.5626416548185177,-0.2067936485059295,0.6222445555273572,157.56,5.066133070581678,-0.9659258262890683,-0.25881904510252063,0.7818314824680298,0.6234898018587336
463,1,16,219,91,90,0,0,-0.8249057508317219,-0.02349272486537904,-0.2067936485059295,0.23599688928265072,170.36,5.1437666066994385,-0.8660254037844385,-0.5000000000000004,0.0,1.0
61,1,30,426,253,83,0,3,-1.0497681524040379,-0.8097705512706064,-0.2067936485059295,-0.9447528652873078,4.39,1.6845453849209058,-0.8660254037844385,-0.5000000000000004,0.0,1.0
231,1,14,446,225,25,2,2,1.5361494656775965,0.4339780104976623,-0.2067936485059295,-0.3652800881787222,55.89,4.041119578762556,-0.8660254037844385,-0.5000000000000004,0.43388373911755823,-0.900968867902419
48,1,9,279,465,45,1,3,-1.218414953583275,0.23383456377633172,-0.2067936485059295,-1.1679792635839206,296.46,5.695279762164452,-0.8660254037844385,-0.5000000000000004,0.43388373911755823,-0.900968867902419
377,1,28,116,136,3,1,1,-0.6562589496524849,-0.20934021110661458,-0.2067936485059295,0.30652465728642897,124.72,4.834057211929367,-0.9659258262890683,-0.25881904510252063,0.0,1.0
237,1,7,595,36,14,1,2,1.8734430680360705,-1.3816089704744081,-0.2067936485059295,0.0022914497299417187,440.43,6.0900194570771955,-0.9659258262890683,-0.25881904510252063,0.43388373911755823,-0.900968867902419
216,1,34,309,436,66,0,1,-0.2627497469009318,0.17665072185595154,-0.2067936485059295,0.4587951006720535,494.96,6.206495278311642,-0.8660254037844385,-0.5000000000000004,-0.433883739117558,-0.9009688679024191
85,1,23,99,164,6,1,3,-1.0497681524040379,-0.9527301560715568,-0.2067936485059295,-1.0097526633991984,182.19,5.210523865597367,-0.8660254037844385,-0.5000000000000004,0.0,1.0
240,1,20,299,138,25,0,3,-1.274630553976354,-1.0670978399123172,-0.2067936485059295,-1.272479944884316,410.97,6.020950531164366,-0.9659258262890683,-0.25881904510252063,0.0,1.0
61,1,14,38,244,14,0,0,-0.5438277488663268,1.649134651305741,3.1124756489183207,1.805142936613736,445.41,6.1012378122498845,-0.8660254037844385,-0.5000000000000004,0.0,1.0
19,1,40,196,169,33,0,0,0.41183745781601633,0.2910184056967119,-0.2067936485059295,1.205781262264255,592.24,6.385599038873762,-0.8660254037844385,-0.5000000000000004,0.0,1.0
398,1,40,497,444,64,0,2,1.3675026644983594,-1.2672412866336478,-0.2067936485059295,-0.6419375461121813,128.4,4.8629083820668,-0.9659258262890683,-0.25881904510252063,0.0,1.0
194,1,37,635,99,70,0,2,0.5242686586021743,-0.695402867429846,-0.2067936485059295,0.6341209732171634,21.57,3.1166215908294443,-0.8660254037844385,-0.5000000000000004,0.43388373911755823,-0.900968867902419
302,1,37,518,548,95,2,3,-1.274630553976354,0.2910184056967119,-0.2067936485059295,-1.0837956664316304,9.18,2.3204250111223765,-1.0,-1.8369701987210297e-16,0.43388373911755823,-0.900968867902419
211,1,17,591,189,12,0,2,1.1426402629260435,0.8485608644204186,-0.2067936485059295,-0.6952839939649681,91.38,4.525910505002459,-0.8660254037844385,-0.5000000000000004,0.0,1.0
392,1,6,322,409,36,2,3,-1.387061754762512,2.5354842010716334,-0.2067936485059295,-0.8775070089076557,233.44,5.457199691608229,-0.8660254037844385,-0.5000000000000004,-0.433883739117558,-0.9009688679024191
